Ligand_Name,Best_Score,Second_Score,Third_Score
1-Octacosanol_4668,-9.623,-9.495,-9.205
2-4-chlorphenoxy-ethanol_4328,-6.931,-6.152,-5.987
2-benzhydryloxyethyldiethyl-methylammoniumiodide_4327,-12.546,-11.428,-11.242
2-mercaptobenzothiazole_5522,-6.353,-5.920,-5.587
4-dimethylaminophenol_4312,-6.295,-5.791,-5.220
5-aminolevulinicacidhexylester_167,-8.399,-8.164,-7.726
AMMONIAN-13_4472,-0.857,-0.739,-0.664
CholineC-11_4635,-3.928,-3.839,-3.836
DL-Alanine_4306,-3.746,-3.504,-3.191
FlorbetapirF-18_4285,-9.438,-9.291,-8.981
Flutemetamol18F_4301,-10.298,-10.090,-9.117
Iofetamine123I_1459,-8.112,-7.921,-7.824
IoflupaneI-123_4230,-11.608,-11.396,-11.140
N-Acetylglucosamine_4615,-7.525,-7.464,-7.429
N-Acetyltyrosine_4481,-9.235,-8.801,-8.073
PadimateA_4638,-9.046,-8.883,-8.693
PadimateO_4270,-10.380,-9.949,-9.946
S-nicardipine_5,-11.811,-11.678,-11.319
S-nitrendipine_6,-11.552,-10.981,-10.981
SpiramycinIII_2473,-16.786,-16.646,-15.199
SpiramycinII_2472,-16.649,-16.480,-14.630
SpiramycinI_2471,-16.869,-16.528,-16.018
StreptomycinB_2482,-17.051,-15.223,-15.152
UREAC-13_4323,-2.436,-2.415,-2.410
UREAC14_5147,-2.449,-2.404,-2.109
abacavir_34,-10.171,-9.876,-9.715
abaloparatide_5232,1217293996.652
abametapir_5403,-8.440,-8.438,-7.752
abarelix_35,-18.428,-18.199,-16.981
abemaciclib_5259,-16.586,-15.904
abirateroneacetate_4176,-14.748,-14.439,-14.120
abrocitinib_5504,-10.012,-9.893,-9.827
acadesine_37,-8.288,-8.258,-8.132
acalabrutinib_5260,-15.318,-15.218,-15.160
acamprosate_38,-6.075,-5.816,-5.522
acarbose_39,-15.899,-14.535,-14.327
acebutolol_40,-11.429,-10.502,-10.341
acecarbromal_42,-8.329,-7.860,-7.538
aceclidine_4314,-7.427,-6.778,-6.736
aceclofenac_43,-12.104,-10.970,-10.909
acedapsone_3662,-11.292,-11.235,-10.703
acediasulfone_44,-11.124,-10.074,-9.880
acefylline_49,-8.039,-7.539,-7.355
aceglatone_45,-8.677,-8.675,-8.575
aceglutamide_46,-6.854,-6.605,-6.405
acemetacin_47,-12.279,-12.114,-11.982
acenocoumarol_48,-12.001,-11.980,-11.903
acepromazine_73,-11.131,-10.855,-10.842
aceprometazine_50,-11.041,-10.633,-10.533
acetamidoeugenol_51,-10.406,-9.683,-9.682
acetaminosalol_53,-10.881,-10.581,-10.249
acetanilide_54,-6.493,-6.113,-5.723
acetazolamide_56,-6.743,-6.626,-6.117
aceticacid_4211,-2.747,-2.682,-2.556
acetohexamide_57,-11.546,-11.243,-10.894
acetohydroxamicacid_58,-3.382,-3.294,-3.160
acetophenazine_59,-13.156,-12.802,-12.162
acetoxolone_62,-18.278,-17.795,-17.748
acetrizoicacid_63,-8.221,-7.592,-7.534
acetylcarnitine_64,-6.667,-6.600,-6.277
acetylcholine_65,-5.298,-5.241,-4.754
acetylcysteine_66,-5.554,-5.369,-4.864
acetyldigitoxin_67,-17.511,-17.181,-17.156
acetyldigoxin_68,-15.737,-15.714,-15.601
acetyldihydrocodeine_69,-11.554,-11.550,-11.498
acetylleucine_71,-7.003,-6.822,-6.275
acetylmethadol_1729,-12.806,-12.617,-12.401
acetylpheneturide_72,-10.354,-9.684,-9.494
acetylsalicylicacid_74,-7.410,-7.379,-7.118
acexamicacid_3000,-6.942,-6.616,-6.333
acipimox_76,-6.042,-5.744,-5.098
acitazanolast_77,-8.803,-8.482,-8.181
acitretin_78,-12.606,-9.685
aclarubicin_80,-16.784,-16.363,-16.359
aclatonium_81,-7.435,-7.319,-6.904
aclidiniumbromide_4484,-16.422,-16.173,-13.852
acotiamide_4908,-12.948,-11.336,-11.277
acrivastine_82,-12.768,-12.207,-12.124
actarit_84,-7.864,-7.796,-7.083
actinoquinol_3664,-8.656,-8.566,-8.156
acyclovir_85,-7.604,-7.369,-7.335
adagrasib_5694,-14.466,-13.892,-13.868
adamexine_86,-13.638,-12.697,-12.687
adapalene_87,-16.455,-16.096,-15.501
adefovirdipivoxil_88,-14.588
ademetionine_2414,-12.056,-11.930,-11.834
adenine_89,-5.389,-5.129,-5.083
adenosine_90,-8.969,-8.644,-8.083
adenosinephosphate_92,-10.439,-10.357,-9.901
adenosinetriphosphate_91,-13.491,-13.266,-12.667
adicillin_3421,-11.074,-10.837,-9.964
adinazolam_93,-11.892,-11.792,-11.580
adiphenine_94,-12.236,-11.800,-11.787
adipicacid_3474,-5.858,-5.856,-5.282
adipiodone_1455,-12.061,-12.035,-10.267
adrafinil_95,-10.758,-10.534,-10.153
adrenalone_96,-7.711,-6.882,-6.428
afamelanotide_4836,-0.616
afatinib_4318,-13.961,-13.629,-13.127
afloqualone_98,-11.521,-11.506,-10.596
afoxolaner_5660,-19.193,-18.147
agomelatine_99,-10.154,-9.828,-9.655
ajmaline_100,-11.877,-11.744,-11.699
alacepril_101,-14.178,-13.768,-13.709
alanine_4255,-3.777,-3.616,-3.169
alanylglutamine_4319,-7.367,-7.249,-6.813
alatrofloxacin_102,-17.497
albendazole_103,-8.985,-8.931,-8.482
albendazolesulfoxide_104,-9.245,-9.223,-8.850
albiglutide_4927,723457753.942
albutoin_106,-7.773,-7.276,-7.236
alcaftadine_4165,-11.181,-11.028,-10.842
alclofenac_107,-8.501,-8.193,-7.813
alclometasonedipropionate_4493,-16.909,-15.915,-15.352
alcuronium_109,-15.200,-15.012,-14.951
aldesulfone_2533,-11.465,-11.440,-10.911
aldosterone_111,-14.291,-13.775,-12.711
alectinib_4937,-16.082,-14.204
alendronicacid_112,-7.046,-6.997,-6.741
alexidine_113,-10.852,-10.600,-10.474
alfacalcidol_130,-15.193,-14.925,-13.966
alfadoloneacetate_5045,-14.774,-13.742,-13.526
alfaxalone_133,-13.411,-13.018,-12.189
alfentanil_114,-13.684,-13.129,-12.993
alfuzosin_115,-12.472,-12.463,-12.189
algestoneacetophenide_797,-16.850,-16.675,-16.570
alibendol_117,-9.403,-9.003,-8.856
alimemazine_2749,-11.181,-10.232,-10.185
aliskiren_119,-13.438,-13.423,-13.219
alitretinoin_3862,-13.019,-12.041,-11.634
alizapride_120,-10.812,-10.615,-10.549
alkofanone_121,-12.812,-12.797,-12.715
allantoin_4268,-5.840,-5.803,-5.461
allobarbital_122,-8.982,-8.340,-7.706
alloclamide_123,-10.573,-10.230,-10.169
allomethadione_3666,-6.339,-6.173,-5.611
allopurinol_124,-5.589,-5.514,-5.414
allylestrenol_125,-13.091,-12.148,-11.956
almecillin_3422,-10.176,-10.082,-9.566
alminoprofen_126,-9.051,-8.727,-8.150
almitrine_127,-14.250,-12.131,-11.688
almotriptan_128,-11.191,-11.124,-10.781
alogliptin_4340,-11.414,-11.381,-11.060
alosetron_129,-10.776,-10.693,-10.108
alpelisib_5328,-14.103,-13.803,-13.797
alpha-Ergocryptine_885,-18.095,-16.961
alpha-tocopherolacetate_4195,-14.691,-11.927,-11.813
alphaprodine_132,-9.851,-9.596,-9.515
alpidem_134,-12.521,-12.427,-12.405
alpiropride_135,-11.535,-11.290,-11.112
alprazolam_136,-10.948,-10.835,-10.781
alprenolol_137,-9.786,-9.743,-9.329
alprostadil_138,-12.748,-12.711,-12.508
alsactide_139,503.070
altizide_140,-11.096,-10.853,-10.203
altrenogest_5671,-13.185,-12.912,-12.324
altretamine_141,-6.195,-6.167,-6.158
altropane_3292,-11.746,-11.561,-11.128
alverine_142,-12.129,-12.027,-11.684
alvimopan_143,-16.067,-15.373,-14.847
amanozine_3667,-7.988,-7.631,-7.154
amantadine_144,-8.031,-7.913,-7.102
ambazone_145,-7.683,-7.673,-7.212
ambenonium_146,-12.851,-12.785,-11.887
ambrisentan_4337,-13.403,-13.220,-12.945
ambroxol_147,-10.026,-9.288,-8.821
ambucetamide_148,-10.133,-9.719,-9.700
ambuside_3668,-10.734,-10.703,-10.111
ambutonium_149,-12.107,-11.810,-11.666
amcinonide_150,-17.152,-16.629,-16.287
amenamevir_5266,-16.182,-14.195,-13.373
ameziniummetilsulfate_153,-8.837,-8.708,-7.805
amfecloral_5113,-9.215,-8.797,-8.524
amfetamine_195,-6.876,-6.554,-5.956
amfetaminil_196,-11.181,-10.649,-10.574
amidefrine_155,-8.449,-8.366,-7.717
amifampridine_4336,-4.766,-4.648,-4.022
amifostine_156,-6.471,-6.339,-5.631
amikacin_157,-14.752,-13.807,-12.571
amiloride_158,-7.475,-7.339,-6.689
amiloxate_4500,-10.122,-9.505,-9.351
aminaphthone_159,-12.365,-12.177,-11.561
amineptine_161,-13.634,-13.477,-13.422
aminitrozole_162,-6.376,-6.118,-5.801
aminoacridine_160,-9.468,-9.425,-8.252
aminobenzoicacid_2049,-6.426,-6.396,-5.682
aminobutyricacid_1262,-4.430,-4.312,-3.690
aminocaproicacid_163,-5.461,-5.391,-4.933
aminodiphenylhydantoinvalericacid_5053,-13.219,-13.022,-12.992
aminoglutethimide_164,-10.256,-10.105,-9.026
aminohippuricacid_165,-8.048,-7.407,-6.926
aminohydroxybutyricacid_1263,-4.624,-4.561,-4.268
aminolevulinicacid_166,-5.078,-5.007,-4.561
aminomethylbenzoicacid_22,-6.999,-6.977,-6.103
aminometradine_169,-7.212,-7.096,-6.558
aminophenazone_171,-9.241,-8.293,-8.266
aminopicoline_172,-5.459,-5.333,-5.319
aminopromazine_173,-10.726,-10.717,-10.353
aminopropylone_3670,-10.872,-10.279,-9.934
aminopterin_21,-13.788,-13.772,-13.650
aminoquinuride_174,-13.132,-13.032,-13.006
aminorex_175,-7.581,-6.911,-6.510
aminosalicylicacid_2050,-6.732,-6.706,-5.655
aminosalicylicacidhydrazide_2051,-7.131,-6.846,-5.970
aminoxytriphene_3673,-13.655,-13.408,-13.331
amiodarone_176,-13.705,-13.616,-13.475
amiphenazole_177,-7.891,-7.492,-6.921
amisometradine_3671,-7.487,-7.120,-6.590
amisulpride_179,-11.405,-11.194,-11.143
amitraz_5535,-11.801,-11.616,-11.569
amitriptyline_180,-12.310,-11.328,-11.291
amitriptylinoxide_181,-12.702,-11.822,-11.713
amixetrine_3672,-11.233,-10.900,-9.975
amlexanox_182,-11.277,-10.838,-10.809
amlodipine_183,-12.798,-12.299,-12.242
amobarbital_184,-9.391,-9.383,-8.383
amocarzine_185,-12.313,-11.978,-11.420
amodiaquine_186,-13.012,-12.104,-12.070
amolanone_187,-11.474,-11.440,-11.349
amorolfine_188,-12.903,-11.995,-11.514
amoscanate_189,-9.933,-9.544,-9.379
amosulalol_190,-12.610,-12.537,-12.175
amoxapine_191,-10.645,-10.568,-10.565
amoxicillin_192,-11.716,-11.582,-11.172
amperozide_193,-14.913,-13.876,-13.422
amphenidone_194,-8.441,-8.325,-7.194
amphomycin_5550,-13.370,-12.464
amphotalide_3674,-12.685,-12.376,-12.366
amphotericinB_197,-10.789,-8.843,-8.240
ampicillin_198,-11.375,-11.275,-11.208
ampiroxicam_199,-14.250,-14.221,-13.802
amprenavir_200,-15.092,-14.712,-14.569
amprolium_5557,-9.969,-9.432,-8.954
amprotropine_3675,-11.250,-10.840,-10.823
amrinone_201,-8.029,-7.828,-7.148
amrubicin_202,-15.787,-14.874,-14.786
amsacrine_203,-12.851,-12.484,-12.122
amtolmetinguacil_204,-15.161
amylocaine_206,-9.630,-8.785,-8.690
anagestoneacetate_208,-14.549,-13.766,-13.289
anagliptin_4896,-12.647,-9.929,-9.870
anagrelide_209,-8.924,-8.756,-7.671
anamorelin_5487,-16.889,-16.257,-14.992
anastrozole_210,-10.533,-10.520,-10.441
anazolene_211,-18.538
ancitabine_212,-8.188,-7.907,-7.065
androisoxazole_213,-13.861,-13.330,-12.328
androstanolone_3927,-12.981,-12.535,-11.771
androstenediol_214,-12.989,-12.519,-11.725
androstenedione_215,-13.072,-12.515,-11.796
anecortave_217,-14.308,-13.822,-13.710
anetholetrithione_218,-7.844,-7.443,-7.080
angiotensinII_5272,-19.129,-18.858,-18.619
angiotensinamide_4338,-18.684,-18.523,-18.219
anhydrovinblastine_219,-17.339,-17.095,-17.086
anidulafungin_4357,-16.622,-14.850
anileridine_220,-14.198,-13.155
aniracetam_221,-9.001,-8.778,-7.737
anisindione_222,-10.787,-9.979,-9.752
antazoline_224,-10.382,-10.034,-9.856
antrafenine_3677,-15.244,-14.984,-14.597
apalcillin_227,-16.706,-15.629,-14.994
apalutamide_5278,-15.141,-14.304,-13.986
apatinib_5211,-14.473,-14.276,-13.766
apixaban_4298,-15.508,-14.684,-14.459
apomorphine_228,-11.612,-10.357,-9.892
apraclonidine_229,-8.344,-8.064,-7.332
apramycin_5563,-13.083,-13.004,-12.945
apremilast_4829,-13.996,-12.875,-12.174
aprepitant_230,-15.595,-15.458,-15.042
aprindine_231,-12.599,-12.187,-12.135
aprobarbital_232,-8.850,-8.815,-8.707
apronal_3678,-7.652,-7.244,-6.870
aranidipine_234,-12.400,-12.233,-12.174
arbekacin_235,-14.489,-13.754,-12.725
arbutamine_237,-12.429,-12.110,-11.367
arbutin_4267,-9.943,-9.597,-9.060
arformoterol_4943,-12.519,-11.994,-11.126
argatroban_239,-15.639,-14.501,-14.357
arginine_1549,-6.386,-6.127,-5.721
aripiprazole_242,-15.164,-15.112,-14.265
aripiprazolelauroxil_5052,-12.787,-12.687,-11.994
armodafinil_4501,-10.403,-10.001,-9.800
arotinolol_243,-11.112,-11.106,-8.375
artemether_245,-11.506,-10.551,-10.425
artemisinin_3871,-11.312,-10.214,-10.080
artemotil_246,-11.958,-11.047,-11.025
artenimol_4194,-11.338,-10.193,-10.118
arterolane_5090,-15.227,-13.718,-13.401
artesunate_247,-13.502,-13.325,-13.104
articaine_3070,-8.824,-8.729,-8.523
artisoneacetate_33,-14.900,-13.443,-13.106
asciminib_5495,-15.078,-13.881,-13.814
ascorbicacid_4072,-6.354,-6.288,-5.657
asenapine_4115,-10.199,-10.193,-10.009
asparagine_4126,-4.988,-4.887,-4.513
asparticacid_1550,-4.990,-4.977,-4.523
aspoxicillin_248,-14.575,-14.052
astemizole_249,-15.092,-14.631,-12.660
astromicin_250,-11.540,-11.271,-11.264
asulacrine_252,-14.036,-13.592,-13.505
asunaprevir_4889,-15.406,-14.594,-14.497
ataluren_4872,-11.164,-10.854,-10.583
atazanavir_254,-16.002,-15.589,-15.416
atenolol_255,-9.870,-9.291,-9.201
atipamezole_5574,-10.188,-9.144,-8.941
atogepant_5472,-19.717,-18.395
atomoxetine_256,-11.171,-10.391,-10.220
atorvastatin_257,-15.930,-13.777,-13.176
atosiban_3008,-16.635,-16.168,-16.064
atovaquone_258,-14.209,-13.823,-13.613
atracurium_259,-16.783,-16.566,-16.238
atrolactamide_3679,-7.685,-7.416,-6.767
atropine_260,-11.412,-10.884,-10.467
atropineoxyde_261,-11.861,-11.300,-10.878
avacopan_5494,-17.570,-16.313,-15.116
avanafil_4305,-13.537,-13.386,-12.857
avapritinib_5379,-17.122,-15.751,-15.361
avatrombopag_5285,-16.510,-13.557
avibactam_4946,-8.848,-8.581,-8.460
avilamycin_5585,-18.918,-18.775,-18.551
avobenzone_4242,-12.475,-12.123,-11.712
axitinib_4225,-13.966,-13.611,-13.155
azacitidine_25,-8.213,-8.017,-7.648
azacyclonol_3680,-12.110,-11.510,-10.552
azanidazole_264,-8.960,-8.660,-8.109
azaperone_5590,-12.871,-12.101,-10.750
azapetine_265,-10.458,-10.046,-9.864
azapropazone_266,-10.726,-10.452,-10.363
azaribine_27,-10.702,-10.591,-10.487
azasetron_267,-11.821,-11.130,-11.065
azatadine_268,-11.464,-11.303,-11.284
azathioprine_269,-8.443,-8.007,-7.988
azelaicacid_270,-7.403,-7.372,-6.999
azelastine_271,-13.391,-12.811,-12.780
azelnidipine_272,-14.314,-13.882,-13.407
azidamfenicol_3011,-10.518,-9.841,-9.789
azidocillin_273,-12.077,-12.027,-11.676
azilsartanmedoxomil_4322,-15.021,-14.119,-13.075
azimilide_274,-13.798,-13.137,-13.027
azintamide_275,-8.551,-8.399,-8.143
azithromycin_276,-16.171,-16.060,-16.001
azlocillin_277,-13.766,-13.394,-12.774
azosemide_278,-11.406,-11.241,-10.318
aztreonam_279,-11.581,-11.467,-11.213
bacampicillin_280,-13.786,-13.018,-12.390
baclofen_282,-8.492,-8.178,-7.409
bagrosin_3778,-12.591,-11.423,-11.367
baicalin_4055,-13.767,-13.607,-13.527
balofloxacin_283,-12.458,-11.992,-11.817
baloxavirmarboxil_5301,-16.157,-16.108,-15.367
balsalazide_284,-12.594,-12.386,-11.157
bambermycin_5603,7.433
bambuterol_285,-11.227,-11.098,-10.925
bamethan_286,-9.010,-8.590,-7.867
bamifylline_287,-12.237,-12.083,-11.839
bamipine_288,-12.046,-11.141,-10.886
barbital_289,-7.943,-7.587,-6.990
baricitinib_5202,-12.108,-11.682,-11.247
barnidipine_290,-15.086,-15.040,-14.715
bazedoxifene_4334,-16.783
beclabuvir_5215,-17.628,-17.006,-14.974
beclamide_291,-8.350,-7.375,-7.280
beclobrate_292,-12.883,-11.870,-11.658
beclometasonedipropionate_294,-17.048,-16.291,-15.769
bedaquiline_4741,-16.731,-16.487,-16.403
befunolol_295,-10.962,-10.672,-10.100
bekanamycin_1520,-12.652,-11.999,-11.898
belinostat_4876,-11.569,-11.071,-10.692
belotecan_296,-15.286,-15.194,-13.849
belumosudil_5467,-16.665,-16.310
belzutifan_5469,-12.132,-12.070,-11.848
bemegride_3013,-7.103,-6.913,-6.459
bemetizide_297,-12.068,-11.979,-11.891
bemotrizinol_3014,-14.490,-14.145,-13.121
bempedoicacid_5382,-12.361,-12.300,-10.224
benactyzine_298,-13.395,-12.074,-11.864
benazepril_299,-13.773,-13.605,-12.290
bencyclane_301,-12.723,-11.034,-10.808
bendamustine_302,-11.079,-10.878,-10.873
bendazac_303,-10.728,-10.588,-10.446
bendazol_304,-9.804,-9.456,-8.980
bendroflumethiazide_305,-13.614,-13.532,-13.356
benexate_3015,-15.191,-13.159,-12.796
benfluorex_307,-13.842,-13.801,-13.449
benfotiamine_308,-13.096,-13.056,-13.015
benidipine_3880,-16.119,-15.786,-15.770
benmoxin_3681,-10.154,-10.142,-9.972
benorilate_310,-11.701,-11.592,-11.496
benoxaprofen_311,-11.812,-11.242,-10.411
benperidol_312,-13.424,-12.793,-11.979
benproperine_5236,-12.836,-12.000,-11.859
benserazide_314,-9.464,-9.374,-8.786
bentazepam_315,-10.604,-10.586,-10.461
bentiromide_316,-14.153,-13.974,-13.960
benzalamide_3682,-8.294,-8.128,-7.585
benzalkonium_3017,-11.754,-11.094,-9.154
benzamidosalicylate_327,-10.721,-10.504,-9.663
benzarone_317,-11.415,-10.364,-10.274
benzatropine_333,-13.584,-13.282,-12.156
benzbromarone_318,-11.373,-11.141,-10.909
benzestrol_319,-12.674,-12.321,-11.468
benzethonium_3018,-15.270,-14.499,-13.796
benzilonium_320,-14.216,-13.302,-12.737
benziodarone_321,-10.973,-10.757,-10.598
benznidazole_322,-10.087,-9.394,-9.158
benzocaine_323,-7.367,-6.464,-6.334
benzoctamine_324,-11.910,-11.070,-10.738
benzoicacid_4664,-6.188,-6.059,-5.784
benzoin_4663,-9.567,-9.449,-8.901
benzomethamine_325,-13.012,-12.824,-12.734
benzoxoniumchloride_3019,-12.910,-12.863,-11.566
benzoylperoxide_328,-10.370,-10.355,-9.838
benzphetamine_329,-10.648,-10.404,-10.088
benzpiperylone_3685,-12.898,-12.823,-12.613
benzquercin_330,-17.529,-17.157,-17.037
benzquinamide_331,-12.130,-11.956,-11.936
benzthiazide_332,-12.963,-12.466,-12.213
benzydamine_3881,-12.606,-11.993,-11.168
benzylalcohol_334,-5.751,-5.697,-5.654
benzylbenzoate_335,-9.770,-9.365,-8.869
benzylhydrochlorothiazide_336,-11.948,-11.570,-11.388
benzylnicotinate_3379,-9.321,-8.635,-8.567
benzylpenicillin_2082,-11.573,-10.875,-10.850
benzylsulfamide_3686,-10.316,-9.982,-9.276
benzylthiouracil_339,-9.307,-8.217,-7.923
bephenium_340,-10.924,-10.810,-10.050
bepotastine_341,-13.645,-13.083,-12.403
bepridil_342,-13.441,-13.334,-13.242
beraprost_343,-14.840,-13.554,-13.046
bergapten_3021,-9.135,-8.310,-7.884
bermoprofen_3022,-11.867,-11.535,-11.322
berotralstat_5430,-16.222,-14.607,-13.680
besifloxacin_4111,-12.228,-11.843,-11.819
beta-Ergocryptine_3183,-17.803,-16.761,-15.276
beta-aminopropionitrile_5607,-3.332,-3.175,-3.155
betacarotene_345,-12.450,-12.318,-12.276
betadex_2971,-14.737,-14.723,-14.716
betahistine_346,-6.199,-6.112,-5.770
betaine_347,-4.410,-4.222,-3.786
betamethasone_348,-14.270,-13.993,-13.582
betamethasoneacetate_349,-15.290,-14.617,-14.322
betamethasoneacibutate_350,-16.464,-16.324,-15.858
betamethasonebenzoate_351,-17.112,-16.889,-16.290
betamethasonebutyratepropionate_352,-16.038,-15.751,-15.606
betamethasonedipropionate_353,-16.946,-16.200,-15.985
betamethasonephosphate_4667,-15.748,-15.088,-14.920
betamethasonevalerate_354,-16.767,-16.179,-16.142
betamipron_355,-8.428,-7.545,-7.462
betanaphthol_3370,-7.617,-7.608,-6.862
betanidine_359,-7.991,-6.895,-6.842
betaxolol_356,-10.215,-9.612,-9.558
betazole_357,-4.765,-4.670,-4.485
bethanechol_358,-5.659,-5.569,-5.421
betiatide_4666,-11.069,-9.402,-8.925
betoxycaine_3023,-11.141,-10.928,-10.927
betrixaban_5241,-14.601,-14.427,-13.867
bevantolol_360,-12.077,-10.542,-9.408
bevonium_3024,-13.073,-12.867,-12.688
bexarotene_361,-14.266,-13.802,-13.475
bezafibrate_362,-12.852,-12.439,-12.255
bezitramide_363,-16.769,-15.386
bialamicol_364,-14.354,-11.511,-11.362
biapenem_365,-10.313,-10.135,-10.123
bibenzonium_366,-12.686,-11.045,-11.031
bicalutamide_367,-14.991,-14.430,-14.272
bictegravir_5274,-15.554,-15.017,-14.213
bidisomide_368,-12.942,-12.704,-12.667
bietamiverine_3025,-11.547,-11.349,-10.952
bietaserpine_3687,-16.459,-15.897,-15.341
bifemelane_369,-11.838,-10.498,-10.431
bifluranol_3026,-11.928,-11.375,-11.125
bifonazole_370,-13.428,-12.970,-12.657
bilastine_4353,-17.082,-15.153
bimatoprost_371,-12.989,-12.767,-12.294
binifibrate_372,-14.495,-14.271,-14.249
binimetinib_5290,-11.658,-11.609,-11.226
bioallethrin_4354,-11.521,-11.506,-11.396
biotin_373,-8.255,-8.186,-7.931
biperiden_374,-13.498,-12.129,-12.088
biphenylol_4768,-8.809,-8.786,-7.567
biriperone_3883,-14.616,-14.495,-13.548
bisacodyl_375,-12.721,-12.689,-12.491
bisantrene_376,-13.080,-12.992,-12.224
bisaramil_377,-10.388,-10.329,-10.188
bisbentiamine_378,-14.752,-13.889,-13.712
bisdequaliniumchloride_3030,-12.121,-12.083,-12.057
bisoctrizole_3031,-16.643,-15.979,-15.638
bisoprolol_380,-10.915,-10.905,-10.817
bisorcic_381,-7.882,-7.498,-7.201
bisoxatin_4356,-12.260,-12.151,-11.950
bisoxatinacetate_382,-14.524,-14.212,-13.846
bisulepine_383,-10.467,-10.258,-9.767
bithionol_3032,-10.331,-10.114,-9.192
bitolterol_384,-16.243,-15.448,-15.206
bitoscanate_3033,-6.204,-6.203,-6.096
bivalirudin_385,316.608
blonanserin_388,-13.344,-12.920,-12.910
boceprevir_4172,-15.375,-15.092,-13.908
bolandioldipropionate_3034,-13.268,-13.190,-11.980
boldenoneundecylenate_5631,-13.971,-12.516,-11.994
bopindolol_389,-12.969,-12.801,-12.728
bornaprine_390,-13.799,-12.515,-12.293
bosentan_392,-16.173,-15.851,-15.846
bosutinib_4359,-14.735,-14.573,-12.124
brallobarbital_393,-8.847,-8.681,-7.881
bremelanotide_5329,-20.061,-18.440,-18.232
bretylium_394,-7.930,-7.909,-7.141
brexanolone_5324,-13.518,-13.115,-12.073
brexpiprazole_5014,-14.544,-12.759
brigatinib_5233,-13.666,-13.279,-12.961
brilliantBlueG_5359,-17.477,-16.007,-14.812
brilliantgreen_4665,-14.470,-14.455,-13.761
brimonidine_395,-9.082,-8.708,-7.960
brinzolamide_396,-10.247,-10.123,-9.880
brivaracetam_5068,-8.228,-8.065,-7.687
brivudine_397,-9.545,-9.505,-8.558
brodimoprim_398,-9.772,-9.543,-9.475
bromazepam_399,-9.029,-8.930,-8.850
bromazine_404,-11.420,-10.409,-10.101
bromebricacid_400,-8.923,-8.661,-7.760
bromfenac_401,-10.800,-10.538,-10.318
bromhexine_402,-9.471,-9.044,-8.997
bromindione_3037,-10.403,-9.935,-9.489
bromisoval_3038,-6.624,-6.329,-5.719
bromochlorosalicylanilide_3040,-10.027,-9.798,-9.394
bromocriptine_403,-17.337,-14.925
bromoform_405,-3.339,-3.140,-2.847
bromopride_406,-10.047,-10.032,-9.263
bromperidol_407,-13.639,-13.277,-12.833
brompheniramine_408,-9.265,-9.076,-9.065
bropirimine_3689,-8.667,-7.599,-7.497
brotizolam_409,-10.649,-10.506,-10.279
brovanexine_410,-14.373,-14.330,-14.270
brovincamine_411,-12.648,-12.484,-12.384
broxuridine_3042,-8.570,-8.502,-7.881
broxyquinoline_412,-7.290,-7.289,-6.643
bucetin_413,-8.825,-8.318,-8.073
bucillamine_414,-7.049,-6.663,-5.944
bucladesine_415,-14.535,-13.239,-12.756
buclizine_416,-16.412,-15.406,-14.998
buclosamide_3043,-8.691,-8.509,-7.740
bucloxicacid_417,-11.190,-11.069,-10.521
bucolome_3044,-10.065,-9.753,-9.627
bucricaine_3884,-10.949,-10.200,-9.906
bucumolol_418,-11.531,-10.975,-10.653
budesonide_419,-15.254,-14.989,-14.286
budipine_420,-12.304,-12.145,-11.792
budralazine_421,-9.880,-9.715,-9.149
bufeniode_3045,-12.985,-12.260,-11.398
bufetolol_3046,-11.635,-11.609,-10.918
bufexamac_3047,-8.902,-8.849,-8.217
buflomedil_422,-10.931,-10.050,-10.040
bufogenin_3523,-15.372,-14.575,-14.020
buformin_423,-6.343,-5.970,-5.613
bufuralol_424,-10.500,-10.498,-9.928
bulaquine_425,-13.168,-12.980,-11.844
bumadizone_426,-12.177,-12.101,-11.872
bumetanide_427,-11.546,-11.496,-11.194
bunaftine_428,-12.906,-12.283,-12.166
bunamidine_5641,-10.956,-10.751,-10.438
bunamiodyl_3048,-10.579,-10.327,-10.301
bunazosin_429,-12.843,-12.135,-11.873
bunitrolol_430,-9.783,-9.274,-8.978
buphenine_1976,-12.353,-12.249,-11.694
bupivacaine_432,-10.695,-10.438,-10.373
bupranolol_433,-9.698,-9.522,-8.970
buprenorphine_434,-16.083,-15.221,-15.128
bupropion_435,-9.524,-8.851,-8.700
buramate_3049,-8.379,-7.523,-7.488
buserelin_436,-20.006
buspirone_437,-13.653,-13.025,-12.546
busulfan_438,-7.124,-7.083,-6.772
butacaine_3050,-11.844,-10.654,-10.374
butacetin_3690,-8.382,-8.076,-7.851
butalamine_440,-12.352,-11.588,-11.036
butalbital_441,-9.089,-9.071,-8.358
butamben_3051,-8.550,-7.987,-7.470
butamirate_442,-11.693,-11.259,-11.070
butamisole_5654,-10.324,-9.849,-9.407
butanilicaine_3691,-9.866,-9.518,-9.452
butaperazine_443,-14.123,-13.543,-13.338
butaverine_3692,-11.478,-10.830,-10.671
butazolamide_3693,-7.962,-7.953,-7.176
butazopyridine_1898,-10.724,-10.263,-9.766
butedronicacid_3052,-8.482,-8.436,-8.434
butenafine_444,-13.756,-13.553,-13.494
butetamate_445,-10.539,-10.123,-9.428
butethamine_3053,-9.427,-9.311,-9.285
buthalital_3054,-9.097,-8.761,-8.478
butibufen_447,-9.233,-9.183,-8.772
butidrine_3694,-10.637,-9.984,-9.938
butinoline_448,-12.688,-11.797,-11.570
butizide_446,-10.554,-10.006,-9.944
butobarbital_449,-8.464,-8.456,-8.336
butobendine_3695,-12.444,-12.200,-12.193
butoconazole_450,-13.066,-12.071,-11.746
butoctamide_451,-8.416,-8.275,-7.950
butofilolol_453,-10.708,-10.621,-10.571
butorphanol_454,-14.335,-12.978,-12.684
butoxycaine_3055,-10.805,-10.574,-10.551
butriptyline_455,-12.846,-11.862,-11.767
butropium_456,-15.815,-15.406,-13.533
butylphthalide_5257,-8.603,-8.517,-8.119
buzepidemetiodide_459,-13.788,-13.247,-13.129
cabazitaxel_4153,-22.301,-19.370
cabergoline_460,-14.281,-13.660,-13.201
cabotegravir_5440,-13.910,-13.584,-13.370
cabozantinib_4715,-17.352,-16.545,-15.357
cadralazine_461,-9.693,-9.679,-9.122
cafaminol_3059,-8.614,-8.011,-7.987
cafedrine_462,-12.179,-11.542,-11.466
caffeine_463,-6.747,-6.514,-6.507
calcifediol_464,-15.362,-15.264,-14.818
calcipotriene_465,-15.382,-14.902,-14.417
calcitoninhuman_4427,175875730.635
calcitoninporknatural_4429,655564877.026
calcitoninsalmonsynthetic_2989,412866483.551
calcitriol_466,-15.464,-15.190,-14.991
calciumpantothenate_2055,-8.109,-7.501,-7.118
calusterone_468,-13.513,-13.402,-12.267
camazepam_469,-12.231,-12.007,-12.001
cambendazole_5655,-10.191,-10.171,-9.658
camostat_471,-13.437,-12.586,-12.193
camphor_470,-8.307,-8.136,-7.497
camylofin_472,-11.577,-11.550,-11.077
canagliflozin_4758,-15.480,-14.131,-14.090
candesartancilexetil_475,-14.222,-14.057,-13.991
candicidin_4424,-8.844,-7.129,-6.316
canfosfamide_3062,-15.052,-15.009,-14.579
cangrelor_5006,-13.765,-13.460,-13.312
cannabidiol_5288,-12.439,-12.321,-12.087
canrenone_478,-14.285,-14.285,-13.098
capecitabine_480,-11.871,-11.757,-11.511
capmatinib_5392,-14.062,-13.469,-13.395
capobenicacid_481,-11.083,-10.248,-10.054
capromorelin_5656,-17.273,-16.880,-16.656
capsaicin_3064,-11.661,-11.024,-10.920
captodiame_483,-12.305,-11.714,-11.610
captopril_484,-7.796,-7.742,-6.838
capuride_485,-7.864,-7.346,-6.951
caramiphen_486,-11.221,-10.812,-10.664
carazolol_487,-11.796,-11.304,-10.864
carbachol_488,-5.150,-5.031,-4.851
carbadox_5657,-9.457,-9.006,-8.726
carbamazepine_489,-10.157,-10.064,-9.700
carbamide_4264,-2.427,-2.395,-2.142
carbaryl_3066,-9.164,-8.329,-8.031
carbazochrome_491,-8.556,-8.164,-7.788
carbenicillin_492,-12.485,-11.820,-11.545
carbenoxolone_493,-18.737,-17.953,-17.743
carbetocin_495,-17.775,-16.917,-16.871
carbidopa_496,-9.298,-9.202,-7.906
carbifene_3700,-16.232,-16.043,-15.784
carbimazole_497,-6.077,-6.024,-5.657
carbinoxamine_499,-10.938,-9.674,-9.358
carbocisteine_4160,-5.705,-5.673,-5.162
carbocloral_3701,-7.030,-6.663,-6.256
carbocromen_3098,-12.403,-12.222,-12.200
carbocysteine-lysine_3892,-9.523,-9.225,-8.850
carbomycin_5658,-18.757,-18.261,-17.519
carbondioxide_4256,-1.944,-1.820,-1.627
carbontetrachloride_3067,-3.989,-3.752,-3.444
carboprost_502,-12.944,-12.875,-12.555
carboquone_503,-9.710,-9.694,-9.686
carbromal_504,-7.103,-6.945,-6.222
carbubarb_3702,-9.771,-9.041,-8.778
carbutamide_505,-9.764,-9.694,-8.758
carbuterol_506,-9.743,-9.167,-9.060
carfecillin_507,-14.987,-14.136,-14.045
carfenazine_516,-13.207,-13.092,-12.821
carfilzomib_4483,-15.844,-15.536,-15.475
carfimate_3703,-8.405,-7.241,-7.154
carglumicacid_3068,-6.809,-6.529,-6.118
cargutocin_3069,-17.380,-17.231,-16.042
carindacillin_508,-17.008,-16.147,-15.059
cariprazine_5037,-13.110,-12.398,-10.410
carisbamate_4400,-8.227,-7.778,-7.229
carisoprodol_509,-9.089,-8.771,-8.466
carmofur_511,-9.433,-9.225,-8.790
carmustine_512,-6.411,-6.352,-5.664
carnidazole_5659,-7.979,-7.544,-7.303
carotegrastmethyl_5688,-15.644,-13.270,-13.160
caroverine_514,-12.415,-11.943,-11.551
caroxazone_3704,-8.626,-8.279,-7.582
carperitide_515,814.060
carpipramine_517,-16.190,-16.124,-15.686
carprofen_518,-10.589,-10.329,-9.992
carpronium_519,-5.870,-5.751,-5.242
carsalam_3705,-7.397,-6.877,-6.626
carteolol_520,-11.053,-10.938,-10.168
carubicin_510,-16.356,-15.485,-14.811
carumonam_521,-11.761,-11.696,-11.613
carvedilol_522,-14.873,-14.096,-13.905
casopitant_4401,-19.112
caspofungin_2977,-16.798,-15.878,-15.222
castoroil_5661,-11.099
cathine_3389,-7.035,-6.045,-6.001
cefacetrile_524,-10.345,-9.885,-9.765
cefaclor_525,-10.994,-10.837,-10.745
cefadroxil_526,-11.595,-11.327,-11.230
cefalexin_571,-11.289,-11.048,-11.037
cefalexinpivoxil_2217,-15.282,-14.733,-14.313
cefaloglycin_572,-12.472,-12.226,-12.129
cefaloridine_573,-13.134,-12.537,-12.472
cefalotin_574,-11.979,-11.457,-11.329
cefamandole_527,-13.390,-13.047,-13.043
cefamandolenafate_528,-14.149,-13.370,-12.471
cefapirin_575,-12.792,-12.009,-11.749
cefathiamidine_5168,-13.044,-12.379,-12.175
cefatrizine_529,-13.145,-12.263,-10.764
cefazedone_3071,-13.540,-12.562,-12.183
cefazolin_530,-12.489,-12.241,-12.097
cefbuperazone_3072,-13.831,-13.774,-13.290
cefcapene_4159,-13.085,-12.950,-11.944
cefcapenepivoxil_532,-16.250,-13.820
cefdinir_533,-11.334,-11.153,-11.029
cefditorenpivoxil_534,-12.428,-12.190,-11.078
cefepime_535,-13.476,-12.645,-12.634
cefetamet_3074,-10.848,-10.582,-10.369
cefetametpivoxil_536,-14.312,-13.267,-11.937
cefiderocol_5352,-14.940,-14.860,-14.578
cefixime_537,-12.246,-11.748,-11.615
cefmenoxime_538,-12.584,-10.771,-10.534
cefmetazole_539,-12.362,-11.925,-11.651
cefminox_540,-12.609,-12.530,-12.266
cefodizime_541,-11.959,-11.851,-11.720
cefonicid_542,-14.794,-14.443
cefoperazone_543,-13.966,-13.826,-13.398
ceforanide_544,-14.784,-13.915,-12.289
cefoselis_545,-13.756,-12.488,-11.041
cefotaxime_546,-12.508,-12.477,-11.982
cefotetan_547,-13.903,-13.540,-13.445
cefotiam_548,-13.900,-12.930,-11.137
cefotiamhexetil_549,-13.783,-13.694,-13.643
cefovecin_5662,-12.773,-12.697,-12.147
cefoxitin_550,-11.751,-11.681,-11.367
cefozopran_551,-13.785,-12.270,-11.145
cefpimizole_3075,-16.471,-14.256,-14.205
cefpiramide_552,-17.359
cefpirome_553,-13.912,-12.463,-12.322
cefpodoximeproxetil_555,-13.275,-11.552,-11.352
cefprozil_556,-12.685,-12.404,-9.908
cefradine_576,-11.062,-11.023,-10.733
cefroxadine_557,-11.412,-11.243,-11.149
cefsulodin_558,-15.456,-15.401,-14.099
ceftarolinefosamil_4169,-13.249,-13.103,-12.913
ceftazidime_559,-15.761,-13.189
cefteram_3076,-13.802,-13.345,-13.196
cefterampivoxil_560,-16.527
ceftezole_561,-11.916,-11.730,-11.266
ceftibuten_562,-11.722,-11.295,-11.144
ceftiofur_5663,-13.725,-13.423,-12.285
ceftizoxime_563,-10.716,-10.107,-9.875
ceftobiprolemedocaril_4402,-13.941,-13.769,-12.894
ceftolozane_4922,-13.408,-13.263,-13.034
ceftriaxone_564,-14.111,-11.673,-11.490
cefuroxime_565,-12.131,-11.984,-11.913
cefuroximeaxetil_566,-14.508,-14.110
cefuroximepivoxetil_567,-13.653,-12.853,-12.789
cefuzonam_3077,-12.700,-12.467,-12.265
celecoxib_568,-12.801,-12.459,-12.287
celiprolol_569,-12.590,-12.483,-11.689
cenobamate_5355,-10.051,-8.919,-8.779
cepharanthine_5375,-13.939,-13.550,-13.517
ceritinib_4866,-17.486,-16.087,-14.784
cerivastatin_577,-13.935,-13.852,-13.743
cerulenin_578,-9.077,-8.779,-8.475
ceruletide_579,-14.511,-12.724,-12.038
cetalkoniumchloride_3078,-9.657,-9.352,-9.227
cetamolol_3079,-10.008,-9.967,-9.949
cethexonium_3080,-10.978,-10.009,-9.906
cetiedil_580,-12.607,-12.404,-11.999
cetilistat_4886,-10.397,-9.892,-9.869
cetirizine_581,-13.100,-10.740
cetotiamine_3081,-11.807,-11.757,-11.288
cetoxime_3706,-10.104,-9.972,-9.564
cetraxate_582,-11.863,-11.745,-10.490
cetrimonium_3082,-10.050,-9.309,-8.137
cetrorelix_583,-16.708,-16.160,-14.795
cetylalcohol_4750,-9.360,-8.736,-7.417
cetylpyridinium_3083,-9.750,-8.981,-8.845
cevimeline_584,-8.142,-7.631,-7.029
chenodiol_4361,-15.277,-14.200,-13.848
chloralhydrate_586,-4.530,-4.475,-3.982
chloralodol_596,-8.070,-8.027,-7.263
chloralose_3086,-8.802,-8.616,-7.630
chlorambucil_588,-9.876,-9.566,-9.540
chloramphenicol_589,-10.155,-9.975,-9.475
chloramphenicolpalmitate_5150,-12.140,-11.837,-10.745
chloramphenicolsuccinate_4653,-12.088,-11.347,-11.194
chlorazanil_591,-8.389,-7.532,-7.429
chlorbenzoxamine_3090,-16.170,-15.588,-15.462
chlorbetamide_592,-10.006,-9.450,-8.935
chlorcyclizine_593,-10.804,-10.684,-10.368
chlordiazepoxide_594,-10.242,-10.219,-10.154
chlorfenethazine_615,-9.720,-9.549,-9.332
chlorhexidine_597,-10.761,-10.740,-9.353
chlorisondamine_598,-10.433,-9.267,-9.233
chlormadinone_600,-14.436,-13.762,-13.580
chlormezanone_603,-9.689,-9.269,-8.538
chlormidazole_3091,-10.517,-9.535,-9.404
chlornaphazine_604,-9.720,-9.107,-9.099
chlorobutanol_3092,-5.356,-5.051,-4.667
chloroform_4363,-3.332,-3.045,-2.829
chloroprednisone_3093,-13.947,-13.192,-13.040
chloroprocaine_605,-9.473,-9.201,-8.488
chloropyramine_606,-11.509,-9.875,-9.853
chloropyrilene_608,-10.294,-9.248,-9.005
chloroquine_607,-11.673,-11.193,-10.887
chlorothiazide_609,-9.059,-8.938,-7.681
chlorotrianisene_610,-12.344,-12.319,-12.084
chloroxine_611,-7.608,-7.474,-6.818
chloroxylenol_3094,-6.734,-6.672,-6.475
chlorozotocin_612,-9.394,-9.165,-8.810
chlorphenamine_616,-9.635,-9.296,-9.098
chlorphenesincarbamate_614,-8.881,-8.007,-7.864
chlorphenoxamine_617,-11.840,-10.922,-10.803
chlorphentermine_618,-8.174,-7.728,-7.071
chlorproethazine_619,-11.144,-10.933,-10.916
chlorproguanil_620,-9.675,-9.044,-8.556
chlorpromazine_621,-10.067,-9.949,-9.907
chlorpropamide_622,-9.490,-9.439,-8.773
chlorprothixene_623,-10.757,-10.538,-10.446
chlorquinaldol_3095,-8.165,-8.109,-7.497
chlortalidone_625,-11.785,-11.741,-10.906
chlortetracycline_624,-14.266,-14.208,-14.126
chlorthenoxazine_3707,-8.615,-8.180,-7.370
chlorzoxazone_626,-6.800,-6.433,-6.243
cholicacid_3096,-15.271,-14.549,-14.214
choline_3097,-3.935,-3.819,-3.469
cholinealfoscerate_627,-7.509,-7.489,-6.669
cholinefenofibrate_4505,-11.751,-11.543,-10.908
chromocarb_628,-8.283,-8.182,-7.529
cianidanol_629,-10.593,-10.309,-9.814
cibenzoline_630,-11.921,-10.652,-10.592
cicaprost_631,-12.550,-12.534,-11.905
ciclesonide_633,-18.221,-17.159,-16.052
cicletanine_634,-10.258,-9.891,-9.450
ciclobendazole_3120,-10.115,-9.722,-9.333
ciclonicate_3908,-9.946,-9.917,-9.423
ciclonium_635,-14.124,-12.769,-12.534
ciclopirox_636,-9.411,-9.062,-8.220
cicloprolol_637,-11.390,-11.082,-10.988
ciclosidomine_3709,-10.418,-9.995,-9.680
ciclosporin_760,-18.484
cicrotoicacid_3710,-7.787,-7.528,-6.928
cidofovir_639,-8.738,-8.195,-8.137
cilastatin_640,-12.361,-11.455
cilazapril_641,-14.778,-14.520,-14.440
cilnidipine_642,-14.693,-14.681,-14.077
cilostazol_644,-14.056,-13.630,-12.237
cimetidine_645,-8.368,-8.171,-7.664
cimetropium_646,-13.899,-13.100,-12.961
cinacalcet_647,-14.477,-14.323,-14.308
cinalukast_648,-13.632,-11.676,-11.088
cinameticacid_649,-8.782,-8.490,-8.371
cinchocaine_859,-12.195,-12.167,-12.125
cinchophen_3101,-10.549,-10.509,-10.123
cineole_4259,-7.573,-7.522,-6.848
cinepazet_650,-12.796,-12.483,-11.735
cinepazide_651,-13.604,-13.392,-13.223
cinitapride_652,-14.202,-13.990,-13.781
cinmetacin_3711,-12.461,-12.419,-12.333
cinnamaverine_653,-12.150,-11.894,-11.818
cinnarizine_654,-14.285,-14.201,-13.608
cinnoxicam_655,-15.278,-15.113,-14.495
cinolazepam_656,-11.952,-11.606,-11.584
cinoxacin_657,-9.559,-9.312,-8.453
cinromide_3102,-8.325,-7.923,-7.882
cioteronel_3712,-10.621,-10.229,-9.690
ciprofibrate_658,-10.070,-9.663,-9.286
ciprofloxacin_659,-10.664,-10.571,-10.482
ciramadol_3713,-10.064,-9.971,-9.261
cisapride_660,-14.835,-14.415,-13.206
cisatracurium_661,-16.152,-16.017,-15.461
citalopram_663,-11.793,-11.548,-11.428
citicoline_664,-12.195,-11.555,-10.736
citiolone_665,-5.799,-5.517,-5.052
citricacid_666,-6.977,-6.977,-6.858
citrulline_3103,-6.425,-6.164,-5.724
cladribine_667,-9.037,-8.875,-8.516
clanobutin_3104,-11.480,-11.183,-11.170
clarithromycin_668,-17.860,-16.421,-15.746
clascoterone_5410,-15.203,-13.844,-13.786
clavulanicacid_669,-7.382,-7.334,-6.553
clazosentan_5518,-15.728,-15.211,-14.134
clebopride_670,-13.117,-12.666,-12.429
clefamide_4393,-12.938,-12.416,-12.089
clemastine_671,-12.385,-12.270,-12.209
clemizole_672,-11.418,-10.940,-10.882
clenbuterol_673,-9.304,-8.552,-8.277
clevidipine_674,-13.863,-13.842,-12.866
clevudine_4394,-9.117,-9.105,-8.426
clidanac_675,-11.162,-11.013,-10.190
clidinium_676,-14.221,-12.915,-12.701
climbazole_5064,-11.065,-10.878,-9.835
clinafloxacin_677,-11.261,-11.184,-10.683
clindamycin_678,-12.109,-11.675,-11.616
clindamycinpalmitate_679,-13.497,-12.437,-12.010
clindamycinphosphate_3909,-13.289,-13.078,-12.897
clinofibrate_680,-16.513,-16.365,-16.198
clioquinol_681,-7.671,-7.365,-6.919
clobazam_682,-10.054,-10.035,-9.731
clobenoside_683,-14.976,-14.474,-13.378
clobenzepam_3714,-10.587,-10.524,-10.478
clobenzorex_684,-10.765,-10.397,-10.047
clobenztropine_3715,-12.556,-12.458,-12.391
clobetasolpropionate_4452,-15.708,-15.154,-15.048
clobetasonebutyrate_3911,-16.249,-15.810,-15.723
clobutinol_686,-9.900,-9.097,-8.998
clobuzarit_3716,-11.491,-11.388,-10.636
clocapramine_687,-16.585,-16.118,-15.561
clocinizine_688,-15.642,-14.460,-12.883
clocortolonepivalate_4606,-16.704,-16.694,-16.404
clodantoin_4395,-10.508,-10.120,-9.925
clodronicacid_690,-6.280,-6.277,-5.358
clofarabine_691,-9.102,-9.077,-8.905
clofazimine_692,-14.786,-14.771,-14.670
clofedanol_585,-11.860,-10.349,-10.259
clofenamide_693,-8.341,-8.267,-7.182
clofenotane_4396,-11.195,-11.194,-10.044
clofibrate_694,-9.344,-8.668,-8.346
clofibricacid_695,-8.476,-8.292,-7.339
clofibride_696,-11.466,-10.995,-10.238
clofoctol_3109,-12.987,-12.524,-12.292
cloforex_697,-9.927,-9.241,-9.120
clomacran_3717,-10.972,-10.597,-10.488
clometacin_698,-11.926,-11.524,-11.421
clomethiazole_602,-5.501,-5.216,-4.942
clometocillin_699,-12.686,-12.073,-11.702
clomifene_700,-14.936,-14.450,-12.291
clomipramine_701,-11.243,-11.168,-11.099
clomocycline_702,-14.740,-14.722,-14.592
clonazepam_703,-10.457,-10.419,-10.234
clonidine_704,-8.152,-7.976,-7.900
clonitrate_3110,-6.361,-6.250,-6.116
clonixin_705,-10.237,-8.879,-8.681
clopamide_706,-11.278,-11.183,-10.511
clopenthixol_4397,-13.033,-12.301,-12.044
cloperastine_707,-13.012,-11.715,-11.592
clopidogrel_708,-11.358,-10.213,-9.979
clopidol_5664,-6.348,-6.320,-5.757
clopirac_3718,-9.866,-9.591,-9.174
cloprednol_709,-13.998,-13.084,-12.970
cloprostenol_5665,-14.387,-13.921,-13.463
cloranolol_710,-9.492,-9.330,-8.797
clorazepate_711,-10.749,-10.697,-10.626
clorexolone_712,-11.027,-10.907,-10.313
cloricromen_713,-12.714,-12.576,-12.533
cloridarol_3106,-10.486,-10.333,-9.666
clorindione_3111,-10.493,-10.305,-9.832
clorotepine_3912,-11.481,-11.129,-11.100
clorprenaline_714,-8.353,-7.728,-7.411
clorsulon_5666,-9.906,-9.765,-9.641
clortermine_715,-7.864,-7.699,-6.916
clostebol_3112,-12.929,-12.887,-11.936
clostebolacetate_716,-13.797,-12.775,-12.453
clotiapine_717,-11.159,-11.035,-10.945
clotiazepam_718,-10.487,-10.143,-10.106
clotrimazole_719,-12.734,-12.720,-12.488
cloxacillin_720,-13.608,-12.774,-12.674
cloxazolam_721,-10.916,-10.861,-10.799
cloxiquine_3114,-7.393,-7.102,-6.464
cloxotestosterone_3113,-14.695,-13.719,-13.710
clozapine_722,-11.110,-10.981,-10.979
cobicistat_4299,-15.655,-15.193,-14.976
cobimetinib_5046,-14.463,-13.871,-13.683
cocaine_723,-12.168,-11.084,-10.872
codeine_725,-10.427,-10.168,-10.126
colchicine_726,-12.597,-12.535,-12.254
colecalciferol_2840,-15.014,-14.506,-14.264
colforsindaropate_729,-15.846,-15.200,-15.109
colfoscerilpalmitate_730,-11.457,-11.214,-10.105
conivaptan_732,-17.793,-16.915,-16.438
copanlisib_5256,-14.383,-12.597,-11.498
copperdotatateCu-64_5411,-20.925
coppernaphthenate_5648,-13.725,-13.167,-12.379
corbadrine_4482,-7.594,-7.275,-6.510
corticorelin_4858,1300775255.751
corticorelinovine_5195,1229679212.778
corticotropin_4931,544417179.598
cortisoneacetate_734,-14.359,-14.088,-13.821
cortivazol_736,-14.692,-13.512,-13.511
cotinine_737,-7.816,-7.689,-6.698
coumafos_5667,-10.663,-10.556,-10.303
coumarin_738,-7.270,-6.996,-6.426
coumetarol_3721,-13.205,-13.057,-13.029
creatine_4661,-4.741,-4.703,-4.195
creatinolfosfate_739,-5.928,-5.909,-5.727
cresatin_3118,-6.919,-6.907,-6.593
cridanimod_4853,-10.512,-9.636,-9.593
crizotinib_4187,-14.157,-14.110,-13.806
croconazole_740,-11.220,-11.196,-10.908
cromoglicicacid_741,-15.103,-14.913,-14.238
cropropamide_743,-8.528,-8.194,-8.185
crotamiton_744,-8.857,-8.811,-8.116
crotetamide_745,-9.313,-8.432,-8.100
cupricchloride_4530,-2.502,-2.198,-2.101
cupricoxide_4291,-1.657,-1.638,-1.525
cyamemazine_746,-11.102,-11.067,-10.948
cyclacillin_632,-11.206,-10.805,-10.570
cyclandelate_747,-11.006,-10.855,-10.581
cyclarbamate_3722,-14.310,-13.360,-13.238
cyclizine_749,-10.421,-10.411,-10.226
cyclobarbital_750,-10.220,-9.602,-9.454
cyclobenzaprine_751,-12.346,-11.435,-11.258
cyclobutyrol_752,-8.114,-7.908,-7.074
cyclocoumarol_3121,-11.798,-11.795,-11.778
cyclodrine_3122,-12.477,-11.221,-11.082
cyclofenil_753,-13.982,-13.921,-13.126
cycloguanil_754,-9.545,-8.875,-8.472
cyclomethycaine_3123,-13.254,-13.211,-11.774
cyclopentamine_755,-6.792,-6.029,-5.923
cyclopenthiazide_756,-11.525,-11.092,-10.918
cyclopentobarbital_3723,-10.091,-9.742,-8.873
cyclopentolate_757,-11.509,-10.029,-9.894
cyclophosphamide_758,-7.459,-7.457,-7.053
cycloserine_759,-3.969,-3.657,-3.395
cyclothiazide_761,-12.678,-12.504,-12.075
cyclovalone_762,-13.596,-13.358,-13.165
cycloxilicacid_638,-9.749,-9.687,-8.383
cycrimine_763,-12.513,-11.827,-11.321
cyfluthrin_4407,-14.597,-13.546,-12.870
cymarin_4408,-16.644,-16.485,-16.256
cynarine_3124,-12.463,-12.317,-12.245
cypermethrin_4409,-14.548,-13.203,-12.809
cyprodenate_764,-9.243,-8.594,-8.432
cyproheptadine_765,-11.845,-11.813,-11.612
cyproteroneacetate_766,-15.012,-13.979,-13.763
cysteine_769,-3.909,-3.870,-3.425
cystine_4130,-6.931,-6.919,-6.218
cytarabine_770,-8.380,-8.092,-7.322
cytarabineocfosfate_771,-11.534,-11.247,-10.924
cythioate_5668,-8.724,-8.552,-8.101
cytisine_5217,-8.238,-8.205,-7.035
cyverine_772,-10.842,-10.832,-10.375
dabigatranetexilate_776,-13.079,-12.927,-12.702
dabrafenib_4801,-15.828,-15.702,-15.638
dacarbazine_773,-6.489,-6.278,-5.657
dacisteine_1760,-6.998,-6.864,-6.729
daclatasvir_4875,-15.999,-15.996,-15.020
dacomitinib_5297,-15.512,-14.851
dactinomycin_774,-22.601,-21.446,-21.417
dalbavancin_777,-16.367
dalfopristin_778,-14.071,-14.070,-13.864
danazol_779,-14.329,-13.749,-13.214
danofloxacin_5669,-11.432,-11.303,-11.236
dantrolene_780,-11.911,-11.175,-10.619
dantron_3125,-10.425,-10.412,-9.380
dapagliflozin_4304,-13.295,-12.593,-12.536
dapiprazole_781,-12.242,-12.060,-11.970
dapoxetine_4381,-12.692,-12.308,-12.214
daprodustat_5421,-12.938,-12.544,-12.338
dapsone_782,-9.671,-9.651,-8.522
daptomycin_783,-20.798
daridorexant_5493,-14.478,-14.107,-13.954
darifenacin_784,-16.132,-15.499,-14.563
darolutamide_5334,-13.295,-12.246,-11.299
darunavir_4143,-17.680,-17.105,-16.529
dasabuvir_4914,-15.633,-15.350,-14.713
dasatinib_785,-13.901,-13.682,-12.355
dasiglucagon_5447,332256900.681,332256900.725
daunorubicin_786,-16.185,-15.673,-13.393
daunorubicinol_4719,-16.200,-15.694,-13.416
davercin_3940,-18.781,-17.935,-17.475
deanol_787,-3.537,-3.397,-3.291
debrisoquine_788,-8.129,-7.553,-7.246
decamethonium_789,-8.760,-8.740,-8.014
decamethoxine_4919,-12.874,-12.807,-12.512
decamethrin_4378,-14.391,-12.891,-12.689
decimemide_3127,-11.211,-10.779,-10.445
decitabine_790,-8.090,-8.039,-6.945
decoquinate_5670,-13.461,-13.311,-11.284
deferasirox_3128,-13.331,-13.087,-12.758
deferiprone_4188,-5.895,-4.860,-4.794
deferoxamine_792,-10.436,-10.249,-9.978
deflazacort_793,-15.692,-14.698,-14.618
degarelix_4379,-2.404
dehydrocholicacid_794,-15.275,-14.535,-14.207
delafloxacin_5238,-12.773,-12.719,-12.604
delamanid_4819,-12.800,-12.606,-12.391
delapril_798,-15.586,-15.557,-15.137
delavirdine_799,-14.196,-14.037,-12.594
delgocitinib_5426,-10.980,-10.590,-10.498
delmadinoneacetate_3130,-14.430,-13.739,-13.570
delmopinol_3131,-10.483,-9.878,-9.824
delorazepam_800,-9.948,-9.924,-9.843
demecarium_801,-11.290,-11.283,-10.902
demeclocycline_802,-13.781,-13.685,-13.621
demecolcine_4375,-11.990,-11.854,-11.771
demegestone_803,-13.863,-12.781,-12.394
demexiptiline_804,-11.862,-11.206,-10.985
demoxytocin_3126,-17.631,-17.416,-17.296
denaverine_805,-12.927,-12.870,-12.635
denopamine_806,-11.896,-11.635,-11.362
deoxycholicacid_4988,-15.202,-14.320,-14.053
depreotide_2954,-13.631
deptropine_808,-14.098,-13.880,-13.240
dequalinium_4376,-13.861,-12.956,-12.803
deracoxib_5672,-12.155,-12.154,-12.153
desalkylflurazepam_809,-10.428,-9.902,-9.758
desaspidin_4377,-13.913,-13.797,-13.507
deserpidine_810,-16.407,-15.768,-14.490
desflurane_811,-6.726,-6.534,-6.206
desipramine_812,-11.287,-10.740,-10.636
deslanoside_813,-17.890,-17.157,-16.908
desloratadine_814,-11.291,-11.269,-11.047
deslorelin_5673,-18.795,-18.195,-16.874
desmopressin_817,-18.851,-18.083,-16.873
desogestrel_818,-13.604,-13.413,-12.544
desomorphine_3134,-11.895,-10.931,-10.103
desonide_3135,-14.919,-14.653,-14.179
desoximetasone_819,-13.885,-13.848,-13.518
desoxycorticosteroneacetate_821,-14.883,-13.520,-13.081
desoxycorticosteronepivalate_822,-16.092,-15.565,-14.324
desoxycortone_820,-13.735,-13.063,-12.446
desoxymycin_3133,-14.715,-14.424,-14.129
desvenlafaxine_4380,-11.112,-9.765,-9.515
detajmium_823,-14.683,-14.628,-14.562
detomidine_5674,-8.750,-8.383,-7.761
deucravacitinib_5677,-12.935,-12.906,-12.826
deutetrabenazine_5226,-11.785,-11.607,-11.557
dexamethasone_824,-14.327,-13.985,-13.584
dexamethasoneacefurate_825,-16.615,-16.576,-16.490
dexamethasoneacetate_826,-15.269,-14.309,-14.287
dexamethasonedipropionate_827,-16.952,-16.074,-15.766
dexamethasoneisonicotinate_5675,-17.305,-16.868,-16.634
dexamethasonepalmitate_828,-14.976,-14.252,-12.649
dexamethasonephosphate_3920,-15.762,-15.063,-14.899
dexamethasonevalerate_829,-16.774,-16.200,-16.115
dexamfetamine_841,-6.896,-5.968,-5.911
dexbrompheniramine_830,-9.346,-9.282,-9.179
dexchlorpheniramine_4411,-9.427,-9.190,-9.076
dexetimide_831,-13.301,-13.060,-12.915
dexfenfluramine_832,-10.429,-9.038,-8.959
dexfosfoserine_4120,-5.630,-5.611,-5.086
dexibuprofen_3851,-9.305,-9.143,-8.626
dexketoprofen_833,-10.903,-10.273,-9.815
dexlansoprazole_4162,-12.273,-12.244,-11.942
dexloxiglumide_834,-13.109,-12.926,-12.449
dexmedetomidine_835,-9.372,-8.345,-8.190
dexmethylphenidate_836,-10.171,-9.462,-8.960
dexniguldipine_837,-19.224,-17.424
dexpanthenol_838,-7.728,-7.109,-6.702
dexrabeprazole_4867,-11.896,-11.346,-10.991
dexrazoxane_839,-9.089,-8.886,-8.403
dextrofemine_840,-11.587,-11.425,-11.312
dextromethorphan_842,-12.344,-12.033,-10.956
dextromoramide_843,-14.122,-13.646,-13.432
dextropropoxyphene_844,-12.749,-12.675,-12.300
dextrothyroxine_846,-11.513,-10.559,-10.475
dezocine_847,-11.052,-10.803,-9.515
diacerein_849,-12.538,-12.118,-11.867
diacetazotol_3724,-12.209,-11.338,-10.873
diacetylbenzoyllathyrol_4620,-16.995,-16.971,-16.703
diamorphine_4412,-12.447,-12.209,-12.174
diampromide_850,-12.475,-12.409,-12.009
diathymosulfone_3726,-12.575,-12.574,-12.519
diatrizoate_851,-9.109,-9.003,-8.985
diazepam_852,-10.595,-10.019,-9.934
diaziquone_853,-11.112,-11.036,-10.807
diazolidinylurea_4652,-8.608,-8.548,-8.304
diazoxide_854,-8.257,-7.869,-7.463
dibekacin_855,-12.683,-12.174,-11.922
dibenzepin_856,-11.206,-10.551,-10.313
dibromol_3136,-7.063,-6.868,-6.243
dibromotyrosine_4413,-8.009,-7.792,-7.480
dibrompropamidine_3137,-12.513,-12.497,-11.361
dibunate_860,-11.998,-11.765,-11.692
dibutylphthalate_4414,-11.224,-10.405,-10.305
dibutylsuccinate_4415,-8.698,-8.661,-8.047
dichlorisone_3139,-15.183,-14.436,-14.045
dichloroaceticacid_862,-3.910,-3.707,-3.407
dichlorobenzylalcohol_3140,-6.710,-6.550,-5.792
dichlorophen_863,-10.240,-9.901,-8.846
dichlorphenamide_864,-8.543,-8.530,-7.797
dichlorvos_5523,-6.177,-6.006,-5.250
diclazuril_5524,-12.868,-11.970,-11.873
diclofenac_865,-10.735,-9.644,-9.432
dicloxacillin_866,-14.255,-13.162,-13.129
dicoumarol_867,-12.602,-12.504,-12.343
dicycloverine_868,-11.275,-11.134,-11.047
didanosine_869,-8.381,-8.378,-7.592
dienestrol_870,-11.516,-10.482,-10.466
dienogest_871,-13.096,-13.039,-12.018
diethadione_3729,-7.385,-7.096,-7.095
diethazine_872,-10.366,-10.279,-10.131
diethylaminoethoxyhexestrol_3276,-13.900,-13.188,-12.567
diethylaminohydroxybenzoylhexylbenzoate_4602,-14.937,-13.850
diethylcarbamazine_873,-7.276,-7.199,-6.527
diethylether_4417,-3.558,-3.555,-3.125
diethylpropion_874,-8.790,-7.916,-7.797
diethylstilbestrol_875,-11.437,-10.489,-10.474
diethyltoluamide_4418,-8.664,-8.492,-7.854
difamilast_5503,-14.491,-13.013,-12.989
difebarbamate_876,-15.855
difelikefalin_5470,-14.906,-14.896,-14.853
difemerine_877,-13.120,-12.127,-11.604
difemetorex_3735,-11.523,-11.469,-11.270
difenoxin_878,-16.136,-15.825,-15.709
difenpiramide_919,-12.504,-12.303,-12.094
diflorasonediacetate_4485,-15.947,-15.832,-15.689
difloxacin_5525,-12.952,-12.533,-11.920
diflucortolone_3141,-13.999,-13.787,-13.311
diflunisal_880,-10.513,-10.052,-9.058
difluprednate_3142,-16.047,-15.807,-15.731
digitalin_3143,-16.968,-16.423,-16.056
digitoxin_881,-16.696,-16.443,-15.940
digoxin_882,-19.959
dihexyverine_883,-12.467,-12.234,-12.105
dihydralazine_884,-7.843,-7.812,-7.332
dihydrocodeine_886,-10.694,-10.459,-10.219
dihydroemetine_3129,-15.619,-15.066,-14.087
dihydroergocornine_3184,-17.560,-16.256,-15.152
dihydroergocristine_887,-19.458,-18.140,-17.232
dihydroergocryptine_4420,-16.796,-14.755,-14.235
dihydroergotamine_888,-16.770,-14.257,-13.947
dihydrostreptomycin_890,-15.044,-14.785,-14.425
dihydrotachysterol_2841,-15.859,-14.902,-14.651
diiodohydroxypropane_4421,-3.816,-3.790,-3.467
diiodohydroxyquinoline_1457,-6.886,-6.657,-6.577
diiodotyrosine_3146,-7.562,-7.372,-7.133
diisopromine_892,-11.463,-11.323,-11.257
dilazep_893,-12.314,-12.138,-11.999
dilevalol_894,-12.936,-12.753,-11.660
diloxanidefuroate_896,-10.587,-10.201,-9.881
diltiazem_897,-12.067,-11.975,-11.970
dimantine_3169,-7.866,-7.830,-7.732
dimazole_3725,-9.991,-9.506,-9.424
dimecroticacid_898,-8.692,-8.424,-8.250
dimefline_899,-11.952,-11.407,-11.389
dimemorfan_900,-12.034,-11.191,-10.421
dimenoxadol_3149,-11.757,-11.609,-11.414
dimepheptanol_3730,-11.991,-11.584,-11.545
dimercaprol_3150,-3.494,-3.266,-3.192
dimetacrine_902,-12.179,-11.423,-11.408
dimethazan_3731,-7.834,-7.737,-7.571
dimethisterone_904,-13.809,-13.243,-13.134
dimethocaine_3154,-10.530,-10.522,-10.170
dimethoxanate_905,-11.914,-11.723,-11.376
dimethylaminopropionylphenothiazine_4769,-10.126,-10.111,-9.981
dimethylcarbate_4770,-8.583,-8.420,-7.902
dimethylfumarate_4757,-5.394,-5.249,-4.906
dimethylphthalate_4771,-7.857,-7.823,-7.540
dimethylsulfoxide_906,-2.501,-2.486,-2.068
dimethylthiambutene_3156,-8.718,-8.284,-8.118
dimethyltubocurarinium_908,-16.071,-15.810,-14.744
dimetindene_903,-11.050,-11.001,-10.941
dimetofrine_909,-7.344,-7.201,-7.051
dimetotiazine_1235,-12.000,-11.577,-11.441
dimevamide_170,-11.024,-10.949,-10.916
dimorpholamine_3732,-11.352,-11.336,-11.248
dimyristoylphosphatidylcholine_4651,-11.851,-11.791,-11.636
dimyristoylphosphatidylglycerol_4650,-12.146,-12.045,-11.570
dinitolmide_5646,-7.743,-7.682,-7.682
dinoprost_912,-12.616,-12.481,-12.411
dinoprostone_913,-12.492,-12.328,-11.997
diosmetin_4601,-11.056,-10.840,-10.115
diosmin_3157,-14.246,-13.811,-13.772
dioxadrol_3158,-12.233,-11.845,-11.829
dioxaphetylbutyrate_3733,-12.462,-11.909,-11.886
dioxethedrin_914,-8.609,-7.678,-7.556
dioxybenzone_3159,-10.236,-9.210,-8.821
dioxyline_911,-12.272,-11.639,-11.390
diperodon_3734,-14.703,-13.980,-13.739
diphemanil_915,-11.099,-11.091,-11.085
diphenadione_4450,-12.955,-12.813,-12.810
diphenan_3736,-10.500,-9.554,-9.553
diphenhydramine_916,-11.304,-9.949,-9.836
diphenidol_313,-13.000,-12.286,-12.109
diphenoxylate_918,-16.889,-16.028,-15.387
diphenylpyraline_920,-12.177,-11.497,-10.681
dipipanone_921,-13.261,-13.238,-12.968
dipiperonylaminoethanol_4772,-11.549,-11.378,-11.305
dipiproverine_3737,-12.394,-12.036,-11.516
dipivefrine_922,-11.650,-11.624,-11.517
diprafenone_923,-14.311,-14.264
diprenorphine_5526,-14.877,-14.196,-14.090
diprophylline_976,-8.208,-7.902,-7.754
dipyridamole_924,-12.412,-11.085,-11.070
dipyrithione_4649,-8.790,-8.752,-8.008
dipyrocetyl_3160,-8.799,-8.134,-7.978
diquafosol_4900,-13.979,-13.949,-12.899
dirithromycin_925,-17.489,-15.970,-15.019
dirlotapide_5527,-16.561,-15.941,-15.627
diroximelfumarate_5502,-9.065,-8.736,-8.669
diseptalB_3781,-11.408,-10.607,-10.198
disofenin_3161,-11.973,-11.335,-11.333
disopyramide_926,-11.756,-11.720,-11.668
distigmine_927,-10.332,-10.166,-10.156
disufenton_3162,-10.723,-10.654,-9.618
disulfamide_3447,-8.711,-8.540,-7.583
disulfiram_928,-7.780,-7.775,-7.419
ditazole_929,-11.729,-11.676,-11.516
dithiazanine_930,-12.741,-12.732,-11.918
dithranol_226,-10.571,-10.560,-9.252
ditiocarb_931,-4.227,-3.834,-3.681
dixanthogen_3163,-6.133,-6.117,-5.874
dixyrazine_933,-14.503,-13.438,-13.024
dobutamine_937,-12.315,-11.993,-11.231
docarpamine_938,-13.339,-11.551,-10.962
docetaxel_939,-18.858,-18.553,-18.319
doconexent_4289,-12.515,-12.408,-12.310
docosanoicacid_3855,-8.750,-8.624,-8.345
docosanol_940,-8.493,-8.234,-8.107
docusatesodium_941,-13.022,-10.136,-10.048
dodecanoicacid_4642,-8.561,-8.402,-7.838
dodecloniumbromide_4462,-10.851,-9.494,-9.350
dofetilide_942,-12.229,-11.972,-10.890
dolasetron_3931,-11.987,-11.718,-11.614
dolutegravir_4805,-14.635,-13.607,-13.353
domiodol_944,-5.050,-4.848,-4.450
domiphen_4463,-9.521,-9.231,-9.096
domitroban_3165,-13.484,-13.455,-13.366
domperidone_945,-14.589,-14.195
donepezil_946,-14.334,-14.325,-13.287
dopamine_947,-7.029,-6.405,-5.846
dopexamine_948,-10.731,-9.933,-9.910
doramectin_5528,-18.814,-17.432,-16.488
doravirine_5295,-12.882,-12.621,-12.519
doripenem_4149,-11.966,-11.287,-11.139
dorzolamide_949,-9.305,-8.787,-8.702
dosulepin_951,-11.402,-10.575,-10.554
dotinurad_5425,-11.669,-10.463,-10.271
doxacurium_2974,-19.053,-18.826,-18.187
doxapram_953,-13.744,-13.706,-12.950
doxazosin_954,-15.435,-14.816,-13.889
doxefazepam_955,-11.202,-11.168,-11.127
doxepin_956,-11.797,-10.712,-10.690
doxercalciferol_957,-15.574,-15.254,-14.947
doxifluridine_958,-8.566,-8.487,-7.778
doxofylline_959,-8.332,-8.216,-8.041
doxorubicin_960,-16.331,-16.060,-15.029
doxycycline_961,-14.511,-13.995,-13.922
doxylamine_962,-10.709,-10.232,-10.062
drofenine_4963,-12.343,-11.762,-11.750
drometrizole_3166,-9.574,-9.567,-9.018
dronabinol_4109,-12.424,-12.170,-12.114
dronedarone_4112,-12.780,-12.677,-12.070
droperidol_966,-14.171,-13.394,-11.877
droprenilamine_3167,-14.161,-14.105,-14.012
dropropizine_967,-9.195,-8.693,-8.372
drospirenone_968,-15.008,-14.222,-13.828
drostanolonepropionate_965,-14.154,-13.362,-13.190
drotaverine_969,-13.833,-13.742,-12.985
drotebanol_3168,-13.444,-12.854,-11.928
droxicam_970,-12.000,-11.746,-11.344
droxidopa_971,-8.257,-7.850,-6.948
droxypropine_4464,-11.472,-10.936,-10.637
duloxetine_972,-11.557,-10.791,-10.613
dutasteride_973,-18.555,-18.291,-18.249
duvelisib_5296,-13.524,-13.464,-13.440
dyclonine_974,-11.261,-11.049,-10.501
dydrogesterone_975,-13.549,-13.114,-12.081
ebastine_977,-13.543,-13.155,-12.825
eberconazole_978,-11.569,-11.285,-10.987
ebrotidine_979,-12.062,-11.501,-10.410
eburnamonine_3170,-11.388,-11.218,-10.922
ecabet_981,-13.007,-12.820,-12.707
ecamsule_3171,-18.110
echothiophate_982,-7.567,-7.409,-7.404
econazole_983,-11.638,-11.599,-11.209
ectylurea_984,-6.527,-6.247,-5.977
edaravone_4156,-8.069,-7.881,-6.951
edatrexate_986,-15.189,-14.553
edeticacid_987,-8.411,-8.405,-8.158
edoxaban_4897,-13.578,-13.086,-12.368
edoxudine_3173,-9.247,-8.874,-8.449
edrophonium_988,-7.427,-6.944,-6.279
efaproxiral_4465,-12.938,-12.618,-11.915
efavirenz_989,-10.787,-10.527,-10.207
efinaconazole_4874,-12.405,-12.065,-11.430
eflornithine_990,-7.093,-6.588,-6.329
efloxate_991,-12.798,-12.218,-12.188
efonidipine_992,-16.806,-14.499,-14.251
efrotomycin_5529,-15.822,-15.350,-15.132
egualen_993,-10.322,-10.211,-10.192
eicosapentaenoicacid_3174,-11.507,-11.416,-11.404
elagolix_5293,-16.661,-14.843,-14.761
elbasvir_5080,-18.213,-17.970,-17.385
elcatonin_994,405410430.121
elcometrine_3175,-13.640,-13.591,-13.459
eldecalcitol_5169,-16.587,-16.369,-14.733
eledoisin_2955,-9.762
eletriptan_995,-14.205,-14.065,-13.589
elexacaftor_5372,-15.939,-15.519,-14.280
eliglustat_4834,-13.691,-12.756,-12.103
elliptinium_996,-11.369,-10.721,-10.361
elobixibat_5277,-15.156,-14.681,-14.384
eltanolone_997,-13.520,-13.110,-12.081
eltrombopag_4399,-16.917
eluxadoline_5001,-17.088,-15.326,-15.283
elvitegravir_4300,-14.428,-13.907,-13.728
embramine_998,-11.674,-10.796,-10.763
embutramide_5530,-11.608,-11.071,-10.659
emedastine_999,-10.375,-10.232,-9.987
emepronium_1000,-11.400,-11.202,-11.070
emetine_1001,-14.795,-14.351,-14.099
emodepside_5531,-18.827,-18.812,-18.419
emorfazone_1002,-7.589,-7.494,-7.412
empagliflozin_4830,-14.633,-13.783,-12.847
emtricitabine_1003,-7.924,-7.670,-7.280
emylcamate_1004,-6.255,-5.917,-5.713
enalapril_1005,-12.501,-12.073,-12.069
enalaprilat_1006,-12.844,-12.333,-12.276
enallylpropymal_3448,-9.273,-8.743,-7.997
enarodustat_5427,-12.308,-11.929,-11.407
enasidenib_5251,-15.123,-14.736,-14.671
enbucrilate_3056,-6.541,-6.506,-6.146
encainide_1007,-13.022,-12.313,-12.001
encorafenib_5289,-14.880,-14.508,-11.933
endralazine_1008,-10.952,-9.761,-9.714
enfenamicacid_3176,-10.584,-10.160,-9.524
enflurane_1009,-6.680,-6.306,-6.293
enfuvirtide_1010,2232772109.305
enilconazole_3177,-9.355,-9.233,-8.912
enocitabine_1012,-11.947,-11.724,-11.466
enoxacin_1013,-10.615,-10.260,-10.164
enoximone_1014,-9.052,-8.921,-8.126
enoxolone_3178,-17.439,-16.994,-16.804
enprofylline_1015,-7.068,-7.053,-6.666
enprostil_1016,-13.507,-12.590
enrofloxacin_5532,-11.581,-11.262,-11.245
ensulizole_3179,-10.667,-10.192,-9.685
entacapone_1018,-10.857,-10.481,-9.926
entecavir_1019,-9.597,-9.170,-8.866
entrectinib_5345,-14.410,-13.486,-13.121
enviomycin_3180,-18.146,-16.217
enzacamene_4292,-12.392,-11.882,-11.044
enzalutamide_4628,-14.809,-14.221,-14.139
eosin_4466,-12.814,-12.776,-12.525
epalrestat_1021,-11.313,-10.654,-10.418
epanolol_4467,-13.142,-12.619,-11.768
eperisone_1022,-10.749,-10.581,-10.357
epervudine_1023,-9.673,-8.956,-8.908
ephedrine_1024,-7.640,-7.374,-6.603
epicillin_1025,-11.375,-11.254,-11.132
epicriptine_4148,-17.803,-16.748,-15.288
epimestrol_1026,-12.953,-11.300,-11.171
epinastine_1027,-10.129,-10.088,-9.901
epinephrine_1028,-7.567,-7.272,-6.837
epirizole_1029,-7.972,-7.875,-7.808
epirubicin_1030,-16.309,-16.071,-15.022
epitiostanol_3181,-13.059,-12.064,-11.678
epitizide_1031,-11.843,-11.288,-11.287
eplerenone_1032,-14.129,-14.128,-14.068
epomediol_1033,-8.254,-8.200,-7.431
epoprostenol_1034,-12.403,-12.369,-11.984
eprazinone_1035,-13.921,-13.171,-12.568
eprinomectin_5533,-18.694,-18.011,-17.169
eprosartan_1037,-14.121,-13.829,-13.403
eprozinol_1038,-13.338,-13.000,-12.673
epsiprantel_5534,-12.117,-11.947,-11.902
eptazocine_1039,-10.121,-9.183,-8.783
eptifibatide_1040,-16.593,-16.365,-15.885
eravacyclinedihydrochloride_5294,-15.676,-15.030,-14.215
erdafitinib_5327,-13.521,-12.711,-12.656
erdosteine_1041,-7.475,-7.472,-6.742
ergocalciferol_2838,-15.435,-15.141,-15.013
ergometrine_1042,-12.072,-11.248,-10.804
ergotamine_1043,-16.789,-14.268,-13.933
eribulin_4171,-15.303,-15.287,-15.283
eritoran_1044,-16.220
eritrityltetranitrate_1047,-8.922,-8.895,-8.566
erlotinib_1045,-13.649,-13.365,-12.780
ertapenem_1046,-15.062,-14.784,-14.261
ertugliflozin_5270,-14.432,-14.291,-13.636
erythromycin_1048,-18.379,-15.732,-15.414
erythromycinacistrate_1049,-16.323,-15.971,-15.846
erythromycinethylsuccinate_1051,-17.243,-17.071,-16.838
erythromycinpropionate_1052,-16.524,-16.380,-16.173
esatenolol_4702,-9.904,-9.404,-9.404
esaxerenone_5490,-15.531,-15.238,-14.986
escitalopram_1053,-11.783,-11.590,-11.531
eseridine_3186,-10.479,-10.143,-9.331
esflurbiprofen_5060,-10.409,-10.133,-9.379
esketamine_4468,-10.039,-9.733,-8.354
eslicarbazepineacetate_4303,-10.714,-10.359,-10.337
esmolol_1054,-10.545,-10.476,-9.976
esomeprazole_1055,-11.973,-11.305,-10.988
estazolam_1056,-10.980,-10.355,-10.324
estetrol_5450,-12.387,-12.014,-11.151
estradiol_1057,-12.444,-11.748,-10.933
estradiolacetate_4497,-13.652,-12.339,-11.876
estradiolbenzoate_1058,-15.285,-15.188,-14.413
estradiolcypionate_1059,-15.374,-15.325,-14.223
estradioldipropionate_1060,-14.189,-13.793,-13.260
estradiolenanthate_1061,-14.917,-14.695,-13.087
estradiolmustard_1062,-16.165,-14.504,-14.446
estradiolundecylate_1063,-12.169,-11.664,-10.983
estradiolvalerate_1064,-13.871,-13.849,-12.916
estramustine_1065,-14.711,-14.518,-13.226
estramustinephosphate_1066,-15.255,-14.322,-14.068
estriol_3187,-12.669,-11.882,-11.058
estriolsuccinate_1067,-15.241,-15.168,-14.504
estrone_3188,-12.499,-11.729,-10.961
estronesulphate_4857,-13.190,-12.129,-12.045
eszopiclone_1068,-11.304,-11.105,-10.873
etafedrine_3189,-8.526,-7.644,-7.437
etafenone_1069,-13.132,-13.046,-12.514
etallobarbital_4743,-7.726,-7.625,-7.519
etamiphylline_3190,-8.801,-8.573,-8.507
etamivan_1074,-8.804,-8.754,-8.405
etaqualone_3192,-11.184,-10.782,-10.477
etebenecid_1079,-9.531,-8.689,-8.247
etelcalcetide_5181,-15.510,-12.885
eterobarb_3193,-11.211,-10.910,-10.749
etersalate_1070,-12.413,-12.363,-11.662
ethacizine_4835,-13.249
ethacridine_3194,-9.921,-9.919,-9.631
ethacrynicacid_1071,-10.189,-9.418,-9.286
ethadione_1072,-6.401,-6.335,-5.548
ethambutol_1073,-7.479,-7.398,-6.884
ethaverine_1077,-13.816,-12.976,-12.723
ethchlorvynol_1078,-6.081,-5.826,-5.385
ethenzamide_1080,-7.660,-7.236,-6.529
ethinamate_1081,-7.478,-7.140,-6.459
ethinylestradiol_1082,-13.008,-12.810,-11.940
ethinylestradiolsulfonate_3943,-15.062,-13.949,-13.902
ethionamide_1083,-6.673,-6.616,-5.853
ethisterone_1084,-13.543,-13.525,-12.569
ethoheptazine_1085,-9.722,-9.626,-9.439
ethopabate_5536,-8.306,-8.089,-8.058
ethosuximide_1087,-6.520,-6.515,-6.271
ethotoin_1088,-8.914,-8.421,-7.812
ethoxzolamide_1089,-8.281,-8.148,-7.634
ethylbiscoumacetate_1091,-14.034,-13.858,-13.701
ethylchloride_3196,-2.741,-2.372,-2.184
ethyldibunate_3197,-12.696,-12.332,-12.224
ethylestrenol_1094,-12.638,-12.427,-12.021
ethylhydrocupreine_3740,-11.898,-11.867,-11.860
ethylhydroxybenzoate_4773,-7.444,-6.740,-6.292
ethylloflazepate_1092,-12.023,-12.016,-12.003
ethylmethylthiambutene_3206,-9.103,-9.054,-9.005
ethylmorphine_3207,-10.817,-10.699,-10.695
ethylnorepinephrine_3208,-8.023,-7.586,-6.888
etidocaine_1097,-10.495,-9.904,-9.820
etidronicacid_1098,-5.901,-5.899,-5.479
etifelmine_3741,-11.219,-10.832,-10.093
etifoxine_1099,-11.178,-10.727,-10.704
etilamfetamine_1100,-7.945,-7.211,-7.015
etilefrine_1101,-7.881,-7.347,-6.981
etilefrinepivalate_4824,-10.600,-9.825,-9.688
etilevodopa_4422,-8.875,-8.201,-7.801
etimicin_5171,-13.078,-12.862,-12.730
etiprednoldicloacetate_3209,-14.960,-14.918,-14.607
etiroxate_3210,-12.400,-11.816,-11.397
etizolam_1102,-11.206,-11.104,-10.815
etodolac_1103,-10.995,-10.568,-10.562
etodroxizine_1104,-14.016,-12.921,-12.686
etofamide_1105,-13.224,-13.025,-12.841
etofenamate_3211,-13.721,-12.839,-12.708
etofibrate_1106,-12.859,-12.183,-11.699
etofylline_1107,-7.551,-6.916,-6.698
etofyllineclofibrate_1108,-13.595,-12.459
etofyllinenicotinate_3212,-11.166,-10.781,-10.580
etoglucid_3213,-8.024,-8.017,-7.755
etohexadiol_4774,-6.457,-6.218,-5.717
etomidate_1109,-10.104,-8.985,-8.735
etomidoline_3214,-13.525,-12.662,-12.559
etonogestrel_1110,-13.877,-13.122,-12.829
etoperidone_1111,-13.025,-12.696,-11.882
etoposide_1112,-15.101,-14.973,-13.089
etoposidephosphate_3944,-16.997,-15.037,-14.590
etoricoxib_1113,-11.502,-11.352,-11.347
etorphine_5537,-14.154,-14.119,-13.750
etoxadrol_3215,-10.596,-10.213,-9.816
etoxazene_3739,-10.165,-9.951,-9.146
etozolin_1114,-9.612,-9.311,-8.944
etravirine_1115,-12.993,-12.927,-12.284
etretinate_1116,-13.656,-13.068,-12.758
etryptamine_1117,-8.658,-7.987,-7.773
etybenzatropine_4423,-12.484,-12.460,-12.363
etymemazine_3742,-11.630,-11.377,-11.298
etynodiol_1095,-13.650,-13.638,-13.276
eucatropine_3216,-11.008,-10.635,-10.297
eugenol_4648,-7.443,-7.199,-6.721
evansblue_3217,-16.452,-16.080,-16.056
everolimus_1118,-17.874,-17.423,-17.236
evocalcet_5307,-14.702,-14.658,-14.135
evogliptin_5239,-12.537,-12.507,-12.461
exalamide_1119,-9.351,-9.057,-8.834
exatecan_1120,-15.778,-14.417,-14.231
exemestane_1122,-13.539,-12.697,-12.295
exenatide_1123,1729366899.058
exiproben_3743,-11.220,-11.075,-10.878
exisulind_3219,-12.665,-12.622,-12.503
ezetimibe_1125,-14.084,-13.967,-13.780
fabomotizole_4079,-9.970,-9.665,-9.578
fadrozole_1126,-9.823,-9.547,-8.765
falecalcitriol_1127,-17.983,-17.844,-17.399
famciclovir_1128,-10.263,-9.638,-9.468
famotidine_1129,-9.215,-9.108,-8.750
famphur_5538,-15.008,-14.492,-13.751
fampridine_4163,-4.485,-4.396,-4.208
famprofazone_1130,-14.300,-14.277,-12.877
faropenem_1131,-9.526,-9.337,-8.563
faropenemmedoxil_5145,-12.142,-11.978,-11.658
fasudil_1132,-10.150,-9.564,-9.433
favipiravir_4887,-5.916,-5.825,-5.334
fazadinium_4535,-15.178,-15.145,-14.529
febantel_5539,-13.423,-12.900,-12.649
febarbamate_1135,-14.596,-13.574,-13.394
febuprol_1136,-9.302,-9.096,-8.562
febuxostat_1137,-10.953,-10.830,-10.170
feclemine_3744,-13.074,-12.926,-12.858
feclobuzone_1138,-15.127,-12.841,-12.471
fedratinib_5347,-14.214,-12.323,-12.061
fedrilate_1139,-11.998,-11.990,-11.721
felbamate_1140,-8.717,-8.696,-7.998
felbinac_1141,-9.840,-9.172,-9.033
felodipine_1142,-11.415,-11.365,-11.333
felypressin_4910,-18.690,-18.273,-17.932
femoxetine_3220,-11.407,-11.242,-11.223
fenadiazole_3745,-7.415,-7.032,-6.533
fenalamide_1143,-12.132,-11.418,-11.194
fenalcomine_1144,-12.346,-11.900,-11.719
fenamisal_2143,-9.571,-9.426,-8.769
fenbendazole_4536,-11.135,-10.362,-10.311
fenbenicillin_3221,-14.994,-13.843,-13.776
fenbufen_1145,-10.880,-10.758,-10.274
fenbutrazate_3222,-14.200,-13.972,-13.246
fencamfamin_1146,-10.085,-9.028,-8.893
fencibutirol_3746,-10.701,-10.540,-10.103
fenclofenac_1147,-10.632,-9.717,-9.557
fendiline_1148,-13.700,-13.045,-13.035
fendosal_3224,-14.743,-14.425,-14.043
fenethazine_3747,-9.412,-9.332,-9.262
fenetylline_1149,-12.623,-12.161,-11.978
fenfluramine_1150,-10.406,-9.028,-8.977
fenipentol_1151,-8.075,-7.845,-7.149
fenofibrate_1152,-12.913,-12.368,-10.925
fenoldopam_1153,-10.565,-10.225,-10.024
fenoprofen_1154,-10.423,-9.243,-9.219
fenoterol_1155,-11.722,-10.943,-10.556
fenoverine_1156,-15.456,-13.934,-13.658
fenoxazoline_3225,-9.464,-8.860,-8.537
fenoxedil_3226,-14.630,-12.816,-12.356
fenoxypropazine_3814,-7.478,-6.854,-6.456
fenozolone_1157,-8.736,-8.158,-7.773
fenpentadiol_1158,-9.551,-9.149,-8.259
fenpiprane_1159,-11.316,-11.290,-10.983
fenpiverinium_1160,-13.452,-12.944,-12.716
fenproporex_1161,-8.740,-8.029,-7.949
fenprostalene_5540,-13.712,-13.514,-12.404
fenquizone_1162,-11.647,-11.184,-10.817
fenspiride_1163,-10.584,-10.268,-9.701
fentanyl_1164,-13.621,-13.491,-13.196
fenthion_5541,-8.275,-7.934,-7.458
fentiazac_1165,-11.322,-11.276,-11.208
fenticlor_3227,-9.804,-9.480,-9.428
fenticonazole_1166,-14.555,-14.292,-13.774
fentonium_1167,-17.671,-16.077,-15.732
fenyramidol_2151,-9.369,-9.344,-8.985
fepradinol_1168,-8.724,-8.433,-8.298
feprazone_1169,-12.131,-11.965,-11.922
ferrichydroxide_4539,-2.184,-2.153,-2.126
ferricoxide_4443,-2.650,-2.637,-2.620
ferrouschloride_4543,-2.497,-2.199,-2.103
fesoterodine_4191,-13.632,-13.630,-13.584
fexinidazole_5466,-9.210,-9.157,-8.593
fexofenadine_1170,-17.381,-17.059,-16.343
fidaxomicin_4180,-19.041,-18.582,-18.473
filgotinib_5419,-14.395,-13.672,-13.379
fimasartan_4906,-14.509,-14.243,-14.202
finafloxacin_4920,-12.388,-12.224,-12.199
finasteride_1171,-14.609,-13.417,-13.234
finerenone_5465,-12.420,-12.307,-12.195
fingolimod_4167,-11.710,-9.064,-8.863
fipexide_1172,-13.479,-13.431,-12.752
firocoxib_5542,-11.178,-11.075,-10.946
flavodicacid_1173,-12.880,-12.352,-12.256
flavoxate_1175,-14.601,-14.584,-14.413
flecainide_1176,-13.065,-12.933,-12.229
fleroxacin_1177,-11.228,-10.999,-10.945
flibanserin_5022,-14.391,-13.673,-13.602
floctafenine_1178,-14.655,-13.142,-12.848
flomoxef_1179,-13.048,-13.032,-12.995
flopropione_1180,-7.574,-7.292,-6.303
florantyrone_1181,-12.503,-12.442,-12.394
florbetabenF18_4818,-10.791,-10.027,-9.566
floredil_3748,-10.075,-9.719,-9.543
florfenicol_5543,-10.614,-10.436,-9.906
flortaucipirF18_5396,-10.849,-10.731,-9.876
flosequinan_1182,-8.592,-8.268,-7.776
floxacillin_1183,-14.235,-13.205,-13.192
floxuridine_1184,-8.537,-8.503,-7.684
fluacizine_3230,-12.994,-12.904,-12.828
fluazacort_3231,-15.785,-14.862,-14.790
flubendazole_1186,-12.436,-10.858,-10.780
fluciclovine18F_5153,-5.634,-5.486,-5.419
fluclorolone_4546,-14.658,-13.861,-13.734
flucloroloneacetonide_3232,-15.467,-14.935,-14.681
fluconazole_1187,-10.355,-10.327,-9.905
flucytosine_1188,-5.169,-5.016,-4.876
fludarabinephosphate_1189,-10.711,-10.590,-10.296
fludeoxyglucose18F_4455,-6.363,-6.136,-5.970
fludiazepam_1190,-10.789,-10.109,-10.022
fludrocortisoneacetate_1191,-14.899,-14.472,-14.202
fludroxycortide_1217,-15.008,-14.463,-14.314
flufenamicacid_1193,-11.526,-10.884,-10.388
fluindione_1194,-10.654,-10.509,-9.683
flumazenil_1195,-10.556,-10.418,-9.947
flumecinol_1196,-12.468,-11.828,-11.481
flumedroxone_4547,-14.395,-13.908,-13.546
flumedroxoneacetate_3749,-15.047,-14.822,-14.741
flumequine_1197,-9.627,-9.397,-9.302
flumetasone_4548,-14.338,-13.857,-13.775
flumetasoneacetate_5544,-15.555,-15.157,-14.608
flumetasonepivalate_1198,-16.869,-16.740,-16.482
flumethiazide_1199,-10.851,-10.706,-9.441
flunarizine_1200,-15.718,-15.281
flunisolide_1201,-15.010,-14.477,-14.127
flunitrazepam_1202,-10.503,-10.440,-10.267
flunixin_5545,-11.720,-11.649,-10.538
flunoxaprofen_1203,-11.732,-11.604,-11.016
fluocinoloneacetonide_1204,-15.402,-14.930,-14.731
fluocinonide_1205,-16.559,-15.508,-15.488
fluocortinbutyl_3234,-15.166,-14.378,-12.720
fluocortolone_1206,-13.555,-13.312,-12.943
fluoresone_3235,-7.609,-6.924,-6.434
fluorodopa18F_4550,-8.229,-8.224,-8.063
fluoroestradiolF18_5395,-12.944,-11.883,-11.016
fluoroethylcholine18F_4551,-5.016,-4.882,-4.512
fluorometholone_1208,-13.943,-13.723,-13.422
fluorometholoneacetate_4647,-14.708,-14.214,-14.151
fluoromethylcholine18F_4775,-4.491,-4.468,-4.002
fluorouracil_26,-5.179,-4.968,-4.547
fluostigmine_1494,-6.081,-5.991,-5.432
fluoxetine_1209,-13.500,-11.481,-11.473
fluoxymesterone_1210,-13.497,-13.425,-12.363
flupentixol_1211,-14.193,-13.586,-12.983
fluperolone_3237,-15.371,-14.507,-14.412
fluphenazine_1212,-13.723,-13.631,-13.627
fluphenazinedecanoate_1213,-13.021,-12.846,-12.151
fluphenazineenanthate_1214,-13.308,-12.828,-12.490
flupirtine_1215,-11.902,-9.725
fluprednidene_4553,-14.386,-13.961,-13.571
fluprednideneacetate_3238,-15.339,-14.704,-14.207
fluprednisolone_1216,-14.257,-13.198,-13.024
fluprostenol_5546,-16.263,-15.829
fluralaner_5547,-16.164,-15.749,-14.959
flurazepam_1218,-12.603,-12.478,-12.215
flurbiprofen_1219,-10.400,-10.141,-9.454
flurbiprofenaxetil_1220,-13.028,-12.304,-12.283
flurithromycin_1221,-15.904,-15.780,-15.622
flurotyl_3241,-6.593,-6.588,-6.453
fluroxene_3242,-5.316,-5.040,-4.700
flusalan_3236,-11.847,-11.133,-11.092
fluspirilene_1222,-17.643,-17.005,-16.152
flutamide_1223,-10.942,-10.129,-9.651
flutazolam_1224,-12.016,-11.972,-11.900
fluticasonefuroate_4554,-17.227,-16.302,-16.275
fluticasonepropionate_1225,-16.358,-15.580,-15.407
flutoprazepam_1226,-12.054,-11.861,-11.692
flutrimazole_1227,-13.393,-13.212,-13.111
flutropium_1228,-15.264,-14.910,-14.322
fluvastatin_1229,-14.613,-14.298,-14.207
fluvoxamine_1230,-11.230,-10.962,-10.739
folescutol_3750,-10.174,-10.019,-9.209
folicacid_1231,-14.333,-13.437,-11.782
fomepizole_1233,-4.058,-3.886,-3.445
fominoben_1234,-14.200,-13.287,-12.710
fomocaine_3243,-12.314,-11.741,-9.633
fondaparinux_1236,-22.316,-21.825,-21.508
formebolone_1237,-13.855,-13.535,-12.521
formestane_1238,-12.898,-12.810,-11.918
formocortal_3245,-16.905,-16.604,-15.602
formoterol_1239,-12.476,-11.927,-11.517
formylsulfamethin_3247,-10.165,-10.105,-9.783
forodesine_5229,-9.128,-9.044,-8.263
fosamprenavir_1240,-15.867,-15.277,-15.240
fosaprepitant_4470,-16.974,-16.362,-16.034
foscarnet_1241,-3.935,-3.919,-3.730
fosdenopterin_5444,-10.883,-10.437,-10.140
fosfestrol_3248,-13.419,-13.158,-12.756
fosfluconazole_1242,-11.479,-11.176,-11.111
fosfomycin_1243,-4.871,-4.851,-4.787
fosfosal_1244,-7.682,-7.642,-7.271
fosinopril_1245,-17.491
fosnetupitant_5283,-16.741,-15.785,-15.688
fosphenytoin_1247,-12.273,-12.271,-12.162
fospropofol_3249,-10.543,-9.659,-9.499
fostamatinib_5280,-15.987
fostemsavir_5401,-17.059,-14.225
fotemustine_1249,-9.083,-8.902,-8.535
framycetin_1896,-15.990,-14.284,-13.046
frovatriptan_1251,-9.749,-9.729,-8.947
fructose_1252,-6.298,-6.288,-6.149
ftivazide_1253,-10.331,-10.316,-9.468
fudosteine_1254,-5.836,-5.813,-5.098
fulvestrant_1255,-14.348,-14.103,-13.504
fumagillin_3253,-11.582,-11.385,-11.069
fumaricacid_3229,-4.661,-4.652,-4.154
furalazine_70,-8.821,-8.624,-7.844
furaltadone_1256,-10.726,-10.233,-9.656
furamicid_3775,-6.235,-5.675,-5.243
furazidin_4869,-9.459,-9.181,-8.637
furazolidone_1257,-8.344,-8.075,-7.940
furfenorex_3752,-9.782,-9.390,-8.993
furonazide_3255,-8.836,-8.737,-8.115
furosemide_1258,-10.689,-10.390,-9.605
fursultiamine_1259,-12.339,-11.388,-11.383
furtrethonium_3256,-5.688,-5.394,-5.011
fusidicacid_1261,-17.089,-16.397,-16.298
futibatinib_5680,-13.539,-12.156,-10.917
fyticacid_3465,-13.441,-13.436,-13.427
gabapentin_1264,-7.764,-7.602,-6.900
gabapentinenacarbil_4177,-11.600,-11.530,-11.520
gabexate_3257,-8.730,-8.674,-8.227
galactose_1271,-6.272,-6.244,-5.475
galantamine_1272,-9.745,-9.744,-9.708
gallamine_1273,-16.094,-15.519,-15.349
gallopamil_1275,-15.121,-13.948,-13.133
gamithromycin_5548,-15.564,-15.449,-15.368
gamolenicacid_1276,-11.676,-11.128,-11.045
ganaxolone_5508,-13.925,-13.771,-12.728
ganciclovir_1277,-8.311,-8.128,-7.837
ganirelix_1279,-15.819
garenoxacin_4053,-13.748,-13.633,-13.482
gatifloxacin_1280,-11.768,-11.428,-11.346
gefapixant_5519,-10.800,-10.574,-10.364
gefarnate_1281,-12.876,-10.624,-10.401
gefitinib_1282,-14.709,-14.262,-12.643
gemcitabine_1283,-9.255,-8.846,-8.463
gemeprost_1284,-13.910,-13.533,-12.260
gemfibrozil_1285,-9.991,-9.801,-9.744
gemifloxacin_1286,-11.731,-11.727,-11.651
gemigliptin_4833,-15.947,-15.723,-15.465
gentianviolet_4138,-11.924,-11.894,-11.883
gentisicacid_3260,-6.601,-6.575,-6.412
gepefrine_1290,-7.067,-6.871,-6.130
gepirone_4562,-12.049,-9.741,-9.615
gestodene_1291,-13.790,-13.000,-12.511
gestonorone_4563,-13.035,-12.501,-12.182
gestonoronecaproate_3261,-15.713,-14.930,-14.915
gestrinone_1292,-13.795,-13.013,-12.504
gilteritinib_5306,-16.583
gimeracil_1293,-5.415,-5.339,-4.699
gitoformate_1296,-17.002,-16.430,-16.235
gitoxin_3262,-19.450,-16.670,-16.549
glafenine_1297,-12.388,-11.818,-11.443
glasdegib_5304,-13.352,-12.473,-11.982
glecaprevir_5243,-16.936,-16.659,-16.485
gleptoferron_5551,-11.957,-11.013,-10.408
glibenclamide_1314,-14.524,-13.906,-12.310
glibornuride_1298,-13.912,-13.161,-12.755
gliclazide_1299,-11.588,-11.504,-11.255
glimepiride_1300,-13.038,-12.902,-11.491
glipizide_1301,-13.731,-11.026,-10.994
gliquidone_1302,-13.415,-13.038,-12.654
glisentide_1303,-14.774,-14.552
glisolamide_1304,-13.361,-11.564,-11.537
glisoxepide_1305,-14.203,-14.050,-12.957
glucagon_2994,335349555.623
glucametacin_1306,-15.912,-14.647,-13.975
gluconicacid_3264,-6.661,-6.627,-5.752
gluconolactone_5144,-6.268,-6.246,-5.735
glucosamine_1307,-6.323,-6.070,-5.350
glucosaminylmuramyldipeptide_1322,-14.781,-14.338,-14.313
glucose-1-phosphate_3265,-7.721,-7.648,-7.523
glucose_845,-6.252,-6.196,-5.595
glucosulfone_1308,-14.089,-14.050,-13.090
glucurolactone_3266,-6.350,-6.285,-6.010
glucuronamide_1309,-6.784,-6.550,-5.963
glutamicacid_1310,-5.538,-5.494,-4.914
glutamine_1311,-5.493,-5.482,-4.899
glutaral_3267,-4.569,-4.558,-4.005
glutathione_1312,-9.566,-9.393,-8.890
glutethimide_1313,-10.356,-9.912,-9.129
glybuthiazol_3268,-10.257,-10.198,-9.519
glybuzole_1315,-10.080,-9.996,-9.788
glycerol_1316,-3.489,-3.474,-3.354
glycerolphenylbutyrate_4745,-15.532,-14.156,-13.517
glycerylphosphorylcholine_3906,-7.498,-7.483,-6.862
glyceryltrinitrate_1952,-7.112,-7.034,-6.960
glycine_1319,-3.000,-2.919,-2.560
glycolicacid_4645,-2.993,-2.954,-2.641
glycolsalicylate_3269,-7.708,-7.358,-6.667
glyconiazide_3270,-9.966,-9.820,-9.401
glycopyrroniumbromide_4302,-12.954,-11.680,-11.512
glycyclamide_1324,-11.045,-10.880,-10.245
glycyrrhizicacid_1325,-17.678,-17.163,-17.140
glyhexamide_3271,-12.327,-12.184,-11.486
glymidine_1321,-10.639,-9.922,-9.842
glypinamide_3449,-11.116,-10.893,-10.380
gonadorelin_2958,-18.424,-17.161
goserelin_1327,-20.496,-19.565
gossypol_1328,-16.217,-15.785,-14.895
granisetron_1329,-12.657,-11.591,-11.490
grapiprant_5552,-16.702
grazoprevir_5081,-15.481,-15.018,-14.960
grepafloxacin_1330,-11.634,-11.513,-11.287
griseofulvin_1331,-10.604,-10.481,-10.464
guabenxan_1332,-7.916,-7.612,-7.191
guacetisal_1333,-10.437,-10.113,-10.024
guaiacol_1334,-5.848,-5.556,-5.204
guaiacolbenzoate_3450,-9.755,-9.307,-9.121
guaiacolcarbonate_3451,-9.909,-9.828,-9.472
guaiacolphosphate_3452,-12.537,-12.135,-12.070
guaiapate_3453,-11.254,-11.128,-8.806
guaiazulen_3272,-9.389,-8.963,-8.865
guaifenesin_1336,-7.709,-7.433,-6.893
guaimesal_1337,-10.365,-10.265,-10.008
guamecycline_3273,-14.595,-14.176,-13.905
guanabenz_3952,-8.112,-7.699,-7.535
guanacline_3454,-7.398,-6.949,-6.768
guanadrel_1339,-8.574,-7.810,-7.524
guanazodine_3455,-7.802,-7.074,-6.801
guancidine_1341,-6.379,-5.982,-5.708
guanethidine_1342,-8.093,-7.547,-7.295
guanfacine_1343,-8.807,-8.671,-8.014
guanidine_1344,-2.442,-2.431,-1.996
guanoclor_4564,-8.668,-8.151,-7.974
guanoxabenz_1345,-8.504,-8.480,-7.947
guanoxan_1346,-8.358,-7.614,-7.249
gusperimus_1347,-9.102,-8.954,-8.006
halazepam_1348,-12.405,-11.997,-11.716
halcinonide_4507,-15.291,-15.242,-14.704
haletazole_3456,-12.535,-11.760,-11.356
halocarban_3108,-12.029,-11.621,-11.092
halofantrine_1350,-15.042,-14.560,-12.705
halofuginone_5553,-11.953,-11.567,-11.212
halometasone_1352,-14.899,-14.122,-13.806
haloperidol_1353,-13.725,-13.663,-12.744
haloperidoldecanoate_4496,-12.530,-12.260,-12.139
halopredoneacetate_1354,-16.513,-15.295,-15.283
haloprogin_1355,-7.964,-7.413,-7.410
halopropane_3457,-5.936,-5.398,-5.047
halothane_1356,-5.346,-5.025,-4.981
haloxazolam_1357,-10.702,-10.696,-10.638
haloxon_5554,-12.104,-11.875,-11.638
hematoporphyrin_3274,-14.327,-13.686,-13.528
hepronicate_1359,-15.883,-15.564,-14.181
heptabarb_1360,-10.848,-10.313,-9.549
heptaminol_1361,-6.363,-6.256,-5.657
heptobarbital_3815,-9.467,-8.327,-8.132
hesperetin_1362,-11.062,-10.829,-10.119
hetacillin_1363,-12.737,-12.474,-12.054
hexachlorophene_1364,-11.200,-10.425,-10.390
hexafluronium_1365,-18.231,-18.144,-15.822
hexamethonium_1366,-7.095,-7.094,-6.541
hexamidine_3275,-12.025,-9.976,-9.959
hexapropymate_1367,-8.081,-7.182,-6.962
hexcarbacholine_3458,-8.529,-8.502,-8.482
hexestrol_1368,-11.493,-10.477,-10.477
hexetidine_3277,-12.218,-12.125,-11.793
hexobarbital_1369,-9.911,-9.480,-8.600
hexobendine_1370,-12.028,-11.403,-11.288
hexocyclium_1371,-11.829,-11.566,-11.446
hexoprenaline_1372,-10.543,-10.539,-9.625
hexylcaine_1373,-10.905,-10.596,-10.390
hexyldecanoicacid_3278,-10.040,-9.903,-9.262
hexylresorcinol_1374,-8.786,-8.415,-8.323
hidrosmin_3956,-15.120,-13.968,-13.704
histamine_1375,-4.606,-4.477,-4.045
histapyrrodine_1376,-12.336,-10.979,-10.780
histidine_1377,-5.925,-5.780,-5.157
histrelin_2975,-19.564,-19.189
homarylamine_1378,-7.489,-7.022,-6.513
homatropine_1379,-11.158,-10.580,-10.111
homocamfin_3755,-7.549,-7.383,-6.877
homochlorcyclizine_1381,-11.249,-11.098,-10.679
homofenazine_1382,-13.978,-13.930,-13.918
homonicotinicacid_3505,-6.045,-5.938,-5.193
homosalate_3279,-10.712,-10.523,-9.887
hopantenicacid_3280,-8.390,-8.254,-7.385
hycanthone_1383,-12.298,-11.780,-11.488
hydracarbazine_5125,-6.088,-6.084,-5.839
hydralazine_1384,-7.559,-7.048,-6.559
hydrochlorothiazide_1385,-9.013,-8.869,-7.755
hydrocodone_1386,-10.470,-10.200,-10.070
hydrocortamate_1387,-16.429,-15.320,-13.900
hydrocortisone_1388,-14.122,-14.010,-12.917
hydrocortisoneaceponate_1389,-15.788,-15.216,-14.916
hydrocortisoneacetate_4213,-14.359,-14.082,-13.803
hydrocortisonebutyrate_3959,-15.704,-14.608,-14.508
hydrocortisonecypionate_1390,-17.859,-17.740,-17.048
hydrocortisonephosphate_5193,-14.521,-14.312,-14.179
hydrocortisoneprobutate_4569,-15.232,-15.080,-15.054
hydrocortisonesuccinate_4456,-15.724,-15.587,-15.391
hydrocortisonevalerate_4504,-16.250,-15.373,-15.314
hydroflumethiazide_1392,-11.007,-10.705,-9.554
hydromorphone_1393,-11.374,-10.351,-10.106
hydroquinidine_889,-12.587,-11.819,-11.759
hydroquinine_4570,-12.571,-11.952,-11.855
hydroquinone_3282,-5.381,-5.370,-4.636
hydroxyamfetamine_1394,-7.053,-6.795,-6.035
hydroxycarbamide_1399,-2.969,-2.938,-2.622
hydroxychloroquine_1395,-12.059,-11.371,-10.979
hydroxyestronediacetate_3115,-13.310,-13.181,-12.997
hydroxyethylpromethazine_4571,-11.121,-11.084,-10.952
hydroxymethylnicotinamide_1905,-6.439,-6.083,-5.418
hydroxypethidine_3288,-10.478,-9.539,-9.237
hydroxyprogesteronecaproate_4189,-16.451,-15.205,-15.158
hydroxyproline_4272,-5.022,-4.957,-4.466
hydroxystilbamidine_1398,-11.548,-11.088,-10.327
hydroxytetracaine_3291,-9.873,-9.481,-9.269
hydroxyzine_1400,-12.407,-11.982,-11.534
hygromycinb_5556,-13.393,-12.774,-12.519
hymecromone_1401,-8.186,-7.923,-7.319
hyoscyamine_1402,-11.419,-10.917,-10.475
ibacitabine_4572,-8.524,-8.284,-7.572
ibandronicacid_1404,-9.272,-9.162,-8.770
ibopamine_1405,-10.407,-10.355,-10.295
ibrexafungerp_5462,-19.023,-18.826,-18.723
ibrutinib_4810,-15.922,-15.788,-13.630
ibudilast_1406,-8.926,-8.721,-8.461
ibufenac_3293,-8.907,-8.538,-7.978
ibuprofen_1407,-9.209,-9.141,-8.504
ibuprofenguaiacolester_1410,-12.464,-11.974,-11.937
ibuprofenpiconol_1409,-12.220,-11.757,-11.710
ibuproxam_1411,-9.754,-9.357,-8.828
ibutilide_1412,-12.758,-11.830,-11.829
icatibant_4186,-11.912,-11.321
iclaprim_4573,-11.735,-11.535,-11.476
icosapentethyl_1413,-12.604,-12.320,-11.837
icotinib_5209,-12.946,-12.904,-12.591
idanpramine_4574,-14.109,-13.532,-13.319
idarubicin_1414,-16.458,-15.158,-15.107
idebenone_1416,-11.486,-10.922,-10.460
idelalisib_4878,-14.716,-14.020,-13.603
idoxuridine_1417,-8.530,-8.522,-7.749
idrocilamide_1418,-8.522,-7.797,-7.706
ifenprodil_1419,-12.889,-12.519,-12.365
ifosfamide_1421,-7.504,-7.303,-7.052
iguratimod_4894,-12.163,-12.106,-11.643
ilaprazole_3961,-12.391,-12.155,-11.812
iloperidone_3294,-14.604,-14.597,-12.167
iloprost_1422,-12.696,-10.355,-10.083
imatinib_1423,-16.186,-15.632
imeglimin_5483,-5.826,-5.600,-5.472
imepitoin_5558,-10.219,-8.968,-8.945
imiclopazine_3758,-14.467,-14.008,-11.880
imidacloprid_5559,-9.111,-8.032,-7.953
imidafenacin_4902,-12.452,-11.913,-11.858
imidapril_1424,-12.299,-12.215,-12.078
imidocarb_5560,-12.345,-12.304,-11.781
imipenem_1426,-9.802,-9.118,-8.891
imipramine_1427,-11.731,-10.954,-10.876
imipramineoxide_3295,-12.106,-11.352,-11.274
imiquimod_1429,-9.333,-9.003,-8.963
imolamine_1430,-9.716,-9.296,-9.133
improsulfan_3296,-8.088,-8.080,-8.028
imrecoxib_5250,-12.759,-12.724,-12.341
inaperisone_3297,-10.139,-10.077,-9.706
incadronicacid_1431,-9.581,-9.272,-8.312
indacaterol_4183,-14.994,-14.159,-14.105
indalpine_1432,-9.761,-9.500,-9.331
indanazoline_3298,-9.147,-8.582,-8.343
indapamide_1433,-12.226,-12.155,-11.887
indecainide_1434,-12.349,-11.928,-11.732
indeloxazine_1435,-9.941,-9.239,-8.920
indigocarmine_4575,-13.103,-13.047,-12.396
indinavir_1437,-14.339,-13.961,-13.816
indisetron_1438,-11.795,-11.662,-11.016
indobufen_1439,-11.528,-11.406,-10.803
indocyaninegreen_3300,-16.985,-16.554,-16.505
indomethacin_1440,-11.826,-11.758,-11.536
indoprofen_1442,-11.314,-11.136,-10.597
indoramin_1443,-13.960,-13.759,-13.264
infigratinib_5459,-12.932,-12.470,-12.105
ingenolmebutate_4226,-14.739,-14.342,-13.955
inosine_3301,-8.967,-8.872,-8.376
inositol_1444,-6.168,-6.166,-6.103
inositolnicotinate_1445,-14.320,-14.297,-14.280
inqovi_5402,-9.305,-9.182,-8.489
intoplicine_1446,-12.340,-12.016,-11.887
iobenguane123I_1448,-6.975,-6.927,-6.755
iobenguane131I_4577,-7.012,-6.863,-6.492
iobenzamicacid_3759,-10.963,-10.869,-10.778
iobitridol_1449,-13.823,-13.660,-13.427
iocarmicacid_1450,-13.932,-13.917,-13.318
iocetamicacid_1451,-9.107,-9.088,-8.963
iodamide_1452,-9.533,-9.311,-9.249
iodinatedglycerol_1454,-5.603,-5.593,-5.081
iodixanol_3302,-17.047,-14.913
iodocholesterol131I_4578,-15.478,-15.339,-14.089
iodoform_4579,-3.063,-2.787,-2.599
iodohippuratesodiumI125_4827,-8.086,-7.765,-7.716
iodohippuratesodiumI131_4828,-8.081,-7.734,-7.310
iodol_3305,-5.127,-5.119,-4.762
iodothiouracil_1458,-5.068,-4.906,-4.456
iodoxamicacid_3966,-11.406,-11.357,-11.074
ioglicicacid_4580,-10.532,-10.521,-10.439
ioglycamicacid_3306,-14.041,-13.371,-13.258
iohexol_1461,-13.108,-12.759,-11.045
iomazenil123I_1462,-10.456,-9.872,-9.862
iomeglamicacid_3307,-9.339,-9.176,-9.132
iomeprol_1463,-12.616,-12.060,-12.048
iopamidol_1464,-12.477,-12.338,-12.208
iopanoicacid_1465,-8.981,-7.963,-7.920
iopentol_1466,-13.755,-12.991,-10.901
iophenoicacid_3308,-9.018,-8.052,-7.998
iopodicacid_1474,-8.645,-8.484,-8.448
iopromide_1468,-12.783,-12.702,-12.653
iopronicacid_3200,-11.410,-10.994,-10.509
iopydol_4581,-7.113,-6.864,-6.482
iotalamicacid_1469,-8.953,-8.897,-8.887
iotrolan_1470,-17.819,-15.406
iotroxicacid_3991,-11.265,-11.181,-11.152
ioversol_1471,-13.290,-13.181,-13.117
ioxaglicacid_1472,-13.661,-13.459,-13.374
ioxilan_1473,-12.599,-12.537,-12.503
ioxitalamicacid_4582,-9.839,-9.752,-9.660
ipidacrine_4808,-8.983,-8.905,-7.705
ipragliflozin_4890,-13.542,-13.398,-13.311
ipratropium_1475,-12.933,-12.438,-12.416
iprazochrome_1476,-9.054,-9.042,-8.929
ipriflavone_1477,-11.568,-11.015,-10.761
iprindole_1478,-11.931,-10.813,-10.563
iproclozide_1479,-9.019,-8.459,-8.132
iproheptine_3783,-7.614,-7.264,-7.000
iproniazid_1480,-7.425,-6.980,-6.569
irbesartan_1481,-15.464,-14.902,-14.860
irinotecan_1482,-14.652,-13.567,-13.310
irofulven_1483,-11.119,-10.745,-9.638
iron_4277,-1.436,-1.327,-1.225
irsogladine_1484,-8.989,-8.564,-7.916
isavuconazonium_4947,-15.631,-15.474,-14.336
isaxonine_1485,-5.795,-5.532,-5.012
isepamicin_1486,-14.175,-13.956,-13.324
isoaminile_1487,-10.491,-9.958,-9.538
isobromindione_1488,-10.599,-10.065,-9.764
isocarboxazid_1490,-9.516,-9.465,-8.689
isoconazole_3309,-11.960,-11.808,-11.749
isoetarine_1491,-9.651,-9.005,-8.628
isofezolac_1492,-13.580,-13.241,-13.177
isoflupredoneacetate_4962,-14.899,-14.462,-14.127
isoflurane_1493,-6.791,-6.394,-6.255
isoleucine_4129,-5.430,-5.351,-4.899
isomethadone_1495,-12.012,-11.708,-11.495
isometheptene_1496,-6.592,-6.322,-5.756
isoniazid_1497,-5.952,-5.876,-5.151
isonixin_1498,-9.943,-9.882,-9.366
isoprenaline_1499,-8.350,-7.936,-7.419
isopromethazine_3761,-9.740,-9.725,-9.530
isopropamide_1500,-13.082,-13.034,-12.899
isopropanol_4215,-3.192,-2.943,-2.564
isosorbide_1501,-5.285,-5.272,-4.615
isosorbidedinitrate_1505,-7.930,-7.854,-7.071
isosorbidemononitrate_1506,-6.632,-6.631,-6.004
isothipendyl_1507,-9.618,-9.418,-9.169
isotretinoin_1508,-12.624,-12.052,-11.753
isovaleryldiethylamide_3762,-6.542,-6.505,-5.793
isoxepac_3310,-11.137,-10.873,-10.319
isoxicam_1509,-11.350,-11.071,-10.671
isoxsuprine_1510,-11.932,-11.786,-11.341
isradipine_1511,-11.823,-11.555,-11.485
istradefylline_4882,-12.804,-12.148,-11.905
itopride_1512,-11.763,-11.414,-10.909
itraconazole_1513,-14.171,-13.560,-13.264
itramintosilate_4583,-3.886,-3.811,-3.690
ivabradine_3312,-12.161,-11.369,-11.295
ivacaftor_4228,-14.406,-14.049,-13.592
ivosidenib_5292,-17.085,-16.887,-14.143
ixabepilone_1517,-15.567,-14.865,-14.657
josamycin_1518,-16.768,-16.374,-16.033
kainicacid_3201,-8.460,-8.450,-7.568
kanamycin_1519,-12.890,-12.223,-12.138
kebuzone_1522,-11.936,-11.711,-11.661
keracyanin_3975,-12.936,-12.769,-12.399
ketamine_1523,-10.016,-9.741,-8.348
ketanserin_1524,-14.911,-14.389,-14.152
ketazolam_1525,-12.498,-12.438,-12.391
ketobemidone_1526,-10.014,-8.930,-8.919
ketoconazole_1527,-15.842,-14.417,-13.146
ketoprofen_1528,-10.956,-10.279,-9.818
ketorolac_1529,-10.807,-10.186,-9.672
ketotifen_1530,-11.146,-10.810,-10.254
ketoxal_3202,-5.826,-5.316,-5.000
khellin_3313,-8.983,-8.647,-8.555
kinetin_3976,-8.189,-7.276,-7.139
kojicacid_3977,-5.676,-5.455,-4.807
labetalol_1531,-12.950,-12.749,-11.793
lacidipine_1532,-13.911,-13.643,-13.472
lacosamide_4310,-10.034,-8.858,-8.851
lacticacid_1533,-3.795,-3.671,-3.587
lactitol_1534,-9.636,-9.315,-9.184
lactose_1535,-9.545,-9.425,-9.392
lactulose_1536,-10.475,-9.588,-9.546
lafutidine_1537,-14.104,-13.776
laidlomycinpropionatepotassium_5564,-15.790,-15.612,-15.603
lamivudine_1539,-7.712,-7.313,-7.119
lamotrigine_1540,-8.744,-8.545,-7.788
lanatosideC_1543,-17.241,-16.940,-16.877
landiolol_1545,-11.836,-10.716,-10.597
laninamiviroctanoatehydrate_4822,-13.960,-13.810,-11.636
lanoconazole_3979,-9.861,-9.755,-9.503
lanreotide_1546,-21.506,-19.084,-18.910
lansoprazole_1547,-12.802,-12.179,-11.990
lapatinib_1548,-15.913,-15.702,-15.062
lapyriumchloride_3314,-8.988,-8.936,-8.841
laquinimod_4825,-11.991,-11.872,-11.634
laropiprant_4326,-13.263,-13.258,-13.140
larotrectinib_5305,-14.665,-14.104,-13.729
lasalocid_5565,-17.344,-14.579
lascufloxacin_5370,-13.888,-13.520,-13.015
lasmiditan_5351,-13.681,-12.749,-12.190
lasofoxifene_4308,-15.570,-14.904,-14.898
latamoxef_1851,-14.296,-14.030,-13.666
latanoprost_1551,-14.744,-14.236,-12.357
latanoprostenebunod_5261,-12.458,-11.801,-11.106
lauroguadine_3315,-10.080,-10.046,-9.951
ledipasvir_4899,-17.141,-16.633,-16.259
lefamulin_5348,-16.106,-16.064,-15.924
lefetamine_3316,-10.255,-10.064,-9.537
leflunomide_1552,-11.184,-10.732,-10.112
leiopyrrole_3765,-13.241,-12.368,-12.050
lemborexant_5360,-14.134,-13.278,-13.170
lenacapavir_5704,-18.408,-18.222,-17.681
lenalidomide_3317,-10.194,-10.022,-9.330
lenampicillin_1553,-14.576,-14.358,-13.980
lenvatinib_4942,-14.310,-14.026,-13.767
lercanidipine_4157,-16.695,-14.939,-14.732
lesinurad_5075,-11.803,-11.544,-11.404
leteprinim_3318,-11.550,-11.183,-10.724
letermovir_5262,-17.520,-17.491,-16.755
letosteine_1555,-8.152,-8.067,-7.691
letrozole_1556,-10.510,-10.476,-10.448
leucine_1557,-5.540,-5.365,-5.360
leucinocaine_3766,-10.339,-10.030,-9.837
leucovorin_1232,-13.188,-11.744,-11.362
leuprorelin_1559,-19.259
levallorphan_1560,-13.447,-11.855,-11.720
levamfetamine_1562,-6.902,-6.537,-6.002
levamisole_1561,-8.401,-7.540,-7.501
levamlodipine_4099,-12.800,-12.250,-12.162
levdobutamine_13,-12.274,-11.932,-10.700
levetiracetam_1563,-6.885,-5.969,-5.808
levisoprenaline_2388,-8.352,-8.163,-7.950
levmetamfetamine_4641,-7.492,-7.006,-6.615
levobetaxolol_4752,-10.558,-10.200,-9.338
levobunolol_431,-11.447,-11.153,-10.494
levobupivacaine_4,-10.707,-10.449,-10.402
levocabastine_1564,-15.827,-15.793,-15.469
levocarnitine_513,-5.952,-5.600,-5.010
levocarnitinepropionate_4040,-6.908,-6.696,-6.693
levocetirizine_1566,-13.069,-12.896,-12.281
levodopa_1567,-7.997,-7.520,-6.874
levodropropizine_1568,-9.197,-8.699,-8.355
levofacetoperane_3319,-9.599,-9.183,-8.826
levofloxacin_1569,-11.377,-11.029,-10.886
levofolinicacid_4384,-11.762,-11.338,-11.235
levomefolicacid_4621,-13.723,-13.516,-12.019
levomenol_4619,-10.011,-9.792,-9.442
levomenthol_934,-7.428,-7.193,-6.552
levomepromazine_1752,-10.802,-10.741,-10.593
levomethadone_4586,-11.970,-11.574,-11.555
levomethadylacetate_1571,-12.753,-12.590,-12.372
levomilnacipran_4864,-10.528,-9.741,-9.315
levomoprolol_3981,-9.140,-8.452,-8.142
levonorgestrel_1572,-13.794,-12.995,-12.518
levopropoxyphene_1573,-12.776,-12.725,-12.308
levornidazole_5254,-7.765,-7.699,-7.632
levorphanol_1574,-11.874,-11.377,-10.190
levosalbutamol_1575,-9.427,-8.966,-8.456
levosimendan_1576,-10.362,-9.879,-9.722
levosulpiride_1577,-10.993,-10.644,-10.625
levothyroxine_2646,-11.508,-10.378,-10.366
levoverbenone_4587,-7.687,-7.684,-7.311
lidamidine_1578,-8.977,-8.181,-8.146
lidocaine_1579,-9.583,-9.082,-8.661
lidofenin_3322,-9.894,-9.862,-9.844
lidoflazine_1580,-17.163,-16.437,-15.290
lifitegrast_5174,-14.096,-13.850,-13.836
limaprost_1581,-13.238,-12.958,-12.487
linaclotide_4622,-16.413,-15.983,-15.605
linagliptin_4175,-15.528,-15.076,-14.984
lincomycin_1582,-11.934,-11.555,-11.544
lindane_1583,-6.956,-6.870,-5.986
linezolid_1584,-11.090,-10.841,-10.791
linoleicacid_3323,-11.876,-9.796,-9.766
linolenicacid_4618,-10.934,-10.795,-10.711
linopirdine_4588,-14.661,-14.270,-13.967
linsidomine_4589,-6.135,-6.100,-5.523
linzagolix_5701,-15.013,-14.542,-14.132
liothyronine_1585,-11.021,-10.527,-10.515
liraglutide_4164,848588868.821
liranaftate_1586,-11.702,-11.646,-11.146
lisdexamfetamine_4135,-10.776,-10.061,-9.744
lisinopril_1587,-14.285,-14.038,-13.285
lisuride_1588,-12.350,-11.416,-11.387
lividomycin_1589,-16.037,-15.354,-15.124
lixisenatide_4815,2399250817.100
lobeglitazone_5078,-12.288,-12.201,-12.049
lobenzarit_1591,-9.985,-9.947,-9.635
lodoxamide_3325,-9.048,-8.938,-8.917
lofepramine_1592,-15.772,-15.695,-15.534
lofexidine_1593,-8.718,-8.295,-7.825
loflucarban_3326,-10.498,-10.122,-9.323
lomefloxacin_1594,-10.997,-10.965,-10.868
lomerizine_1595,-14.639,-14.269,-13.513
lomifylline_3983,-9.567,-9.046,-8.872
lomitapide_4721,-21.889
lomustine_1596,-8.354,-7.936,-7.570
lonafarnib_5414,-15.758,-14.733,-14.132
lonazolac_1597,-11.151,-10.873,-10.859
lonidamine_1598,-10.547,-10.328,-10.233
loperamide_1599,-16.887,-15.711,-15.698
loperamideoxide_1600,-17.495,-16.300,-16.100
lopinavir_1601,-19.056
loprazolam_1602,-13.996,-13.771,-13.490
loprodiol_3807,-5.616,-5.530,-5.470
loracarbef_1603,-11.336,-11.090,-11.018
lorajmine_1604,-12.877,-12.833,-12.772
loratadine_1605,-12.931,-12.709,-12.667
lorazepam_1606,-10.275,-10.253,-10.136
lorcainide_1607,-12.798,-12.782,-12.518
lorcaserin_4374,-8.265,-8.200,-7.388
loretin_3287,-7.784,-7.480,-7.381
lorlatinib_5302,-13.052,-13.048,-13.030
lormetazepam_1608,-10.659,-10.447,-10.353
lornoxicam_1609,-10.763,-10.757,-10.504
lorpiprazole_5098,-14.846,-14.674,-14.439
losartan_1610,-13.708,-13.113,-12.905
loteprednoletabonate_1611,-16.191,-14.820,-14.402
lotilaner_5567,-16.888,-16.700,-15.697
lovastatin_1612,-13.458,-13.116,-13.002
loxapine_1613,-11.120,-11.044,-10.870
loxiglumide_1614,-13.090,-12.976,-12.628
loxoprofen_1615,-10.428,-10.416,-9.964
lubabegron_5568,-16.111,-15.851,-13.853
lubeluzole_3328,-14.606,-13.169
lubiprostone_4123,-13.099,-13.051,-12.892
lucanthone_1616,-12.744,-12.099,-11.701
lucimycin_3329,-15.883,-15.126,-14.781
lufenuron_5569,-16.060,-14.241,-14.159
luliconazole_4813,-10.253,-10.011,-9.715
lumacaftor_5010,-16.647,-15.785,-15.164
lumateperone_5358,-14.548,-13.317,-12.845
lumefantrine_1617,-16.533,-15.152,-15.006
lumiracoxib_1618,-10.027,-9.788,-9.731
luprostiol_5570,-14.018,-13.709,-13.395
lurasidone_4168,-15.761,-15.597,-15.472
lurbinectedin_5398,-23.121,-21.781
luseogliflozin_4891,-13.915,-13.311,-12.957
lusutrombopag_5059,-17.907,-16.215
lutein_4145,-12.539,-12.502,-12.321
lycopene_4617,-11.866,-10.840,-10.743
lymecycline_1619,-14.167,-14.023,-12.659
lynestrenol_1620,-12.759,-12.722,-11.659
lypressin_2959,-18.989,-17.651,-17.611
lysergide_1621,-11.845,-11.354,-11.249
lysine_1622,-5.699,-5.651,-5.135
mabuprofen_3986,-10.253,-9.665,-9.494
mabuterol_1623,-10.809,-10.303,-10.292
macimorelin_5271,-15.328,-14.972,-14.705
macitentan_4809,-12.690,-12.386,-12.205
maduramicin_5571,-18.285,-18.019,-18.014
mafenide_1624,-7.243,-7.086,-6.194
magnesiumhydroxide_4244,-1.712,-1.671,-1.608
magnesiumoxide_4293,-1.658,-1.638,-1.502
magnesiumperoxide_4595,-2.146,-2.043,-2.011
malathion_1626,-9.145,-9.012,-8.924
malotilate_1627,-8.272,-7.907,-7.882
maltose_1628,-9.557,-9.446,-9.379
mandelicacid_1629,-6.831,-6.627,-6.168
manidipine_1631,-15.837,-14.520,-14.447
mannitehexanitrate_3330,-11.223,-11.203,-11.202
mannitol_935,-6.175,-6.157,-5.378
mannomustine_1633,-8.508,-8.488,-7.977
mannosulfan_4598,-10.878,-10.846,-10.821
maprotiline_1634,-12.858,-11.951,-11.813
maralixibathydrochloride_5473,-16.237,-16.031,-15.522
maraviroc_1635,-17.637,-17.532,-17.203
marbofloxacin_5572,-11.245,-10.681,-10.502
maribavir_5496,-10.613,-10.462,-10.248
maropitant_5573,-16.870,-16.831,-16.749
masoprocol_1637,-11.564,-11.557,-10.890
mavacamten_5511,-10.651,-10.456,-9.881
maxacalcitol_1638,-15.072,-14.738,-14.527
mazaticol_1639,-13.522,-13.084,-12.664
mazindol_1640,-11.369,-11.315,-10.524
mazipredone_3331,-15.355,-14.728,-12.875
mebanazine_4865,-6.800,-6.427,-5.973
mebendazole_1641,-12.039,-10.883,-10.823
mebeverine_1642,-13.908,-10.916
mebhydrolin_1643,-12.191,-10.703,-10.700
mebicar_4861,-6.224,-5.919,-5.918
mebrofenin_3332,-10.938,-10.769,-10.748
mebutamate_1644,-8.432,-8.161,-7.420
mebutizide_1645,-11.317,-11.287,-10.872
mecamylamine_1646,-8.423,-8.249,-7.481
mechlorethamine_1647,-4.645,-4.620,-4.360
mecillinam_1648,-10.843,-10.256,-10.113
meclocycline_3333,-14.134,-14.058,-14.036
meclofenamicacid_1650,-10.560,-9.570,-9.283
meclofenoxate_1651,-9.242,-8.387,-8.128
mecloqualone_3334,-10.690,-10.295,-9.917
mecloralurea_3767,-6.404,-5.966,-5.855
mecloxamine_1652,-11.781,-11.306,-11.277
meclozine_1649,-13.614,-13.529,-13.057
mecysteine_1653,-4.313,-4.046,-3.700
medazepam_1654,-10.221,-9.986,-9.506
medetomidine_1655,-9.348,-9.003,-8.342
medibazine_3768,-14.366,-14.100,-13.932
medifoxamine_1656,-9.632,-9.570,-9.244
medrogestone_1657,-14.364,-13.678,-13.551
medroxalol_1658,-13.457,-13.126,-11.982
medroxyprogesterone_1659,-14.508,-13.893,-13.614
medrylamine_1661,-11.391,-10.483,-10.432
medrysone_1662,-13.342,-12.530,-12.516
mefenamicacid_1663,-11.027,-10.493,-9.736
mefenorex_1664,-8.750,-8.274,-8.273
mefexamide_3769,-10.391,-9.750,-9.671
mefloquine_1665,-13.791,-12.873,-12.690
mefruside_1666,-11.646,-11.434,-10.954
mefuparib_5378,-11.819,-11.452,-11.331
megestrolacetate_1667,-14.498,-14.138,-13.968
meglumine_5194,-6.527,-6.138,-5.674
meglutol_1670,-6.191,-6.167,-5.691
meladrazine_3756,-8.055,-8.028,-7.994
melatonin_1672,-8.928,-8.747,-8.121
meldonium_3995,-5.452,-5.136,-4.720
melengestrolacetate_5576,-14.577,-14.227,-14.157
melevodopa_1673,-8.581,-7.738,-7.307
melinamide_1674,-15.197,-15.099,-14.663
melitracen_1675,-12.681,-11.994,-11.659
meloxicam_1676,-11.424,-11.044,-10.512
melperone_1677,-10.953,-10.676,-10.184
melphalan_1678,-9.409,-9.355,-9.340
melphalanflufenamide_5445,-15.770,-14.079
memantine_1679,-9.280,-9.168,-8.587
menadiolsodiumdiphosphate_5032,-11.312,-10.516,-9.675
menadiolsulfate_1680,-10.726,-10.223,-9.581
menadione_1683,-8.462,-8.349,-7.423
menadionesodiumbisulfite_1684,-9.466,-9.409,-8.413
menadoxime_3337,-10.252,-9.202,-9.157
menatetrenone_1685,-12.989,-12.051,-11.618
menbutone_3338,-10.145,-10.059,-9.544
menthylsalicylate_4460,-10.493,-10.345,-10.099
meobentine_3340,-8.167,-7.716,-7.255
mepacrine_2338,-13.827,-11.816,-11.762
mepenzolate_1689,-13.767,-12.172,-12.082
mephenesin_1691,-7.895,-7.291,-7.008
mephenesincarbamate_1692,-9.047,-8.294,-8.105
mephenoxalone_1693,-8.325,-8.233,-7.868
mephentermine_1694,-7.996,-7.824,-7.153
mephenytoin_1695,-9.500,-8.190,-8.078
mepindolol_1697,-10.017,-9.840,-9.411
mepiperphenidol_1698,-11.785,-11.418,-11.104
mepiprazole_5097,-11.014,-10.584,-10.534
mepitiostane_1699,-14.409,-14.274,-14.026
mepivacaine_1700,-9.787,-9.424,-9.286
mepixanox_1701,-12.240,-12.034,-11.617
meprednisone_1702,-13.761,-13.547,-13.043
meprobamate_1704,-7.996,-7.736,-7.242
meproscillarin_1705,-13.818,-13.723,-13.652
meprotixol_4656,-11.394,-10.889,-10.773
meprylcaine_3770,-9.496,-9.469,-9.276
meptazinol_1706,-10.054,-9.661,-8.860
mepyramine_2331,-11.251,-10.189,-9.881
mequinol_4221,-5.883,-5.473,-5.257
mequitazine_1707,-12.835,-12.049,-11.713
meradimate_4444,-10.517,-10.285,-10.128
mercaptamine_768,-2.521,-2.494,-2.307
mercaptopurine_1708,-5.189,-5.147,-4.889
mercuricamidochloride_4786,-2.141,-1.874,-1.850
mercuricchloride_4787,-2.494,-2.200,-2.100
mercuriciodide_4789,-2.223,-1.885,-1.880
meropenem_1709,-11.545,-11.198,-11.027
mesalazine_1710,-6.602,-6.504,-6.458
mesna_1711,-3.970,-3.799,-3.737
mesoridazine_1712,-12.076,-11.759,-11.713
mestanolone_3341,-13.085,-13.051,-11.827
mesterolone_3342,-13.097,-12.974,-11.952
mestranol_1714,-13.130,-12.087,-12.013
mesulfen_3343,-9.296,-9.291,-8.633
metabutethamine_4658,-9.491,-9.216,-8.648
metabutoxycaine_3771,-11.176,-11.089,-10.746
metaclazepam_1716,-11.036,-11.001,-10.820
metacycline_1727,-14.185,-13.727,-13.534
metahexamide_1717,-11.291,-11.170,-10.326
metamfepramone_3772,-8.123,-7.027,-7.006
metamizole_4659,-10.533,-10.044,-9.808
metampicillin_1718,-11.960,-11.828,-11.763
metandienone_1734,-13.082,-13.062,-11.810
metapramine_1719,-10.525,-9.846,-9.287
metaraminol_1721,-7.234,-7.114,-6.205
metaxalone_1722,-9.050,-8.818,-8.640
metergoline_1723,-14.908,-13.927,-12.618
metesculetol_1724,-9.707,-8.967,-8.886
metformin_1725,-4.589,-4.534,-4.131
methacholine_1726,-5.864,-5.764,-5.548
methadone_1728,-11.969,-11.580,-11.546
methallatal_3773,-8.866,-8.282,-7.741
methallenestril_1731,-11.849,-11.309,-11.217
methamphetamine_1732,-7.478,-7.036,-6.643
methandriol_1733,-13.069,-13.055,-11.826
methaniazide_1735,-7.894,-7.539,-6.863
methanthelinium_1736,-12.428,-12.022,-11.992
methaphenilene_1737,-10.008,-9.114,-8.636
methapyrilene_1738,-9.614,-8.397,-8.360
methaqualone_1739,-11.096,-10.710,-10.021
metharbital_1740,-8.347,-8.023,-7.266
methazolamide_1741,-6.976,-6.965,-6.614
methdilazine_1742,-11.186,-10.801,-10.369
methenamine_3344,-5.812,-5.213,-5.064
methenolone_1743,-13.085,-12.711,-11.946
methestrol_3345,-11.872,-11.245,-11.245
methestroldipropionate_2287,-14.203,-13.435,-13.420
methiodal_3346,-3.793,-3.668,-3.443
methionine_3347,-5.104,-4.726,-4.374
methiosulfoniumchloride_3354,-5.545,-5.259,-4.718
methitural_3348,-8.855,-8.666,-8.369
methocarbamol_1747,-8.521,-8.254,-7.938
methohexital_1748,-10.505,-9.576,-9.473
methopromazine_1756,-10.379,-10.247,-10.178
methoserpidine_1750,-14.313,-14.146,-13.534
methotrexate_1751,-14.616,-13.768,-13.739
methoxamine_1753,-8.122,-7.788,-6.992
methoxsalen_30,-9.005,-8.368,-8.268
methoxyflurane_1754,-5.360,-5.130,-4.724
methoxyphenamine_1755,-7.555,-7.505,-6.875
methscopolamine_1757,-12.157,-11.841,-11.030
methsuximide_1758,-9.245,-8.648,-8.314
methylaminolevulinate_168,-5.435,-5.338,-5.027
methylatropine_4660,-11.876,-11.314,-10.903
methylchromone_3632,-7.719,-7.674,-6.672
methylclothiazide_1759,-10.159,-10.155,-9.244
methyldopa_1762,-8.802,-8.750,-7.586
methyldopate_4218,-9.620,-8.875,-8.451
methylephedrine_3351,-8.098,-7.389,-7.001
methylergometrine_1764,-11.617,-11.513,-11.466
methylestrenolone_1970,-12.574,-12.287,-11.252
methylhexaneamine_3353,-5.311,-5.252,-5.097
methylhomatropine_1380,-11.686,-11.067,-10.513
methylnaltrexone_4616,-13.085,-12.141,-11.964
methylnicotinate_3355,-5.875,-5.482,-5.193
methylparaben_1766,-6.953,-6.389,-5.865
methylpentynol_1687,-5.530,-4.907,-4.745
methylphenidate_1767,-10.231,-9.496,-8.910
methylphenobarbital_1696,-10.599,-10.044,-9.418
methylprednisolone_1768,-13.788,-13.465,-13.193
methylprednisoloneaceponate_1769,-15.813,-15.313,-15.056
methylprednisoloneacetate_1770,-14.798,-14.379,-13.888
methylprednisolonesuccinate_1771,-16.352,-15.742,-15.649
methylprednisolonesuleptanate_1772,-13.954,-13.714,-13.692
methylrosaniline_4670,-12.489,-12.435,-12.415
methylsalicylate_4245,-6.861,-6.493,-6.137
methylsulfonal_3570,-7.559,-7.300,-7.143
methyltestosterone_3356,-13.062,-13.057,-11.766
methylthioniniumchloride_1763,-9.880,-9.872,-9.051
methylthiouracil_1773,-5.248,-5.202,-5.074
methyprylon_1774,-8.156,-8.112,-7.244
methysergide_1775,-12.726,-12.105,-12.075
metiazinicacid_1776,-10.090,-9.971,-9.548
meticillin_1744,-11.619,-11.278,-11.146
meticrane_1777,-9.589,-9.561,-8.285
metildigoxin_1761,-16.931,-16.253,-16.215
metipamide_1778,-10.920,-10.646,-10.343
metipranolol_1779,-11.409,-10.407,-10.342
metirosine_1792,-8.527,-8.467,-7.420
metisazone_1746,-8.101,-8.023,-7.691
metixene_1780,-12.236,-11.369,-11.054
metizoline_4671,-9.077,-8.847,-8.295
metochalcone_1781,-11.415,-10.668,-10.603
metoclopramide_1782,-10.072,-10.026,-9.213
metofenazate_3357,-14.174,-13.761,-13.079
metofoline_1749,-11.683,-11.674,-11.142
metolazone_1783,-12.389,-11.257,-11.251
metopimazine_1784,-13.873,-13.329,-13.260
metopon_1785,-11.939,-11.608,-10.709
metoprolol_1786,-9.524,-9.302,-9.268
metoserpate_5577,-13.970,-13.335,-12.748
metralindole_3358,-10.088,-9.139,-8.975
metrifonate_1787,-6.876,-5.965,-5.862
metrizamide_1788,-13.286,-12.821,-12.781
metrizoicacid_1789,-9.317,-9.289,-9.283
metronidazole_1790,-6.495,-6.320,-6.203
meturedepa_3784,-9.948,-8.785,-8.746
metyrapone_1791,-9.871,-9.559,-8.724
mexazolam_1793,-11.296,-11.258,-11.224
mexenone_3359,-10.658,-9.329,-9.211
mexiletine_1794,-7.980,-7.642,-7.210
mezlocillin_1795,-14.976,-14.663,-14.161
mianserin_1796,-10.506,-10.481,-10.070
mibefradil_1797,-15.176,-14.354,-13.470
mibolerone_5578,-12.988,-12.695,-11.735
micafungin_1798,-17.609,-14.896
micinicate_1799,-13.536,-13.108,-13.038
miconazole_1800,-11.846,-11.592,-11.553
micronomicin_1801,-12.921,-12.744,-12.674
midazolam_1802,-11.295,-11.131,-11.098
midodrine_1803,-8.540,-8.280,-8.262
midostaurin_5231,-18.539,-17.608,-17.545
mifamurtide_2960,56.013
mifepristone_1805,-15.619,-15.392,-15.275
migalastat_5110,-5.944,-5.729,-4.947
miglitol_1806,-7.219,-7.156,-6.348
miglustat_1807,-7.912,-7.748,-7.188
milbemycinoxime_5579,-19.919,-19.144,-18.438
milnacipran_1808,-10.521,-9.152,-9.139
miloxacin_3360,-8.594,-8.584,-8.427
milrinone_1809,-8.936,-8.912,-8.720
miltefosine_1810,-9.098,-8.666,-8.617
milverine_3996,-12.725,-11.504,-11.357
mimosine_1811,-7.316,-7.168,-6.380
minaprine_1812,-11.390,-10.894,-10.879
minocycline_1813,-13.812,-13.768,-13.665
minodronicacid_4074,-10.332,-9.622,-9.036
minoxidil_1814,-8.260,-8.153,-7.786
miocamycin_1815,-18.146,-17.713,-17.671
mirabegron_4382,-13.946,-13.752,-13.529
mirodenafil_5005,-14.253,-12.246,-11.934
mirogabalin_5491,-8.932,-8.923,-8.083
mirtazapine_1816,-10.278,-10.010,-10.009
misoprostol_1817,-13.313,-11.638,-10.791
mitapivat_5506,-14.843,-14.640,-14.109
mitiglinide_1818,-12.961,-12.167,-12.145
mitobronitol_858,-6.294,-6.233,-5.792
mitoguazone_3362,-6.517,-6.253,-6.123
mitolactol_857,-6.306,-6.296,-5.790
mitomycin_1819,-10.159,-10.154,-10.121
mitopodozide_2312,-12.916,-12.847,-12.515
mitotane_1820,-10.934,-10.640,-9.905
mitoxantrone_1821,-13.170,-10.754,-10.714
mivacurium_1822,-17.191,-16.203,-15.672
mivotilate_1823,-9.547,-9.480,-9.172
mizolastine_1824,-13.723,-13.715,-13.330
mizoribine_3363,-8.274,-8.265,-8.063
mobocertinib_5471,-13.087,-12.767,-12.359
moclobemide_1825,-9.841,-9.147,-8.816
modafinil_1826,-10.400,-10.027,-9.813
moexipril_1827,-15.104
mofebutazone_1828,-9.473,-9.377,-8.977
mofezolac_1829,-11.656,-11.266,-11.003
molidustat_5486,-10.337,-9.999,-9.952
molindone_1830,-10.665,-9.660,-9.580
molnupiravir_5377,-11.016,-10.830,-10.417
molsidomine_1831,-8.121,-7.893,-7.547
mometasonefuroate_1832,-16.706,-15.972,-15.956
monensin_5580,-19.363
monobenzone_1834,-9.189,-9.179,-8.303
monoctanoin_3364,-8.243,-8.005,-7.861
monoxerutin_1835,-13.622,-13.552,-13.367
montelukast_1836,-13.340,-13.124,-13.021
moperone_1837,-14.409,-14.314,-13.356
mopidamol_1838,-12.235,-12.108,-12.069
moprolol_1839,-9.151,-8.439,-8.206
moquizone_3785,-12.380,-12.153,-11.909
moracizine_1842,-13.322,-12.866,-11.560
morantel_5582,-8.253,-7.710,-7.571
morazone_1840,-13.877,-13.492,-13.447
morclofone_1841,-13.143,-12.707,-12.118
morinamide_1843,-7.613,-7.521,-6.915
morinidazole_5255,-8.841,-8.785,-8.393
morniflumate_4672,-13.148,-13.057,-12.641
moroxydine_1844,-6.091,-5.925,-5.294
morphine_1845,-11.692,-11.081,-10.188
mosapramine_1847,-16.526,-15.676,-15.459
mosapride_1848,-14.286,-13.044,-12.994
motretinide_1849,-13.662,-13.120,-12.756
moxastine_1852,-11.331,-10.537,-10.536
moxaverine_1853,-11.095,-11.085,-10.771
moxestrol_3366,-13.175,-13.170,-12.515
moxidectin_5286,-14.280,-14.169,-13.425
moxifloxacin_1854,-12.955,-12.603,-12.486
moxisylyte_1855,-9.767,-9.658,-9.336
moxonidine_1856,-8.077,-7.687,-7.297
mozavaptan_4004,-15.786,-14.931,-14.708
mupirocin_1857,-14.260,-13.134,-11.335
muzolimine_1858,-9.902,-8.469,-8.456
mycophenolatemofetil_1859,-14.410,-13.842,-12.929
mycophenolicacid_1860,-11.071,-10.911,-10.461
mydecamycin_1861,-16.343,-15.932,-15.883
myrophine_3368,-14.056,-13.587,-13.037
myrtecaine_3787,-11.174,-10.551,-10.375
n-butylchloride_5584,-4.304,-4.274,-3.755
nabilone_1862,-13.809,-13.645,-12.997
nabumetone_1863,-9.668,-9.353,-9.278
nadide_4140,-14.351,-14.148,-12.914
nadifloxacin_1864,-11.646,-11.586,-11.549
nadolol_1865,-11.718,-11.440,-10.863
nadoxolol_1866,-10.614,-10.179,-9.840
naepaine_3789,-10.189,-9.703,-9.245
nafamostat_1867,-13.110,-12.716,-12.243
nafarelin_1868,-14.971,-12.677
nafcillin_1869,-13.091,-12.873,-12.713
nafiverine_3790,-13.727,-13.658,-13.499
naftazone_1871,-9.335,-8.510,-8.393
naftidrofuryl_1870,-13.481,-13.466,-13.266
naftifine_1872,-12.888,-12.804,-12.693
naftopidil_1873,-14.676,-14.494,-13.157
nalbuphine_1874,-12.452,-12.427,-12.258
naldemedine_5220,-19.605,-18.392,-17.117
nalfurafine_4673,-14.825,-14.523,-14.503
nalidixicacid_1875,-8.892,-8.605,-8.408
nalmefene_1876,-12.181,-12.007,-11.975
nalorphine_1877,-11.052,-10.959,-10.918
naloxegol_4832,-12.433,-12.321,-12.286
naloxone_1878,-11.529,-11.344,-11.101
naltrexone_1765,-11.896,-11.849,-11.837
nandrolone_1879,-12.518,-11.751,-11.145
nandrolonecyclotate_1880,-16.842,-16.330,-16.011
nandrolonedecanoate_1881,-14.519,-12.836,-12.302
nandrolonephenpropionate_1882,-16.300,-16.263,-15.911
naphazoline_3369,-9.820,-9.263,-8.901
naproxcinod_4674,-12.792,-12.228,-11.441
naproxen_1883,-10.026,-9.699,-8.791
narasin_5583,-16.893,-16.802,-16.476
naratriptan_1884,-11.623,-11.180,-10.930
narcobarbital_3791,-9.609,-9.313,-8.430
natamycin_1885,-14.463,-13.947,-13.839
nateglinide_1886,-12.626,-12.492,-12.293
nealbarbital_3792,-9.711,-9.573,-8.631
nebivolol_1887,-15.094,-14.812,-12.316
nedocromil_1889,-11.811,-11.684,-11.650
nefazodone_1890,-15.684
nefiracetam_3376,-9.985,-9.381,-9.193
nefopam_1891,-11.239,-10.092,-9.861
nelarabine_1892,-9.126,-8.945,-8.814
nelfinavir_1893,-17.451,-17.358,-16.019
neltenexine_1894,-11.737,-11.221,-11.121
nemonapride_1895,-13.667,-13.201,-12.767
nemonoxacin_5079,-12.118,-11.791,-11.753
neostigmine_1897,-8.239,-7.814,-7.374
nepafenac_1899,-10.426,-10.261,-10.045
nepinalone_1900,-11.613,-11.474,-10.909
neratinib_5252,-16.365,-13.772
neridronicacid_3377,-8.272,-8.002,-7.567
nesiritide_1901,934.248
netarsudil_5269,-14.654,-13.872,-12.506
neticonazole_1902,-10.645,-10.595,-10.250
netilmicin_1903,-13.046,-12.838,-12.742
netupitant_4898,-18.023,-17.243,-17.000
nevirapine_1904,-9.628,-9.592,-9.588
nialamide_1907,-11.541,-11.377,-8.845
niaprazine_1908,-12.815,-12.763,-12.311
nicametate_3793,-8.599,-8.307,-7.839
nicarbazin_5586,-14.429,-13.931
nicardipine_1909,-15.601,-15.178,-15.145
nicergoline_1910,-13.379,-13.367,-12.748
niceritrol_1911,-16.058,-15.923,-15.238
niclofolan_1686,-10.211,-10.192,-9.918
niclosamide_1912,-11.162,-10.927,-10.131
nicoclonate_1913,-11.369,-10.356,-9.857
nicocodine_1914,-13.768,-13.595,-13.384
nicofetamide_4675,-13.282,-12.179,-11.867
nicofibrate_1915,-11.231,-11.134,-10.415
nicofuranose_1916,-15.751,-13.376,-13.251
nicomol_1917,-16.110,-14.787,-14.084
nicomorphine_1918,-15.080,-14.954,-14.805
nicorandil_1919,-7.944,-7.581,-6.880
nicotinamide_1906,-5.468,-5.231,-4.757
nicotine_1920,-7.391,-7.145,-6.309
nicotinicacid_2835,-5.502,-5.459,-4.743
nicotinylalcohol_1921,-5.069,-5.067,-4.536
nicotinylmethylamide_4862,-5.934,-5.387,-5.247
nidroxyzone_3794,-8.732,-8.541,-8.336
nifedipine_1922,-11.110,-10.934,-10.915
nifekalant_1923,-13.124,-11.813
nifenalol_3380,-8.662,-8.431,-8.079
nifenazone_1924,-11.463,-11.086,-10.843
niflumicacid_1925,-11.365,-11.082,-10.390
nifuradene_3795,-8.336,-8.089,-8.015
nifuratel_1926,-9.439,-9.108,-8.794
nifurfoline_1927,-11.014,-10.653,-10.228
nifuroxazide_1928,-10.494,-10.074,-9.504
nifuroxime_3381,-6.200,-6.197,-5.542
nifurpirinol_3382,-9.707,-9.549,-8.837
nifurprazine_3796,-9.101,-9.045,-8.103
nifurtimox_1929,-9.555,-9.366,-9.103
nifurtoinol_1930,-9.473,-9.230,-8.615
nifurzide_1931,-11.276,-10.637,-10.237
nikethamide_3383,-7.540,-7.373,-6.507
nilotinib_1932,-15.734,-14.532,-12.903
nilutamide_1933,-11.888,-10.342,-10.313
nilvadipine_1934,-11.863,-11.759,-11.614
nimesulide_1935,-10.662,-10.020,-9.917
nimetazepam_1936,-10.410,-10.403,-10.288
nimodipine_1937,-12.393,-12.267,-12.238
nimorazole_1938,-7.840,-7.414,-6.746
nimustine_3384,-8.926,-8.473,-8.173
nintedanib_4903,-13.842,-13.186,-12.904
niperotidine_4002,-14.141,-12.908
nipradilol_1940,-11.655,-11.214,-10.484
niraparib_5222,-12.379,-12.212,-12.127
niridazole_1941,-7.121,-7.029,-6.329
nirmatrelvir_5520,-15.221,-14.338,-14.100
nisoldipine_1942,-12.644,-12.561,-12.397
nitazoxanide_1943,-10.626,-10.338,-10.046
nitenpyram_5587,-9.225,-8.275,-8.115
nitisinone_1944,-11.857,-11.790,-11.453
nitracrine_3386,-11.424,-11.305,-11.246
nitrazepam_1945,-10.116,-10.055,-9.918
nitrefazole_1946,-9.730,-8.875,-8.479
nitrendipine_1947,-11.565,-11.111,-10.980
nitricoxide_1948,-1.425,-1.404,-1.264
nitrofurantoin_1949,-8.663,-8.487,-8.461
nitrofurazone_1950,-7.367,-6.975,-6.360
nitrousoxide_4238,-1.984,-1.850,-1.783
nitroxazepine_4003,-11.991,-11.678,-11.528
nitroxoline_1954,-7.831,-7.535,-7.494
nizatidine_1955,-9.774,-9.476,-9.380
nizofenone_1956,-12.787,-12.489,-12.480
nomegestrol_4567,-13.277,-12.620,-12.487
nomegestrolacetate_1957,-13.512,-13.053,-13.041
nomifensine_1958,-9.721,-9.394,-9.333
nordazepam_816,-9.648,-9.577,-9.567
nordefrin_3203,-7.606,-7.400,-6.373
norelgestromin_1959,-14.156,-12.759,-12.628
norepinephrine_1960,-7.277,-6.757,-6.067
norethandrolone_1961,-12.716,-12.406,-11.932
norethindroneacetate_1963,-13.791,-13.085,-12.464
norethindroneenanthate_1964,-15.020,-14.808,-14.046
norethisterone_1962,-13.016,-12.781,-11.949
norethynodrel_1965,-13.033,-12.790,-11.930
norfenefrine_1966,-6.970,-6.448,-6.274
norfloxacin_1967,-10.764,-10.606,-10.330
norgesterone_3204,-13.233,-12.708,-11.650
norgestimate_1968,-14.117,-13.256,-13.146
norgestomet_5588,-13.800,-13.262,-13.229
norgestrienone_3205,-13.012,-12.803,-11.930
normethadone_1969,-11.534,-11.089,-11.066
norpipanone_3798,-12.857,-12.726,-12.459
nortriptyline_1971,-11.951,-11.166,-10.891
norvinisterone_3390,-13.466,-12.725,-12.097
noscapine_1973,-13.093,-13.038,-12.672
novobiocin_1974,-14.467,-14.206,-14.153
noxiptiline_1975,-12.032,-11.660,-11.395
noxytiolin_3391,-3.939,-3.877,-3.589
nystatin_1977,-10.400,-10.240,-8.537
obeticholicacid_5155,-15.161,-14.950,-14.807
obidoxime_4676,-10.075,-10.001,-9.614
oclacitinib_5589,-11.223,-10.656,-10.380
octabenzone_3392,-9.614,-9.437,-9.072
octacaine_3393,-9.287,-8.757,-8.336
octamoxin_3800,-6.359,-6.272,-6.263
octamylamine_3801,-8.583,-8.541,-7.827
octanoicacid_3998,-6.316,-6.296,-5.970
octatropinemethylbromide_223,-10.918,-10.516,-10.297
octenidine_3394,-10.613,-10.463,-10.216
octinoxate_4236,-11.369,-10.648,-10.225
octisalate_4241,-9.918,-9.885,-9.861
octocrylene_3395,-13.678,-13.655,-13.543
octodrine_1978,-6.041,-6.022,-5.819
octopamine_3396,-6.958,-6.474,-5.854
octotiamine_1979,-11.523,-11.385,-11.278
octreotide_1980,-19.613,-19.442,-18.313
octyltriethoxysilane_4640,-9.678,-9.351,-9.314
odevixibat_5468,-15.356,-15.294,-15.104
ofloxacin_1981,-11.373,-10.957,-10.859
oftasceine_4639,-16.570,-16.280,-14.823
olaflur_4311,-10.219,-9.705,-9.650
olanexidine_5020,-11.285,-9.228,-9.143
olanzapine_1982,-10.436,-10.315,-10.073
olaparib_4907,-15.384,-15.371,-15.223
oleandomycin_1983,-17.825
oleandrin_3399,-14.267,-13.920,-13.624
oleicacid_3400,-11.155,-11.138,-11.056
oliceridine_5406,-12.826,-12.257,-11.849
olmesartanmedoxomil_1985,-17.602,-16.635
olmutinib_5210,-13.008,-11.989,-11.667
olodaterol_4814,-13.621,-13.199,-13.021
olopatadine_1986,-12.072,-12.072,-11.935
olprinone_1987,-10.079,-10.051,-9.065
olsalazine_1988,-11.063,-10.681,-10.126
olutasidenib_5693,-12.337,-11.894,-11.801
omacetaxinemepesuccinate_4677,-15.664,-15.508,-15.358
omadacycline_5299,-16.329,-16.117,-14.100
omapatrilat_1989,-13.357,-13.235,-13.115
omarigliptin_5054,-12.974,-12.516,-12.006
ombitasvir_4912,-17.764,-17.484,-16.736
omeprazole_1990,-11.834,-11.166,-11.004
omidenepagisopropyl_5312,-14.605,-14.529,-12.863
omoconazole_1991,-12.766,-12.748,-12.730
ondansetron_1992,-11.386,-10.509,-10.273
opicapone_5143,-12.556,-11.865,-11.825
opipramol_1993,-12.843,-12.619,-12.115
orazamide_1994,-4.831,-4.662,-4.244
orbifloxacin_5591,-12.061,-11.821,-11.804
orciprenaline_1720,-8.385,-7.894,-7.555
oritavancin_4678,-10.136,-9.543
orlistat_1996,-15.794,-13.563
ormeloxifene_570,-16.106,-15.362,-14.833
ormetoprim_5593,-10.188,-10.092,-9.590
ornidazole_1997,-7.296,-6.259,-6.216
ornipressin_4679,-18.607,-18.310,-17.578
ornithine_3401,-5.090,-4.995,-4.426
ornoprostil_1998,-14.091,-13.744,-13.637
oroticacid_3402,-5.935,-5.751,-5.561
orphenadrine_1999,-11.802,-10.309,-10.250
orthocaine_3403,-7.233,-6.641,-6.105
osalmid_2000,-9.937,-9.729,-8.822
oseltamivir_2001,-10.295,-10.068,-9.887
osilodrostat_5384,-9.820,-9.412,-8.727
osimertinib_5062,-14.878,-14.569,-14.512
ospemifene_4749,-13.344,-13.172,-13.071
oteracil_2002,-5.671,-5.537,-5.221
oteseconazole_5510,-17.274,-17.137,-16.096
otiloniumbromide_2003,-11.872,-11.499,-11.265
ouabain_2004,-17.434,-16.948,-16.544
oxabolone_3802,-12.299,-12.075,-11.254
oxabolonecipionate_4681,-16.186,-15.872,-15.527
oxaceprol_2005,-6.233,-6.155,-6.008
oxacillin_2006,-13.122,-12.468,-12.367
oxaflozane_2007,-11.306,-9.980,-9.974
oxaflumazine_3803,-15.659,-15.089,-14.942
oxagrelate_2156,-9.987,-9.625,-9.208
oxamarin_3404,-13.011,-12.788,-12.238
oxametacin_2008,-12.119,-12.091,-11.902
oxamniquine_2009,-10.406,-9.896,-9.819
oxanamide_2010,-6.752,-6.551,-6.197
oxandrolone_2011,-12.939,-12.656,-11.424
oxantel_4005,-9.281,-8.591,-8.334
oxapropanium_3405,-5.167,-5.075,-4.687
oxaprozin_2013,-11.360,-11.249,-11.143
oxatomide_2014,-15.181,-14.206,-14.026
oxazepam_2015,-10.232,-10.002,-9.933
oxazolam_2016,-10.890,-10.769,-10.744
oxcarbazepine_2017,-9.841,-9.744,-9.690
oxedrine_3577,-7.399,-6.243,-6.168
oxeladin_2018,-13.414,-12.444,-12.425
oxendolone_3406,-12.801,-12.449,-11.959
oxetacaine_3407,-15.305,-14.581,-13.608
oxetorone_2019,-11.750,-11.705,-11.547
oxfendazole_5594,-11.558,-10.589,-10.479
oxibendazole_5595,-9.053,-8.839,-8.631
oxiconazole_3408,-13.050,-12.434,-12.018
oxidronicacid_3409,-5.471,-5.456,-4.607
oxiglutatione_5130,-12.775,-12.763,-12.723
oxilofrine_3286,-7.852,-7.427,-6.673
oxiniacicacid_3410,-5.996,-5.865,-5.158
oxiracetam_2021,-6.062,-5.928,-5.114
oxitriptan_4006,-8.629,-8.530,-8.480
oxitropium_2022,-12.830,-12.295,-11.570
oxolamine_2023,-10.043,-9.883,-9.289
oxolinicacid_2024,-9.771,-9.441,-8.622
oxomemazine_2025,-11.937,-11.035,-11.022
oxprenolol_2027,-9.961,-9.470,-9.226
oxybenzone_3412,-10.080,-9.696,-8.830
oxybuprocaine_3016,-11.333,-11.046,-10.641
oxybutynin_2028,-14.275,-13.463,-13.451
oxycinchophen_3413,-10.580,-10.178,-10.134
oxyclipine_3821,-13.293,-11.880,-11.694
oxycodone_2029,-10.700,-10.617,-10.534
oxydibutanol_891,-6.293,-6.284,-5.754
oxyfedrine_2030,-12.084,-11.865,-11.849
oxyfenamate_1397,-9.221,-8.358,-8.280
oxymesterone_2031,-13.368,-12.840,-11.697
oxymetazoline_2032,-11.023,-10.310,-10.030
oxymetholone_2033,-13.828,-13.469,-12.283
oxymethurea_3414,-4.336,-4.318,-4.023
oxymorphone_2034,-11.486,-10.030,-9.990
oxypendyl_3415,-12.294,-12.024,-11.594
oxypertine_2035,-13.662,-13.420,-12.000
oxyphenbutazone_2036,-11.735,-11.653,-11.619
oxyphencyclimine_2026,-12.452,-12.405,-12.186
oxyphenisatine_2038,-11.958,-11.863,-11.847
oxyphenisatineacetate_2037,-14.314,-14.250,-14.095
oxyphenonium_2039,-13.827,-12.833,-12.393
oxyquinoline_3290,-6.978,-6.952,-6.302
oxysonium_2040,-12.579,-11.098,-10.959
oxytetracycline_2041,-14.722,-14.220,-14.163
oxytocin_2042,-17.950,-17.646,-17.577
ozagrel_2043,-9.333,-9.033,-8.841
ozanimod_5383,-14.653,-14.257
ozenoxacin_5058,-12.313,-12.291,-12.190
paclitaxel_2044,-18.778,-18.376,-18.273
pacritinib_5507,-15.135,-14.752,-14.047
pafolacianine_5497,-12.699
palbociclib_4941,-14.769,-14.074,-12.992
paliperidone_4137,-15.075,-14.449,-13.758
paliperidonepalmitate_4498,-14.063,-13.433,-13.267
palmidrol_2045,-8.813,-8.261,-7.958
palonosetron_2046,-11.945,-11.851,-11.502
pamabrom_2047,-6.844,-6.389,-6.203
pamaquine_3416,-11.428,-11.353,-11.181
pamidronicacid_2048,-6.822,-6.515,-6.244
pancuronium_2052,-17.977,-16.968,-15.061
panipenem_2053,-10.600,-10.432,-10.084
panobinostat_4682,-13.323,-13.179,-12.899
pantethine_3417,-10.411,-10.398,-9.741
pantoprazole_2054,-12.680,-11.063
papaverine_2056,-11.328,-11.181,-10.591
papaveroline_2057,-11.016,-10.805,-10.035
paracetamol_52,-6.720,-6.305,-5.689
paraldehyde_2058,-5.005,-4.986,-4.953
paramethadione_2059,-6.301,-6.024,-5.994
paramethasoneacetate_2060,-15.014,-14.720,-14.225
paraoxon_4683,-9.507,-8.651,-8.441
parapenzolate_2062,-13.660,-12.500,-12.245
parathiazine_2327,-10.357,-10.330,-10.257
parecoxib_2063,-12.774,-12.510,-12.382
parethoxycaine_3805,-9.966,-9.620,-9.112
pargeverine_2064,-11.749,-11.713,-11.550
pargyline_2065,-7.796,-7.325,-6.823
paricalcitol_2066,-15.475,-14.900,-14.884
paritaprevir_4913,-16.682,-16.189,-15.734
paromomycin_2067,-16.039,-14.021,-13.134
paroxetine_2068,-12.146,-11.798,-11.665
paroxypropione_2069,-7.399,-6.898,-6.240
parsalmide_3418,-9.423,-9.320,-9.114
pasireotide_4329,-16.508,-15.744,-15.560
pazopanib_4118,-14.470,-14.370,-13.685
pazufloxacin_2070,-11.214,-10.549,-10.418
pecazine_1688,-10.562,-10.537,-10.509
pecilocin_3419,-11.058,-10.592,-9.988
peficitinib_5481,-13.123,-11.973,-11.555
pefloxacin_2071,-10.987,-10.525,-10.353
pemafibrate_5248,-16.277,-15.919,-13.789
pemetrexed_2073,-14.161,-13.531,-13.505
pemigatinib_5390,-13.701,-13.684,-13.133
pemirolast_2074,-9.071,-8.969,-8.426
pemoline_2075,-7.930,-7.634,-6.883
pempidine_2076,-7.192,-7.151,-6.322
penamecillin_2077,-13.066,-11.697,-11.529
penbutolol_2078,-11.270,-11.227,-11.172
penciclovir_2079,-8.269,-8.241,-7.973
penfluridol_2080,-18.731,-18.079,-17.739
penicillamine_2081,-5.134,-5.004,-4.378
penmesterol_3782,-15.045,-14.193,-14.158
pentacyniumchloride_3806,-15.511,-14.756,-13.313
pentaerithrityltetranitrate_2087,-9.088,-8.730,-8.655
pentaerythritol_2085,-5.187,-5.162,-4.661
pentagastrin_2088,-16.519,-15.859,-15.057
pentagestrone_3423,-15.487,-15.080,-14.433
pentagestroneacetate_2089,-16.403,-15.767,-15.446
pentamethoniumbromide_3808,-6.691,-6.689,-6.126
pentamidine_2090,-12.524,-12.411,-9.568
pentamycin_3254,-16.933,-15.062,-14.909
pentapiperiummetilsulfate_5073,-11.984,-11.001,-10.766
pentazocine_3424,-12.353,-11.756,-11.137
penteticacid_2092,-11.613,-11.207,-11.005
pentetrazol_3428,-6.276,-5.936,-5.418
penthienate_2093,-11.738,-11.728,-10.798
pentifylline_2094,-9.096,-8.843,-8.693
pentobarbital_2095,-9.362,-9.009,-8.977
pentolonium_2096,-9.260,-9.250,-8.571
pentorex_3426,-8.040,-7.969,-7.127
pentostatin_2098,-9.067,-8.682,-8.163
pentoxifylline_2099,-9.377,-9.113,-8.964
pentoxyverine_494,-13.346,-12.379,-12.123
pentrinitrol_3427,-8.984,-8.271,-8.095
peplomycin_2965,16.220,16.892
peramivir_4823,-10.562,-10.389,-10.252
perampanel_4684,-13.175,-12.892,-12.605
perazine_2100,-12.113,-11.311,-11.247
perflenapent_4685,-10.174,-10.149,-9.295
perflexane_3429,-11.823,-11.820,-10.883
perfluamine_2101,-15.354,-15.333,-15.323
perflubron_2102,-14.298,-13.985,-12.809
perflubutane_3999,-8.922,-8.912,-8.673
perflunafene_2103,-16.170,-16.155,-16.075
perflutren_2104,-7.563,-7.556,-7.117
perfosfamide_3430,-8.633,-8.148,-7.915
pergolide_2105,-10.917,-10.593,-10.147
perhexiline_2106,-11.728,-11.452,-10.876
periciazine_2107,-12.386,-12.355,-12.090
perimetazine_3431,-12.379,-12.181,-12.144
perindopril_2108,-11.571,-11.520,-11.405
perisoxal_2110,-11.219,-10.897,-10.550
perlapine_2111,-11.674,-11.314,-11.121
permethrin_4152,-13.375,-13.062,-13.021
perospirone_2112,-14.435,-13.984
perphenazine_2113,-12.340,-11.906,-11.798
peruvoside_3809,-17.259,-15.874,-15.662
pethidine_1690,-10.288,-10.085,-9.107
petrichloral_2086,-14.055,-14.039,-13.847
pexidartinib_5343,-14.004,-11.116,-11.075
phanquinone_3433,-8.860,-7.953,-7.934
phenacaine_3434,-11.103,-11.091,-10.877
phenacemide_2114,-8.097,-7.272,-7.160
phenacetin_2115,-7.313,-7.094,-6.585
phenadoxone_3435,-13.121,-12.802,-12.756
phenaglycodol_2116,-8.996,-8.781,-7.692
phenallymal_3810,-10.079,-9.317,-9.153
phenamacide_2117,-9.143,-8.957,-8.576
phenamine_3437,-7.365,-6.995,-6.990
phenazocine_2119,-13.514,-12.551,-12.296
phenazone_861,-8.504,-7.958,-7.389
phenazopyridine_2120,-9.073,-8.537,-8.503
phenbenzamine_225,-11.594,-9.776,-9.691
phenbutamide_3811,-9.569,-9.436,-9.227
phencyclidine_2121,-10.215,-9.904,-9.832
phendimetrazine_2122,-8.426,-7.855,-7.352
phenelzine_2123,-6.897,-6.444,-6.021
pheneticillin_2124,-12.256,-12.128,-12.075
pheneturide_2125,-8.890,-8.449,-8.427
phenformin_2126,-8.878,-8.210,-7.977
phenglutarimide_2127,-11.745,-11.282,-10.531
phenibut_4863,-8.015,-7.300,-7.019
phenicarbazide_2128,-6.933,-6.496,-5.883
phenindamine_2129,-10.891,-10.686,-10.467
phenindione_2130,-10.215,-10.192,-9.395
pheniodolsodium_3303,-10.341,-9.990,-9.965
pheniprazine_2131,-7.462,-7.103,-6.645
pheniramine_2132,-9.431,-9.238,-9.051
phenmetrazine_2133,-8.154,-7.789,-7.185
phenobarbital_2134,-10.233,-9.771,-8.813
phenobutiodil_3812,-8.126,-7.507,-7.467
phenol_4266,-5.167,-5.090,-4.479
phenolphthalein_2135,-12.114,-12.087,-12.077
phenolphthalol_3438,-11.729,-11.586,-11.489
phenolsulfonphthalein_3439,-12.312,-12.201,-12.084
phenoperidine_3441,-13.595,-13.466,-13.323
phenosulfazole_3813,-8.889,-8.139,-7.638
phenothiazine_5597,-8.750,-8.747,-7.532
phenothrin_4686,-13.617,-13.528,-12.778
phenoxybenzamine_2136,-11.439,-11.227,-11.116
phenoxyethanol_3442,-6.474,-6.046,-5.630
phenoxymethylpenicillin_2083,-11.877,-11.552,-11.512
phenprobamate_2137,-8.175,-7.413,-7.294
phenprocoumon_2138,-12.075,-12.058,-10.872
phenpromethamine_3461,-7.334,-6.842,-6.567
phensuximide_2139,-8.655,-8.338,-7.655
phentermine_2140,-7.621,-6.751,-6.695
phentetramine_2141,-11.592,-11.102,-11.027
phentolamine_2142,-11.044,-10.619,-10.212
phenylaceticacid_4624,-6.654,-6.431,-5.829
phenylacetylsalicylate_3443,-9.861,-9.719,-9.516
phenylalanine_2144,-7.566,-7.213,-6.541
phenylbutanoicacid_24,-7.887,-7.682,-7.165
phenylbutazone_2145,-11.899,-11.657,-11.362
phenylephrine_2146,-7.363,-6.423,-6.351
phenylethanolamine_3460,-6.646,-6.228,-5.989
phenylmercuricnitrate_4688,-6.657,-6.487,-6.380
phenylpropanol_2148,-7.092,-6.738,-6.170
phenylpropanolamine_2149,-7.051,-6.049,-6.024
phenylsalicylate_3462,-9.401,-9.398,-8.471
phenyltoloxamine_2150,-11.461,-9.797,-9.759
phenytoin_2152,-10.741,-10.354,-9.871
phetharbital_3436,-10.493,-10.364,-9.761
phethenylate_3816,-10.082,-9.194,-9.095
phloroglucinol_2153,-5.652,-5.647,-5.645
pholcodine_2154,-13.429,-13.267,-12.621
pholedrine_3463,-7.617,-6.649,-6.550
phosmet_5599,-10.494,-9.346,-9.137
phosphocreatine_3464,-6.508,-6.442,-5.771
phosphoricacid_4478,-2.933,-2.876,-2.463
phosphorylcholine_2155,-5.562,-5.543,-5.024
phthalylsulfacetamide_2157,-12.803,-12.506,-12.225
phthalylsulfathiazole_2158,-13.272,-12.704,-12.545
physostigmine_2159,-10.150,-9.745,-9.011
phytomenadione_2843,-12.986,-12.022,-11.618
piberaline_3466,-11.151,-10.532,-10.181
pibrentasvir_5244,-18.377,-18.330,-17.960
picilorex_3817,-9.938,-9.187,-9.046
picloxydine_3467,-11.460,-11.317,-11.301
picodralazine_4689,-10.739,-10.547,-9.399
picoperine_3468,-11.936,-11.172,-10.639
picotamide_2161,-13.585,-12.945,-12.010
picrotin_2163,-11.995,-11.793,-10.287
pidotimod_2164,-8.303,-7.985,-7.385
pifarnine_3470,-11.655,-11.336,-10.692
piflufolastatF-18_5458,-11.047,-10.975,-10.889
piketoprofen_2165,-13.669,-13.454,-13.293
pildralazine_3471,-7.416,-7.239,-6.529
pilocarpine_2166,-8.502,-8.155,-7.412
pilsicainide_2167,-10.835,-10.640,-10.532
pimavanserin_5142,-14.372,-14.337,-12.902
pimeclone_3818,-8.837,-8.548,-7.533
pimecrolimus_2168,-16.379,-16.315,-15.861
pimefylline_3472,-10.876,-10.436,-10.387
pimethixene_2169,-10.633,-10.620,-10.279
piminodine_2170,-13.758,-13.751,-12.997
pimitespib_5686,-13.998,-13.780,-13.742
pimobendan_2171,-12.598,-11.563,-9.607
pimozide_2172,-16.983,-15.840,-15.035
pinacidil_2173,-9.059,-8.507,-8.452
pinaverium_2174,-14.904,-14.839,-14.697
pinazepam_2175,-11.386,-10.939,-10.788
pindolol_2176,-9.275,-9.121,-8.898
pioglitazone_2179,-12.648,-12.450,-12.351
pipamazine_2180,-12.838,-12.198,-12.077
pipamperone_2181,-13.761,-13.517,-13.300
pipazetate_2182,-13.501,-13.149,-13.074
pipebuzone_3473,-14.145,-13.790,-13.784
pipecuronium_2183,-14.916,-14.128,-13.933
pipemidicacid_2184,-10.325,-9.656,-9.492
pipenzolate_2185,-14.195,-12.728,-12.662
piperacetazine_2186,-13.592,-13.224,-12.745
piperacillin_2187,-15.640,-14.907,-14.826
piperaquine_4193,-15.500
piperazine_2188,-3.424,-3.075,-2.933
piperidione_2189,-7.532,-7.485,-6.770
piperidolate_2190,-12.071,-11.973,-11.784
piperonylbutoxide_4276,-12.415,-11.402
pipethanate_2191,-13.216,-12.921,-12.554
pipobroman_2192,-7.850,-7.831,-7.644
piposulfan_3475,-10.867,-10.844,-10.032
pipotiazinepalmitate_2193,-13.490,-12.700,-12.327
pipoxolan_2194,-13.857,-13.532,-12.619
pipradrol_2195,-12.297,-11.638,-10.656
piprozolin_2196,-9.486,-9.370,-9.310
piracetam_2197,-5.770,-5.435,-5.203
pirarubicin_2198,-19.826
pirbuterol_2199,-8.555,-8.373,-8.164
pirenoxine_3476,-11.130,-11.061,-10.771
pirenzepine_2200,-11.411,-11.365,-11.326
piretanide_2201,-11.746,-11.646,-11.462
pirfenidone_4224,-8.744,-8.544,-7.499
piribedil_2202,-10.837,-10.295,-10.253
piridocaine_3477,-9.912,-9.768,-9.347
pirifibrate_2204,-11.981,-11.809,-11.451
pirisudanol_2205,-11.198,-11.002,-10.859
piritramide_3478,-16.048,-15.381,-15.294
pirlimycin_5600,-11.358,-11.252,-11.146
pirlindole_2206,-10.300,-9.131,-9.110
pirmenol_2207,-12.393,-12.259,-12.181
piroctone_3479,-10.044,-9.856,-9.261
piroheptine_2208,-12.392,-12.336,-12.258
piromidicacid_2209,-10.243,-10.149,-9.643
piroxicam_2210,-11.518,-11.274,-11.010
pirozadil_2212,-15.182,-12.687,-12.640
pirprofen_2213,-9.585,-9.235,-8.610
pitavastatin_2214,-14.437,-14.342,-14.107
pitofenone_2215,-13.208,-10.609,-10.365
pitolisant_5048,-11.669,-11.153,-10.599
pivagabine_2216,-7.703,-7.392,-6.892
pivampicillin_2218,-14.024,-13.995,-13.491
pivhydrazine_3819,-9.241,-8.925,-8.268
pivmecillinam_2219,-13.470,-13.065,-10.560
pixantrone_4330,-10.521,-10.427,-10.406
pizotifen_2220,-10.942,-10.793,-10.599
plafibride_2221,-12.187,-11.568,-11.094
plaunotol_2222,-11.363,-10.362,-9.280
plazomicin_5287,-12.441,-12.243,-12.141
plecanatide_5208,-9.720
pleconaril_4690,-13.629,-13.301,-12.248
plerixafor_4410,-13.752,-13.740,-13.510
plicamycin_2223,-17.909,-17.793,-17.482
podophyllotoxin_3481,-13.284,-12.534,-12.443
poldine_2226,-12.689,-12.474,-12.249
polmacoxib_5240,-12.210,-12.069,-11.919
polydatin_4613,-13.882,-13.302,-13.279
polythiazide_2228,-12.109,-11.857,-11.602
pomalidomide_4746,-10.352,-10.296,-9.731
ponatinib_4716,-13.686,-13.106,-13.085
ponazuril_5604,-15.399,-14.413,-13.764
ponesimod_5446,-14.022,-12.991,-12.566
posaconazole_3483,-14.034,-13.509,-13.218
posatirelin_3484,-12.545,-12.067,-11.612
potassiumbromide_5650,-1.674,-1.535,-1.524
potassiumcanrenoate_477,-14.244,-13.332,-13.301
potassiumsulfate_5485,-4.061,-4.045,-4.032
practolol_3486,-9.524,-9.457,-9.231
pradofloxacin_5606,-12.782,-12.602,-12.525
prajmalium_2230,-13.431,-13.313,-13.184
pralatrexate_4117,-15.130
pralidoxime_2231,-5.923,-5.718,-5.667
pralmorelin_2232,-17.636,-17.046,-16.947
pralsetinib_5412,-13.221,-12.993,-12.503
pramipexole_2233,-7.563,-7.545,-7.046
pramiracetam_2234,-9.863,-9.589,-8.999
pramiverine_2235,-12.428,-12.414,-12.058
pramlintide_2236,247857342.774
pramocaine_3487,-10.180,-10.043,-9.566
pranlukast_2237,-16.608,-16.305
pranoprofen_2238,-10.417,-10.199,-9.844
prasterone_795,-12.998,-12.561,-11.809
prasteroneacetate_796,-13.601,-12.354,-12.308
prasteronesulfate_4049,-14.469,-12.928,-12.474
prasugrel_4113,-12.685,-12.670,-12.559
pravastatin_2239,-13.156,-13.065,-13.024
prazepam_2240,-11.848,-11.292,-11.256
praziquantel_2241,-11.927,-11.751,-11.746
prazosin_4209,-12.633,-12.610,-12.380
prednicarbate_2243,-15.278,-14.956,-14.804
prednimustine_2244,-14.854,-14.581,-13.854
prednisolamate_3820,-16.443,-15.407,-15.316
prednisolone_2245,-14.121,-13.404,-12.922
prednisoloneacetate_2247,-14.340,-14.109,-13.817
prednisolonefarnesylate_2248,-13.304,-13.299,-13.219
prednisolonesodiumphosphate_4451,-14.458,-14.359,-14.169
prednisolonesteaglate_2249,-14.420,-13.595,-13.543
prednisolonesuccinate_2246,-15.688,-15.580,-15.399
prednisolonesulfobenzoate_2250,-17.838,-17.705,-16.747
prednisolonetebutate_2251,-16.051,-15.883,-14.426
prednisolonevalerateacetate_2252,-15.881,-15.613,-15.588
prednisone_2253,-14.128,-14.008,-12.905
prednival_3488,-16.257,-15.362,-15.317
prednylidene_2254,-14.155,-13.459,-13.405
pregabalin_2255,-6.955,-6.923,-6.207
pregnenolonesuccinate_2256,-15.032,-14.690,-13.011
prenalterol_2258,-8.805,-8.282,-7.814
prenderol_2259,-5.850,-5.669,-5.075
prenoxdiazine_2260,-14.509,-14.157,-13.491
prenylamine_2261,-14.155,-13.987,-12.954
pretomanid_5344,-12.543,-12.509,-12.047
pridinol_2263,-13.102,-12.351,-11.675
prifinium_2264,-12.007,-11.915,-11.857
prilocaine_2265,-9.144,-8.572,-8.475
primaquine_2266,-9.412,-9.263,-9.244
primidone_2267,-9.772,-9.497,-8.582
probenecid_2268,-10.075,-9.837,-9.381
probucol_2269,-17.234,-17.215,-14.777
procainamide_2270,-9.162,-8.842,-8.335
procaine_2271,-9.165,-8.826,-8.332
procarbazine_2272,-8.461,-8.282,-8.267
procaterol_2273,-10.921,-10.154,-9.952
prochlorperazine_2274,-11.690,-11.341,-11.276
procodazole_2275,-8.178,-7.807,-7.339
procyclidine_2276,-12.674,-11.858,-11.214
procymate_3490,-8.013,-7.632,-7.084
profenamine_1086,-10.794,-10.793,-10.785
proflavine_2277,-9.611,-9.596,-8.459
progabide_2278,-12.450,-11.606,-11.575
progesterone_2279,-13.510,-13.103,-12.063
proglumetacin_2280,-16.078,-15.882,-15.746
proglumide_2281,-11.585,-11.201,-11.029
proguanil_2282,-9.240,-8.816,-8.298
proline_4125,-4.883,-4.882,-4.619
prolintane_2283,-10.189,-9.279,-8.964
promazine_2284,-10.671,-9.681,-9.639
promegestone_2285,-13.862,-12.975,-12.937
promestriene_4023,-13.603,-12.733,-12.413
promethazine_2286,-9.828,-9.797,-9.613
promoxolane_2288,-7.711,-7.258,-6.921
pronetalol_2289,-10.117,-9.751,-9.308
pronilide_3387,-9.116,-8.354,-8.183
propacetamol_2290,-9.465,-9.395,-9.110
propafenone_2291,-13.292,-13.005,-12.755
propallylonal_3492,-8.722,-8.395,-8.381
propamidine_3493,-11.725,-11.698,-11.435
propanidid_3494,-11.623,-11.219,-10.317
propanol_4332,-3.231,-2.923,-2.599
propantheline_2293,-13.285,-12.909,-12.669
proparacaine_2294,-10.430,-10.306,-10.072
propatylnitrate_2295,-9.133,-8.395,-8.218
propenidazole_4025,-9.172,-8.734,-8.508
propentofylline_2296,-10.036,-9.881,-9.672
propicillin_2297,-12.563,-12.207,-12.081
propiolactone_3495,-3.424,-3.324,-2.846
propiomazine_2298,-11.418,-11.170,-11.166
propionylpromazine_5608,-11.678,-11.580,-11.216
propipocaine_3822,-10.677,-10.266,-10.188
propiram_2299,-10.062,-10.013,-9.648
propiverine_2300,-13.239,-12.637,-12.517
propizepine_2301,-10.382,-10.161,-10.139
propofol_2302,-8.087,-8.084,-7.975
propoxycaine_3496,-10.622,-10.539,-9.901
propranolol_2303,-10.707,-10.552,-9.994
propyleneglycol_4024,-3.258,-3.240,-3.196
propylhexedrine_2305,-7.456,-7.047,-6.545
propyliodone_2306,-7.949,-7.763,-7.630
propylparaben_2307,-7.956,-7.269,-7.145
propylthiouracil_2308,-6.394,-6.111,-5.934
propyphenazone_2309,-9.574,-9.237,-8.874
propyromazine_2310,-11.476,-11.466,-11.298
proquazone_2311,-10.827,-10.820,-10.578
proscillaridin_2313,-17.624,-16.997,-14.968
prostalene_5609,-13.316,-13.304,-13.065
protheobromine_3497,-8.209,-7.933,-7.464
prothipendyl_2315,-10.171,-9.897,-9.480
protiofate_3498,-9.079,-9.020,-8.740
protionamide_2314,-6.992,-6.578,-6.354
protirelin_2316,-11.204,-11.148,-11.012
protizinicacid_2317,-11.064,-10.185,-10.103
protocatechualdehyde_4612,-6.243,-6.094,-5.360
protokylol_2318,-12.136,-11.533,-11.450
protoporphyrin_3500,-14.388,-13.440,-13.437
protoverine_2319,-16.262,-16.241,-15.937
protriptyline_2320,-11.934,-11.169,-11.104
proxazole_2321,-11.566,-11.197,-10.967
proxibarbal_2322,-8.878,-8.770,-7.932
proxyphylline_2323,-8.004,-7.583,-7.538
prozapine_2324,-11.642,-11.626,-11.608
prucalopride_3502,-11.734,-11.265,-9.118
prulifloxacin_2325,-13.698,-13.675,-13.367
pseudoephedrine_2326,-7.637,-6.811,-6.714
pyrantel_2999,-7.696,-7.441,-7.023
pyrazinamide_2328,-4.816,-4.777,-4.410
pyricarbate_2329,-8.782,-8.675,-8.629
pyridostigmine_2330,-6.706,-6.464,-6.131
pyridoxal_4134,-6.897,-6.740,-6.694
pyridoxalphosphate_3506,-8.429,-8.160,-7.358
pyridoxine_2836,-6.861,-6.815,-6.018
pyrimethamine_2332,-9.693,-8.810,-8.537
pyrinoline_3507,-14.701,-14.644,-14.465
pyrithione_3508,-5.128,-4.980,-4.553
pyrithyldione_3509,-7.544,-7.413,-6.744
pyritinol_2333,-11.317,-11.077,-10.835
pyronaridine_4339,-16.401,-16.191,-16.125
pyrovalerone_3511,-10.548,-9.594,-9.501
pyrrobutamine_2334,-13.082,-11.653,-11.465
pyrrocaine_3512,-9.556,-8.900,-8.714
pyrrolnitrin_3513,-9.465,-8.873,-8.128
pyrvinium_2335,-13.861,-13.849,-12.639
quazepam_2336,-12.596,-11.877,-11.835
quercetin_3514,-10.868,-10.340,-9.782
quetiapine_2337,-12.627,-11.925,-11.386
quifenadine_4748,-13.195,-12.953,-11.905
quinagolide_2339,-12.650,-12.322,-12.310
quinapril_2340,-14.377,-14.228,-13.827
quinbolone_3823,-14.277,-13.881,-13.778
quinestradol_2341,-14.041,-13.237,-13.127
quinestrol_2342,-14.429,-14.413,-14.353
quinethazone_2343,-9.471,-9.248,-8.959
quinfamide_2344,-11.774,-11.373,-10.860
quingestanolacetate_2345,-15.495,-15.245,-14.643
quinidine_2346,-11.536,-11.347,-11.322
quinine_4523,-11.516,-11.346,-11.319
quinisocaine_3153,-10.399,-10.024,-10.009
quinupramine_2348,-12.016,-11.950,-11.875
quinupristin_2349,-18.984,-18.661,-18.343
quizartinib_5341,-13.323,-13.174,-11.580
rabacfosadine_5610,-12.385,-12.031,-11.845
rabeprazole_2350,-11.917,-11.008,-9.779
racecadotril_60,-14.215,-13.377,-12.627
racepinefrine_4508,-7.706,-6.667,-6.419
ractopamine_5611,-12.097,-12.070,-11.102
radotinib_5188,-13.997,-13.177,-13.022
raloxifene_2351,-15.609,-15.295,-15.253
raltegravir_2352,-14.311,-14.136,-13.937
raltitrexed_2353,-14.392,-14.353,-13.972
ramatroban_2354,-12.922,-12.900,-12.811
ramelteon_2355,-10.633,-10.157,-10.129
ramifenazone_3517,-9.777,-9.163,-8.923
ramipril_2356,-13.427,-13.175,-13.173
ramosetron_2357,-10.600,-10.292,-10.256
ranimustine_3519,-9.577,-9.519,-9.199
ranitidine_2358,-9.883,-9.758,-9.741
ranolazine_2359,-14.366,-13.202
rapacuronium_3520,-17.457
rasagiline_3521,-8.615,-7.830,-7.672
razoxane_4031,-9.063,-8.881,-8.440
rebamipide_2360,-12.549,-12.187,-11.884
reboxetine_2361,-11.438,-11.158,-11.096
regadenoson_2362,-11.944,-11.568,-11.554
regorafenib_4654,-15.011,-14.779,-14.729
relebactam_5342,-10.991,-10.966,-10.264
relugolix_5432,-15.755,-14.240,-14.201
remdesivir_5376,-13.830,-13.480,-13.442
remifentanil_2363,-12.830,-12.647,-12.027
remikiren_4696,-15.055,-14.802,-14.465
remimazolam_5400,-12.999,-12.750,-12.091
remoxipride_2365,-10.610,-10.107,-9.945
repaglinide_2366,-16.096,-15.390,-15.280
repirinast_2367,-13.466,-12.871,-12.425
reposal_3824,-11.670,-11.037,-10.214
reproterol_2368,-12.785,-12.510,-12.021
rescimetol_3825,-14.519,-13.772,-13.338
rescinnamine_2369,-15.175,-14.063,-13.879
reserpiline_3522,-12.964,-12.562,-12.447
reserpine_2370,-14.543,-13.898,-13.755
resorcinol_3524,-5.431,-5.411,-4.953
retapamulin_2371,-17.849,-17.532,-17.392
retigabine_4181,-11.773,-10.604,-10.385
retinol_2831,-12.034,-11.821,-11.306
retinolacetate_2372,-13.165,-12.551,-12.248
revaprazan_3525,-13.175,-12.858,-12.857
revefenacin_5303,-13.922,-13.105,-13.000
rhodoquine_3480,-10.141,-9.867,-9.856
ribavirin_2373,-7.922,-7.812,-7.811
ribociclib_5218,-14.065,-11.201,-11.075
riboflavin_2834,-11.879,-11.701,-11.587
riboflavinphosphate_2374,-13.300,-13.184,-13.017
ribostamycin_3526,-12.359,-12.231,-12.051
ricinoleicacid_3527,-11.443,-11.238,-10.162
ridaforolimus_4778,-18.067,-17.738,-17.458
rifabutin_2376,-16.870,-16.356,-16.057
rifampicin_2377,-16.123,-16.098,-16.030
rifamycin_4817,-14.337,-14.324,-14.115
rifapentine_2378,-17.052,-16.875,-16.658
rifaximin_2379,-15.836,-15.592,-15.557
rilmazafone_2380,-13.580,-13.040,-12.945
rilmenidine_2381,-7.411,-7.324,-7.180
rilpivirine_4174,-13.870,-13.457,-13.376
riluzole_2382,-8.429,-8.070,-7.892
rimantadine_2383,-9.257,-9.199,-8.274
rimazolium_4032,-9.005,-8.624,-8.278
rimegepant_5381,-16.236,-15.625,-14.610
rimexolone_2384,-14.602,-13.684,-13.534
rimiterol_2385,-9.169,-8.833,-8.099
rimonabant_4150,-14.011,-13.860,-13.784
riociguat_4807,-14.886,-13.758,-12.857
riodoxol_4033,-5.722,-5.713,-5.512
rioprostil_3529,-12.740,-12.702,-12.160
ripasudil_4938,-10.855,-10.284,-10.206
ripazepam_2386,-9.747,-9.632,-9.616
ripretinib_5394,-16.223,-16.008,-14.621
risdiplam_5407,-13.798,-13.791,-12.170
risedronicacid_2387,-8.610,-8.482,-7.841
risperidone_2389,-14.832,-14.455,-13.252
ritiometan_4697,-7.376,-7.084,-6.995
ritodrine_2390,-11.571,-11.192,-10.873
ritonavir_2391,-14.699,-14.201,-14.092
rivaroxaban_4182,-13.146,-13.073,-11.637
rivastigmine_2392,-9.374,-8.824,-8.464
rizatriptan_2393,-9.942,-9.761,-9.345
robenacoxib_5612,-11.412,-10.969,-10.727
robenidine_5613,-12.023,-10.907
rociverine_2395,-12.491,-11.629,-11.227
rocuronium_2396,-16.540,-15.890,-14.901
rofecoxib_2397,-11.351,-10.936,-10.725
roflumilast_3531,-12.912,-12.418,-11.766
rokitamycin_2398,-15.825,-15.774,-15.714
rolapitant_5027,-16.151,-15.848,-15.730
rolitetracycline_2399,-15.497,-14.917,-14.372
romidepsin_4119,-15.126,-14.890,-13.015
romifidine_5614,-7.984,-7.908,-7.081
romurtide_2400,-8.175
ronifibrate_2401,-13.203,-12.367,-12.156
ropinirole_2402,-9.664,-9.346,-9.185
ropivacaine_2403,-10.319,-9.899,-9.852
roquinimex_3532,-11.710,-11.385,-11.375
rosaprostol_2404,-11.247,-11.129,-11.095
rosiglitazone_2405,-12.555,-12.469,-12.032
rosoxacin_83,-11.261,-10.957,-10.518
rosuvastatin_2406,-13.599,-13.398,-13.371
rotigotine_2407,-11.159,-10.917,-10.697
rotraxate_3826,-11.691,-10.852,-10.840
roxadustat_5371,-13.124,-11.643,-11.566
roxatidineacetate_2408,-11.742,-10.802,-9.639
roxithromycin_2410,-16.939,-16.458,-16.395
rubitecan_2411,-13.633,-13.256,-12.941
ruboxistaurin_3533,-16.145,-15.424,-15.378
rucaparib_5203,-12.161,-12.034,-11.983
rufinamide_3534,-9.391,-8.662,-8.464
rufloxacin_2412,-10.844,-10.561,-10.550
rupatadine_2413,-15.190,-14.624,-14.340
rutoside_3535,-13.702,-13.692,-13.628
ruxolitinib_4190,-10.715,-10.676,-10.624
sabcomeline_3536,-8.448,-7.590,-7.089
sacubitril_5012,-15.243
safinamide_4921,-12.087,-11.182,-10.664
salacetamide_3827,-7.932,-7.498,-6.882
salamidaceticacid_3538,-8.076,-7.817,-7.470
salazosulfadimidine_3537,-14.285,-13.642
salbutamol_105,-9.404,-9.004,-8.951
salicylamide_2415,-6.374,-6.116,-5.852
salicylanilide_3539,-9.388,-9.339,-8.724
salicylicacid_2416,-6.408,-6.360,-6.350
salicylsulfuricacid_3541,-7.683,-7.545,-7.465
salinazid_2418,-9.837,-9.391,-8.965
salinomycin_5615,-22.263
salmeterol_2419,-10.133,-9.807,-9.699
salsalate_2420,-10.286,-10.113,-9.734
samidorphan_5460,-13.366,-12.573,-12.524
sancycline_3828,-13.578,-13.267,-13.090
sapropterin_2612,-8.511,-8.467,-7.778
saquinavir_2422,-19.501
saralasin_3542,-16.822,-16.666,-16.657
sarecycline_5298,-15.077,-14.312,-13.603
saroglitazar_5047,-15.125
sarolaner_5616,-17.304,-15.865,-14.837
sarpogrelate_2423,-14.633,-14.496,-14.131
saxagliptin_4114,-13.061,-11.355,-11.263
scarletred_3543,-15.261,-14.581,-14.083
scopolamine_2424,-11.540,-11.389,-10.627
scopolaminebutylbromide_458,-13.045,-12.973,-12.556
secalciferol_2426,-15.538,-15.432,-14.924
secbutabarbital_439,-9.015,-8.570,-7.845
secnidazole_2427,-6.860,-6.814,-6.013
secobarbital_2428,-9.814,-9.811,-9.423
secretinhuman_2548,80165672.594
secretinporcine_5198,79955416.233
selamectin_5617,-15.902,-15.849,-15.676
selegiline_2429,-8.760,-8.184,-8.062
selenium75Setauroselcholicacid_4059,-15.892,-14.194,-13.444
seleniumsulfide_4274,-1.898,-1.873,-1.848
selenomethionine_3544,-5.027,-4.831,-4.399
selexipag_5077,-15.514,-12.966,-12.696
selinexor_5330,-14.865,-13.216,-13.089
selpercatinib_5393,-15.480,-14.098,-12.973
selumetinib_5388,-11.769,-11.555,-11.444
semaglutide_5267,950396294.690
semduramicin_5618,-17.812,-17.688,-17.375
semustine_4704,-8.936,-8.476,-8.059
sequifenadine_4803,-12.411,-12.254,-12.182
seractide_4821,544417180.621
seratrodast_2432,-13.043,-12.989,-12.647
serdexmethylphenidate_5448,-15.285,-14.398,-12.653
serine_4127,-4.054,-3.914,-3.440
sermorelin_2433,49527614.277
sertaconazole_2434,-12.491,-12.488,-12.036
sertindole_2435,-14.250,-14.105,-13.707
sertraline_2436,-11.468,-10.825,-10.459
setastine_2437,-13.492,-13.060,-12.759
setiptiline_2438,-10.931,-10.768,-10.740
setmelanotide_5416,-18.101,-17.290,-16.229
sevoflurane_2439,-7.882,-7.618,-7.378
sibutramine_2440,-10.214,-10.010,-9.913
siccanin_3546,-13.939,-12.998,-12.815
sildenafil_2441,-12.984,-12.847,-12.617
silicondioxide_4284,-1.881,-1.865,-1.576
silodosin_4151,-15.334,-14.964,-14.419
simeprevir_4812,-15.226,-15.100,-14.376
simetride_4883,-13.099,-12.571,-12.328
simfibrate_2444,-13.668,-13.660,-11.834
simvastatin_2445,-14.090,-13.747,-13.744
sincalide_4627,-17.521,-16.675,-15.552
siponimod_5326,-13.441,-13.345,-12.950
sirolimus_2446,-17.947,-17.739,-17.243
sisomicin_2447,-12.266,-12.261,-12.239
sitafloxacin_2449,-12.328,-12.327,-12.219
sitagliptin_2448,-13.792,-13.434,-13.405
sitaxentan_3548,-12.756,-12.699,-12.566
sitosterol_2451,-15.365,-15.325,-15.204
sivelestat_2452,-14.611,-14.452,-12.459
sobrerol_2454,-7.904,-7.858,-6.840
sobuzoxane_2455,-12.062,-11.940,-10.930
sodiumgualenate_3874,-10.718,-10.111,-9.953
sodiumhexacyclonate_3459,-7.723,-7.551,-6.821
sodiummyristylsulfate_2465,-9.764,-9.454,-8.989
sodiumtetradecylsulfate_3550,-10.189,-10.152,-10.053
sodiumthiosalicylate_4856,-6.358,-6.168,-6.150
sofalcone_2456,-15.041,-12.348
sofosbuvir_4811,-14.663,-14.634,-14.479
sofpironiumbromide_5428,-13.732,-13.328,-12.989
solasulfone_3551,-15.250,-15.204,-15.003
solifenacin_2457,-13.872,-13.352,-13.313
solriamfetol_5325,-8.306,-7.469,-7.386
somatostatin_2997,-16.573,-13.761
sonidegib_5008,-12.820,-12.500,-12.010
sorafenib_2459,-14.602,-13.943
sorbinicate_2460,-15.595,-15.567,-15.479
sorbitol_2462,-6.162,-6.122,-5.301
sorivudine_2463,-9.845,-9.703,-8.941
sotagliflozin_5339,-13.252,-12.592,-12.008
sotalol_2464,-8.927,-8.785,-7.982
sotorasib_5461,-17.493,-17.333,-16.134
sozoiodolicacid_3830,-6.502,-6.497,-6.184
spaglumicacid_4050,-10.145,-10.038,-9.456
sparfloxacin_2466,-11.879,-11.729,-11.680
sparteine_2467,-9.763,-9.759,-8.615
spectinomycin_2468,-10.478,-10.454,-9.970
spiclomazine_2469,-13.490,-12.811,-12.753
spiperone_2470,-14.595,-14.551,-14.399
spirapril_2474,-13.204,-12.771,-12.673
spironolactone_2475,-14.437,-14.335,-14.069
spizofurone_2476,-8.974,-8.727,-7.986
stallimycin_3553,-11.588,-11.401,-11.338
stanozolol_2477,-13.861,-13.163,-12.360
stavudine_2478,-8.422,-8.237,-7.437
stearicacid_4611,-9.310,-8.864,-8.265
stepronin_2479,-8.360,-8.105,-7.993
stiripentol_2480,-9.936,-9.844,-8.844
streptomycin_2481,-15.104,-14.739,-14.506
streptozocin_2483,-8.503,-8.413,-7.698
strychnine_2484,-12.360,-12.100,-11.957
styramate_2485,-7.746,-7.376,-7.110
subathizone_3832,-8.877,-8.598,-8.315
succimer_2486,-5.195,-5.064,-4.698
succinicacid_2487,-4.661,-4.632,-4.293
succinimide_4723,-4.640,-4.424,-3.888
succinylsulfathiazole_2490,-11.084,-10.705,-9.944
succisulfone_3556,-12.315,-11.912,-10.696
suclofenide_3833,-12.514,-12.327,-11.662
sucrose_4610,-9.957,-9.538,-9.428
sufentanil_2491,-13.780,-13.228,-12.362
sugammadex_4233,-12.403
sulbactam_2492,-7.270,-7.186,-6.985
sulbactampivoxyl_2493,-10.976,-10.333,-10.196
sulbenicillin_4052,-12.849,-12.189,-11.913
sulbentine_3557,-11.388,-11.254,-10.784
sulbutiamine_2494,-13.880,-13.697,-13.438
sulcaine_1020,-10.576,-10.236,-9.996
sulconazole_2495,-12.435,-11.879,-11.695
sulfabenzamide_3558,-10.575,-10.370,-9.677
sulfabromomethazine_5620,-10.161,-9.910,-9.720
sulfacarbamide_2496,-7.914,-7.641,-6.788
sulfacetamide_2497,-8.121,-7.606,-6.895
sulfachloropyrazine_5619,-9.478,-8.809,-8.448
sulfachlorpyridazine_2498,-9.773,-9.448,-8.864
sulfachrysoidine_3559,-11.290,-10.921,-10.330
sulfacytine_2499,-10.253,-9.626,-9.164
sulfadiasulfone_61,-11.082,-10.613,-10.516
sulfadiazine_2500,-9.247,-8.862,-8.091
sulfadicramide_3560,-9.451,-9.048,-8.232
sulfadimethoxine_2501,-10.478,-9.537,-9.279
sulfadimidine_2502,-10.022,-9.494,-9.365
sulfadoxine_2503,-10.030,-9.980,-9.677
sulfaethidole_2504,-9.643,-9.178,-8.979
sulfaethoxypyridazine_5621,-10.398,-9.490,-9.390
sulfafurazole_2529,-9.752,-9.364,-8.801
sulfaguanidine_2505,-7.959,-7.630,-7.132
sulfaguanole_2506,-10.721,-10.034,-9.857
sulfalene_2517,-9.422,-9.153,-8.899
sulfaloxicacid_2508,-13.448,-12.659,-12.498
sulfamazone_2509,-16.686,-16.046,-14.035
sulfamerazine_2510,-9.548,-9.071,-8.514
sulfameter_2511,-9.992,-9.090,-8.761
sulfamethizole_2512,-9.216,-8.654,-8.042
sulfamethoxazole_2514,-9.369,-9.090,-8.332
sulfamethoxypyridazine_2515,-10.254,-8.883,-8.821
sulfamethylthiazole_2516,-9.129,-8.510,-7.994
sulfametomidine_2513,-10.074,-9.768,-9.223
sulfametrole_2518,-9.485,-8.538,-8.406
sulfamidochrysoidine_3561,-10.189,-10.094,-9.434
sulfamonomethoxine_2519,-10.051,-9.728,-8.944
sulfamoxole_2520,-9.574,-9.332,-8.463
sulfanilamide_2521,-6.702,-6.444,-5.605
sulfaperin_2522,-9.617,-9.242,-8.578
sulfaphenazole_2523,-11.602,-11.582,-10.926
sulfapyridine_2524,-9.453,-9.045,-8.550
sulfaquinoxaline_5622,-10.945,-10.811,-10.117
sulfasalazine_2525,-14.298,-13.376,-12.389
sulfasomizole_3835,-9.134,-8.573,-8.209
sulfasymazine_3836,-10.276,-10.230,-10.025
sulfathiazole_2527,-8.840,-8.118,-7.635
sulfathiourea_3567,-7.979,-7.406,-6.948
sulfinalol_3568,-12.825,-12.290,-11.185
sulfinpyrazone_2528,-14.938,-14.532,-13.957
sulfiram_3569,-7.589,-7.578,-6.979
sulfisomidine_2526,-9.914,-9.474,-9.447
sulfisoxazoleacetyl_4458,-10.667,-10.025,-9.705
sulfobromophthalein_2531,-15.916,-15.221,-15.156
sulfomyxin_5623,-20.253,-19.212,-18.008
sulforidazine_2532,-12.767,-12.345,-11.841
sulfurhexafluoride_4039,-5.558,-5.236,-4.739
sulindac_2534,-12.314,-12.179,-12.106
sulisatin_2535,-15.135,-14.065,-13.950
sulisobenzone_3572,-10.184,-10.004,-9.972
sulmarin_3573,-10.638,-10.190,-10.012
sulmazole_3574,-10.119,-9.197,-9.072
suloctidil_2536,-12.107,-11.729,-11.250
sulpiride_2537,-11.031,-10.622,-10.561
sulprostone_2538,-16.387,-15.984
sultamicillin_2539,-15.365,-14.529,-13.331
sultiame_2540,-9.574,-9.469,-8.545
sultopride_2541,-11.434,-11.213,-11.188
sultosilicacid_2542,-11.459,-11.129,-10.974
sumatriptan_2543,-9.479,-9.294,-9.078
sunitinib_2544,-14.016,-12.998,-12.939
suplatast_2545,-10.060,-9.170,-8.819
suprofen_2546,-10.180,-9.751,-9.255
suramin_2966,-19.624,-18.023,-17.747
suvorexant_4881,-15.831,-15.572,-15.513
suxamethonium_2489,-9.026,-8.989,-8.891
suxibuzone_2547,-15.323,-14.960,-14.698
symclosene_3629,-6.566,-6.447,-6.427
syrosingopine_2550,-17.343,-16.008,-14.454
tacalcitol_4727,-11.315,-11.269,-10.865
tacrine_2551,-9.423,-9.355,-8.448
tacrolimus_2552,-16.979,-16.761,-16.729
tadalafil_2553,-13.471,-13.258,-12.974
tafamidis_4192,-10.885,-10.622,-9.956
tafenoquine_3578,-14.437,-13.885,-13.885
tafluprost_4229,-14.557,-14.420,-14.375
talampicillin_2554,-15.820,-15.459,-14.527
talaporfin_2555,-16.220,-16.004,-15.613
talastine_3579,-11.772,-11.666,-11.114
talazoparibtosylate_5300,-12.843,-12.532,-12.525
talbutal_2556,-9.235,-9.136,-8.817
talinolol_2557,-12.612,-12.535,-11.505
talipexole_2558,-7.504,-7.494,-6.938
talniflumate_2559,-14.463,-13.863,-13.746
taltirelin_2560,-11.797,-11.741,-11.593
tamibarotene_3580,-14.097,-13.997,-13.679
tamoxifen_2561,-13.701,-13.580,-13.549
tamsulosin_2562,-14.123,-13.712,-12.844
tandospirone_2563,-14.091,-13.253,-12.883
tapentadol_4283,-9.523,-8.698,-8.178
tapinarof_5521,-11.111,-10.307,-9.991
taribavirin_3582,-7.863,-7.793,-7.767
tartaricacid_2566,-5.318,-5.313,-5.146
tartrazine_2567,-14.381,-14.214,-14.151
tasimelteon_4820,-10.154,-9.953,-9.211
tasosartan_3839,-13.895,-13.874,-13.449
taurine_4486,-4.048,-3.985,-3.933
taurolidine_2568,-8.207,-8.188,-7.398
taurosteine_2569,-7.248,-6.971,-6.648
taurursodiol_5679,-17.399,-16.708,-16.137
tazanolast_2570,-10.651,-10.501,-9.844
tazarotene_2571,-12.683,-12.129,-11.998
tazemetostat_5380,-16.722,-15.599
tazobactam_2572,-9.504,-9.110,-8.731
tebipenempivoxil_2574,-13.319,-11.288,-11.254
teclothiazide_2575,-10.750,-10.741,-9.769
teclozan_2576,-13.418,-13.285,-13.003
tecovirimat_5291,-15.026,-14.470,-14.112
tedisamil_4655,-11.373,-11.006,-10.992
tedizolidphosphate_4873,-11.142,-11.029,-10.565
teduglutide_4718,1133903712.503
teflurane_3583,-5.319,-4.898,-4.765
tegafur_4398,-7.892,-7.379,-6.850
tegaserod_2579,-11.011,-10.861,-10.621
teicoplaninaglycone_2580,-22.242,-20.259
telaprevir_4173,-15.167,-14.677,-14.543
telavancin_4116,-16.321
telbivudine_4220,-8.701,-8.439,-7.908
telithromycin_2581,-16.739,-16.296,-15.956
telmesteine_2582,-6.596,-6.497,-6.197
telmisartan_2583,-16.382,-13.864,-13.814
telotristatethyl_5214,-17.358,-15.536
temafloxacin_2584,-13.409,-13.249,-12.771
temazepam_2585,-10.337,-10.265,-10.128
temocapril_2586,-13.384,-10.523,-10.453
temocillin_2587,-11.412,-11.363,-11.359
temoporfin_2588,-16.140,-16.097,-16.091
temozolomide_2589,-6.963,-6.806,-6.351
temsirolimus_4161,-16.883,-16.023,-14.925
tenapanor_5349,26.854
teneligliptin_4895,-13.487,-13.250,-13.125
tenidap_4728,-9.807,-9.792,-9.791
teniposide_2590,-14.702,-13.656,-13.299
tenitramine_2591,-11.395,-11.388,-11.335
tenofovir_2592,-9.081,-8.917,-8.359
tenofoviralafenamide_4944,-14.981,-13.904,-13.113
tenofovirdisoproxil_2593,-13.505,-11.720,-11.400
tenonitrozole_2594,-7.964,-7.858,-7.391
tenoxicam_2595,-10.430,-9.802,-9.732
tepotinib_5424,-16.292,-15.305
tepoxalin_5624,-12.569,-12.543,-12.117
teprenone_2596,-11.776,-11.098,-10.493
terazosin_3584,-13.121,-12.600,-12.364
terbinafine_2597,-12.691,-12.407,-12.257
terbutaline_2598,-8.883,-8.292,-8.162
terconazole_2599,-15.845,-13.070
terfenadine_2600,-17.123,-17.052,-16.954
terguride_2601,-12.676,-11.869,-11.802
teriflunomide_4634,-10.995,-9.711,-9.528
teriparatide_4514,197581283.565
terizidone_2602,-10.652,-10.494,-9.874
terlipressin_2967,-19.056,-18.582,-17.039
terodiline_2603,-12.513,-11.414,-11.387
terpin_2604,-7.843,-7.821,-6.843
tertatolol_2605,-10.956,-10.491,-10.139
testolactone_2606,-12.700,-12.336,-11.469
testosterone_2607,-13.027,-12.521,-11.809
testosteronecypionate_4454,-16.730,-16.052,-15.705
testosteroneenantate_4609,-15.760,-15.154,-13.091
testosteronepropionate_4146,-13.906,-12.990,-12.601
testosteroneundecanoate_2608,-12.091,-11.969,-11.817
tetrabarbital_3840,-9.916,-9.879,-8.854
tetrabenazine_2609,-11.633,-11.139,-11.118
tetracaine_2610,-9.438,-9.177,-8.958
tetrachloroethylene_3587,-4.327,-4.258,-3.782
tetracosactide_4516,89.084
tetracycline_2611,-14.266,-13.916,-13.815
tetraethylphthalamide_3588,-10.676,-10.526,-10.192
tetragalacturonicacidhydroxymethylester_4729,-15.314,-15.257,-15.060
tetramethrin_4730,-12.334,-12.265,-12.121
tetrazepam_2614,-10.609,-9.952,-9.943
tetrofosmin_3592,-10.330,-9.885,-9.819
tetroxoprim_2615,-11.052,-10.844,-10.064
tetryzoline_3591,-9.219,-8.884,-8.447
tevenel_3841,-10.506,-10.378,-9.866
tezacaftor_5276,-17.879
thalidomide_2616,-10.436,-9.966,-9.575
thebacon_3144,-11.556,-11.547,-11.504
thenalidine_2617,-10.565,-10.432,-9.722
theniumclosylate_5625,-12.731,-12.630,-11.953
theobromine_2618,-6.597,-5.726,-5.694
theodrenaline_2619,-12.465,-12.359,-11.632
theophylline_2620,-6.267,-5.985,-5.700
thiabendazole_2621,-8.112,-7.436,-7.140
thialbarbital_3595,-10.670,-9.787,-9.404
thiamazole_1745,-3.917,-3.440,-3.289
thiamine_2832,-9.334,-9.118,-8.328
thiamphenicol_2624,-10.494,-10.296,-9.841
thiamphenicolglycinate_2625,-11.248,-10.929,-10.924
thiamylal_2626,-9.882,-9.609,-9.036
thiazinam_2628,-10.345,-10.189,-10.168
thiazosulfone_3597,-8.851,-8.380,-7.678
thiethylperazine_2630,-12.924,-12.405,-11.688
thioacetazone_2631,-8.433,-7.891,-7.849
thiocolchicoside_4731,-14.880,-14.583,-14.543
thiocticacid_4732,-6.900,-6.888,-6.312
thioguanine_2632,-5.564,-5.539,-5.536
thiopental_2633,-8.971,-8.784,-8.311
thiopropazate_2634,-13.458,-13.343,-12.758
thioproperazine_2635,-13.032,-13.029,-12.896
thioridazine_2637,-11.883,-11.811,-11.711
thiostrepton_5627,-14.070,-11.777
thiotepa_2638,-5.653,-5.320,-5.034
thiothixene_2639,-13.605,-13.325,-13.278
thiouracil_2640,-4.771,-4.400,-4.399
thiram_3601,-5.896,-5.873,-5.164
thonzylamine_2642,-10.625,-9.694,-9.414
threonine_4254,-4.580,-4.492,-4.133
thurfylnicotinate_3602,-8.106,-8.106,-7.541
thymalfasin_2643,465637706.489
thymol_4258,-7.427,-6.527,-6.486
thymopentin_2645,-13.942,-13.373,-13.366
thyropropicacid_3604,-10.650,-10.353,-10.058
tiadenol_2647,-8.211,-7.091,-7.080
tiagabine_2648,-11.999,-11.835,-11.759
tiamenidine_2649,-7.166,-7.137,-6.930
tiamiprine_3596,-8.971,-8.556,-8.399
tiamulin_5628,-15.889,-15.858,-15.436
tianeptine_2650,-13.960,-13.944,-13.066
tiapride_2651,-10.528,-10.133,-9.939
tiaprofenicacid_2652,-10.080,-10.050,-9.160
tiaramide_2653,-10.869,-10.866,-10.358
tiazesim_2627,-11.350,-11.005,-10.963
tiazofurine_3605,-8.151,-7.792,-7.444
tibezonium_2654,-15.590,-14.853,-14.130
tibolone_2655,-13.203,-13.065,-12.235
ticagrelor_4184,-16.199,-14.599,-14.254
ticarcillin_2656,-11.149,-11.133,-10.494
ticlatone_4734,-6.878,-6.564,-5.912
ticlopidine_2657,-9.774,-9.317,-8.828
tidiacic_2659,-5.657,-5.355,-5.100
tiemonium_2660,-12.068,-10.810,-10.767
tienilicacid_2658,-10.508,-9.751,-9.231
tifenamil_2641,-12.339,-11.849,-11.664
tigecycline_2661,-17.313,-16.609
tigemonam_3842,-11.197,-11.097,-10.900
tigilanoltiglate_5651,-16.425,-16.243,-16.032
tigloidine_3606,-9.762,-9.243,-8.471
tilbroquinol_2662,-7.670,-7.658,-7.214
tildipirosin_5629,-18.812,-16.812
tiletamine_5630,-8.543,-8.410,-7.823
tilidine_2663,-10.348,-10.232,-9.692
tiliquinol_2664,-7.611,-7.108,-6.728
tilisolol_2665,-11.008,-10.870,-10.261
tilmicosin_5632,-16.954,-16.879,-16.789
tiludronicacid_2666,-9.236,-8.864,-8.202
timepidium_2667,-9.621,-9.539,-9.425
timiperone_2668,-14.319,-13.138,-12.062
timolol_4061,-10.119,-10.020,-9.309
timonacic_2670,-4.340,-4.267,-4.177
tinazoline_4062,-8.568,-7.773,-7.564
tinidazole_2671,-8.196,-7.978,-7.335
tinofedrine_3843,-12.163,-11.844,-11.807
tinoridine_2672,-11.113,-10.818,-10.603
tiocarlide_2673,-12.917,-12.623,-11.741
tioclomarol_2674,-14.093,-13.577,-13.550
tioconazole_2675,-10.696,-10.664,-10.611
tiomesterone_3844,-14.003,-13.917,-13.473
tiopronin_2676,-5.410,-5.354,-5.202
tiotropiumbromide_2677,-12.580,-12.185,-11.705
tioxidazole_5633,-8.728,-8.549,-8.371
tioxolone_3607,-6.704,-6.279,-5.547
tipepidine_253,-8.609,-8.593,-8.514
tipiracil_4893,-8.377,-8.367,-7.514
tipranavir_3609,-19.734,-18.731,-17.785
tiquizium_2678,-10.781,-10.746,-10.725
tirabrutinibhydrochloride_5423,-11.724,-11.432,-11.386
tiracizine_2679,-13.288,-11.681,-11.367
tiratricol_3611,-10.055,-9.879,-9.745
tirbanibulin_5431,-11.532,-11.465,-11.195
tirilazad_4063,-19.767
tirofiban_2680,-13.991,-13.890,-11.168
tiropramide_2681,-15.150,-15.105,-14.556
tirzepatide_5516,1421124644.949
tisopurine_2682,-5.463,-5.379,-5.061
tivozanib_5258,-15.240,-13.629
tixocortol_4064,-15.773,-15.507,-14.482
tizanidine_2683,-8.580,-8.360,-7.835
tobramycin_2684,-12.773,-12.232,-11.900
tobuterol_2685,-16.240,-16.202
tocainide_2686,-8.555,-8.036,-7.321
toceranib_5634,-14.139,-13.004,-12.960
tocofersolan_4280,-16.734,-15.693
tocofibrate_2688,-13.798,-13.367,-13.362
tocopherolsuccinate_2690,-14.669,-12.259,-12.132
tocopherylnicotinate_2689,-13.785,-13.656,-13.096
todralazine_2691,-9.264,-8.951,-8.808
tofacitinib_4713,-10.969,-10.086,-10.024
tofenacin_2692,-11.447,-10.197,-10.155
tofisopam_2693,-12.634,-12.452,-12.257
tofogliflozin_4892,-13.676,-13.444,-13.031
tolazamide_2694,-11.288,-11.276,-10.697
tolazoline_2695,-7.760,-6.801,-6.788
tolbutamide_2696,-10.131,-10.069,-9.337
tolcapone_2697,-10.735,-10.615,-10.202
tolciclate_3614,-12.255,-12.127,-12.123
tolfenamicacid_2698,-10.959,-10.368,-9.506
tolindate_3615,-11.262,-11.095,-10.848
toliprolol_3616,-9.083,-9.071,-8.744
tolmetin_2699,-10.886,-10.187,-9.709
tolnaftate_3617,-11.555,-11.501,-11.461
tolonidine_2700,-8.369,-7.839,-7.450
tolonium_2701,-10.348,-9.462,-9.055
toloxatone_2702,-8.780,-8.424,-7.735
tolperisone_2703,-10.414,-10.386,-9.870
tolpropamine_3618,-10.679,-10.346,-10.146
tolrestat_2704,-12.068,-11.612,-11.409
tolterodine_2705,-11.943,-11.926,-11.926
toluene_5635,-5.852,-5.536,-4.956
tolvaptan_4110,-15.973,-15.945,-15.189
tolycaine_3619,-10.179,-9.975,-9.538
tonzonium_4605,-11.680,-10.427,-10.218
topiramate_2706,-10.830,-10.338,-10.063
topiroxostat_4888,-9.732,-8.908,-8.874
topotecan_2707,-14.396,-13.912,-13.406
toremifene_2709,-13.948,-13.847,-13.660
torsemide_2708,-12.495,-11.555,-11.428
tosufloxacin_2710,-12.606,-12.481,-12.389
tosylchloramidesodium_3088,-7.743,-7.574,-6.643
trabectedin_4633,-18.290,-17.955,-17.202
tramadol_2711,-9.797,-9.569,-9.566
tramazoline_3620,-9.716,-8.866,-8.810
trametinib_4802,-15.511,-15.451,-15.194
trandolapril_2712,-13.888,-13.246,-13.229
tranexamicacid_2713,-7.024,-6.982,-6.071
tranilast_2714,-11.501,-10.969,-10.886
tranylcypromine_2715,-7.000,-6.652,-6.320
trapidil_3621,-7.563,-7.236,-7.115
travoprost_2716,-14.647,-13.339,-13.088
traxanox_3622,-11.101,-10.375,-9.775
trazodone_2717,-12.707,-12.653,-12.176
trelagliptin_5013,-12.034,-11.906,-11.348
trenboloneacetate_5636,-12.713,-12.184,-11.870
trenbolonehexahydrobenzylcarbonate_5065,-15.868,-15.343,-14.428
trengestone_3623,-13.533,-13.063,-12.289
treosulfan_2718,-7.157,-7.147,-7.144
trepibutone_2719,-10.007,-9.700,-9.638
treprostinil_2720,-12.719,-12.483,-12.406
tretamine_2739,-6.691,-6.685,-6.613
tretinoin_2722,-12.345,-12.220,-11.735
tretinointocoferil_2721,-15.422,-14.705,-14.417
tretoquinol_2723,-11.645,-11.496,-11.298
triacetin_3624,-7.338,-7.310,-7.249
triamcinolone_2725,-14.484,-13.767,-13.393
triamcinoloneacetonide_2726,-15.271,-15.039,-14.468
triamcinolonebenetonide_4067,-20.671,-20.106
triamcinolonediacetate_2727,-15.850,-15.061,-14.571
triamcinolonehexacetonide_4976,-17.402,-17.357,-16.225
triamterene_2728,-9.755,-9.729,-9.136
triaziquone_4372,-7.947,-7.577,-7.554
triazolam_2729,-11.258,-11.120,-11.094
tribenoside_2730,-12.926,-12.394,-11.838
tribromoethanol_2731,-4.167,-3.892,-3.666
tribromometacresol_3625,-6.431,-6.404,-6.013
tribuzone_2732,-13.706,-13.356,-13.330
tricaine_5637,-7.341,-6.841,-6.555
trichlormethiazide_2733,-10.315,-10.208,-9.726
trichloroaceticacid_3627,-4.528,-4.459,-3.981
trichloroethylene_3628,-3.858,-3.669,-3.239
triclabendazole_2734,-11.371,-10.051,-9.945
triclocarban_3630,-10.525,-10.424,-9.513
triclofos_2735,-5.838,-5.768,-5.221
triclosan_3631,-9.800,-9.721,-8.612
tricyclamolchloride_2736,-12.909,-11.790,-11.519
tridihexethyl_2737,-12.455,-11.982,-11.863
trientine_2738,-5.161,-5.154,-4.805
trifarotene_5350,-15.957,-15.936,-14.945
trifluoperazine_2740,-13.041,-12.991,-12.771
trifluperidol_2741,-15.733,-15.369,-13.933
triflupromazine_2742,-11.868,-11.552,-11.442
trifluridine_2743,-10.381,-10.192,-9.628
triflusal_2744,-9.284,-9.231,-8.675
triheptanoin_5399,-12.064,-12.026,-11.943
trihexyphenidyl_2745,-13.102,-12.367,-11.689
trilaciclib_5442,-14.992,-14.970,-13.820
trilostane_2746,-14.010,-12.468,-12.243
trimazosin_2747,-13.417,-12.647,-12.155
trimebutine_2748,-13.979,-12.659,-12.461
trimecaine_3633,-10.119,-9.428,-9.268
trimegestone_4736,-13.739,-13.417,-12.736
trimetaphan_2752,-12.806,-12.660,-12.520
trimetazidine_2750,-8.277,-8.238,-8.129
trimethadione_2751,-5.735,-5.255,-5.100
trimethidinium_3845,-11.182,-10.456,-10.334
trimethobenzamide_2754,-12.344,-12.159,-12.094
trimethoprim_2755,-9.919,-9.854,-9.757
trimethyldiphenylpropylamine_4737,-10.586,-10.272,-10.118
trimetozine_2756,-9.156,-8.874,-8.751
trimetrexate_2757,-12.676,-11.796,-11.747
trimipramine_2758,-12.298,-11.499,-11.300
trinitrophenol_4626,-7.412,-7.072,-6.963
trioxsalen_2759,-9.885,-9.637,-8.917
tripamide_2760,-12.986,-12.307,-11.941
triparanol_2761,-15.305,-14.526,-14.373
tripelennamine_2762,-11.172,-9.566,-9.475
triprolidine_2763,-10.698,-10.633,-10.598
triptorelin_2968,-18.199,-16.959
tritiozine_2764,-8.959,-8.704,-8.662
tritoqualine_2765,-14.622,-14.314,-14.231
trofosfamide_2766,-8.446,-7.833,-7.708
troglitazone_2767,-14.881,-14.856,-13.984
trolamine_2768,-5.415,-5.267,-5.076
troleandomycin_2769,-17.786,-17.258,-16.092
trolnitrate_2770,-8.507,-8.433,-8.157
tromantadine_3634,-11.601,-10.334,-10.320
trometamol_2771,-4.485,-4.435,-4.035
tropatepine_2772,-12.662,-12.641,-12.344
tropesin_2773,-16.939,-15.531,-14.948
tropicamide_2774,-11.272,-10.839,-10.497
tropisetron_2775,-11.705,-11.300,-10.785
trospectomycin_3846,-11.994,-11.930,-11.555
trospium_2776,-15.272,-14.793,-14.739
trovafloxacin_2777,-12.976,-12.947,-12.795
troxacitabine_3635,-7.702,-7.322,-7.025
troxerutin_2778,-14.942,-14.391,-14.149
troxipide_2779,-10.316,-10.222,-9.687
trypanblue_4608,-15.650,-15.619,-15.533
tryptophan_2780,-8.796,-8.626,-7.864
tuaminoheptane_3637,-5.521,-5.441,-5.215
tubocurarine_2781,-13.984,-13.806,-13.357
tucatinib_5389,-16.154,-15.892,-14.241
tucidinostat_4973,-14.139,-13.907,-13.638
tulathromycin_5640,-16.524,-16.238,-16.148
tulobuterol_2782,-8.896,-8.694,-8.329
tybamate_2783,-9.675,-9.594,-9.209
tylosin_5642,-17.728,-17.134,-16.976
tylvalosin_5643,-19.200,-17.696,-17.668
tymazoline_3445,-10.054,-9.121,-9.043
tyramine_2784,-6.648,-6.267,-5.925
tyropanoate_2785,-10.543,-10.437,-10.223
tyrosine_2786,-7.761,-7.382,-6.707
ubenimex_2787,-11.619,-11.505,-11.019
ubidecarenone_4607,23.872,24.060
ubrogepant_5361,-18.810,-18.228,-18.107
udenafil_4141,-15.505,-14.902
ufenamate_2788,-13.135,-12.350,-12.213
ulipristal_4166,-16.387,-16.247,-15.986
ulobetasolpropionate_1349,-16.044,-15.721,-15.363
umbralisib_5441,-18.419,-16.507,-16.034
umeclidinium_4816,-17.110,-16.754,-15.235
umifenovir_4868,-12.979,-12.838,-12.587
undecylenicacid_3446,-8.164,-8.064,-7.476
unithiol_2792,-4.810,-4.723,-4.358
unoprostoneisopropyl_2794,-13.373,-11.563,-10.816
upacicalcet_5482,-10.515,-10.339,-10.127
upadacitinib_5346,-12.742,-12.187,-11.763
uracilmustard_2795,-7.871,-7.470,-6.946
urapidil_2796,-12.953,-12.574,-12.358
uredepa_3638,-7.130,-6.860,-6.760
uridinetriacetate_5029,-10.654,-10.592,-10.349
uridinetriphosphate_3639,-12.832,-12.379,-11.926
ursodiol_2797,-15.270,-14.201,-13.875
vadadustat_5420,-11.279,-10.410,-10.315
valaciclovir_2798,-10.599,-10.143,-10.077
valbenazine_5227,-13.081,-13.066,-12.979
valdecoxib_2799,-11.376,-10.970,-10.917
valdetamide_3640,-7.135,-7.089,-6.361
valethamate_2800,-12.011,-10.871,-10.721
valganciclovir_2801,-11.403,-11.035,-10.894
valine_4128,-4.899,-4.849,-4.389
valnoctamide_2802,-6.453,-6.376,-5.760
valproicacid_2803,-6.505,-6.433,-5.811
valpromide_2804,-6.492,-6.399,-6.191
valrubicin_2805,-15.967,-15.898,-14.870
valsartan_2806,-14.468,-14.419,-14.017
vancomycin_2807,-16.562
vandetanib_4178,-13.816,-13.396,-13.115
vaniprevir_4939,-22.277,-22.187,-21.454
vanitiolide_3847,-8.385,-8.384,-7.737
vardenafil_2809,-13.532,-11.329,-11.002
varenicline_2808,-9.538,-8.125,-8.124
vasopressin_2810,-18.344,-18.235,-18.085
vatinoxan_5652,-14.352,-13.132,-12.668
vecuronium_2811,-17.333,-16.127,-14.671
vedaprofen_2812,-12.528,-11.178,-11.088
velnacrine_3848,-9.715,-9.606,-8.326
velpatasvir_5154,-18.275,-17.394,-16.507
vemurafenib_4185,-15.810
venetoclax_5133,-18.194,-18.089,-17.830
venlafaxine_2813,-11.113,-10.056,-10.023
veralipride_2814,-11.965,-11.631,-11.587
verapamil_2815,-14.078,-13.436,-11.983
verdinexor_5653,-14.877,-14.462,-14.206
vericiguat_5439,-13.503,-13.018,-12.830
vernakalant_4365,-11.550,-11.482,-11.363
vesnarinone_2817,-14.146,-13.580,-11.714
vibegron_5311,-15.215,-13.233,-12.436
vidarabine_2818,-8.765,-8.709,-7.963
vigabatrin_2819,-5.512,-5.470,-5.344
vilanterol_4799,-10.430,-9.985,-9.919
vilazodone_4223,-14.593,-13.752,-11.853
vildagliptin_3642,-12.776,-11.273,-10.875
viloxazine_2820,-8.652,-8.316,-8.245
viminol_2821,-12.010,-11.889,-11.368
vinbarbital_3849,-9.361,-8.936,-8.861
vinblastine_2823,-17.786,-17.437,-17.157
vinburnine_2824,-11.362,-11.217,-11.207
vincamine_3643,-12.462,-12.384,-12.178
vincristine_2825,-18.121,-17.305,-17.022
vindesine_2826,-17.067,-17.053,-16.679
vinflunine_3644,-19.053,-18.766,-17.856
vinorelbine_2827,-17.109,-16.827,-16.494
vinpocetine_2828,-12.565,-12.352,-12.144
vintafolide_4831,396.088
vinylbital_2829,-9.331,-8.968,-8.862
vinylether_3645,-3.557,-3.488,-3.458
viomycin_2830,-17.935,-16.434,-16.007
viquidil_3646,-11.505,-11.183,-11.152
vismodegib_4227,-13.260,-13.223,-12.860
visnadine_3649,-13.048,-12.940,-12.768
vitaminApalmitate_4197,-12.790,-12.032,-11.627
voacamine_5100,-15.408,-14.961,-14.866
voclosporin_4366,-18.021
voglibose_2845,-9.167,-8.976,-8.303
vonoprazan_4993,-11.486,-11.129,-11.115
vorapaxar_4870,-16.936,-16.272
voriconazole_2846,-11.753,-11.539,-11.210
vorinostat_4124,-10.591,-10.312,-9.625
vorozole_3651,-10.781,-10.706,-10.687
vortioxetine_4806,-11.938,-10.831,-10.680
vosoritide_5480,350387163.941
voxelotor_5356,-11.340,-11.176,-11.152
voxilaprevir_5242,-16.625,-16.378,-16.043
warfarin_2847,-11.462,-11.448,-11.403
xamoterol_2848,-11.913,-11.602
xanomeline_3652,-9.366,-9.221,-9.205
xantinol_4368,-9.778,-9.334,-9.231
xenbucin_3656,-10.615,-10.453,-9.821
xenysalate_3027,-12.680,-12.330,-11.288
xenytropium_2850,-17.775,-17.118,-16.620
xibenolol_3657,-10.124,-10.113,-9.580
xibornol_2851,-12.473,-12.229,-11.029
ximelagatran_2852,-12.253,-12.067,-11.711
xipamide_2853,-11.897,-10.992,-10.825
xylazine_5644,-9.050,-8.719,-7.885
xylitol_4604,-5.221,-5.180,-4.623
xylometazoline_3658,-10.954,-10.068,-9.846
xylose_2854,-5.451,-5.433,-4.882
xyloylsulfamine_3565,-11.673,-11.597,-10.583
yohimbine_3659,-12.809,-12.304,-12.299
zabofloxacin_5249,-12.447,-12.375,-12.237
zafirlukast_2855,-16.155,-14.694,-13.737
zalcitabine_2856,-8.151,-7.734,-7.114
zaleplon_2857,-10.623,-10.530,-10.489
zaltoprofen_2858,-11.315,-10.994,-10.608
zanamivir_2859,-9.459,-9.275,-9.209
zanubrutinib_5353,-16.427,-15.479,-15.065
zeranol_2860,-11.168,-10.927,-10.620
ziconotide_2878,-14.558
zidovudine_2861,-8.278,-8.271,-8.252
zileuton_2862,-9.062,-8.061,-7.990
zilpaterol_5645,-9.941,-9.082,-9.050
zimeldine_2863,-9.713,-9.409,-9.391
zincoxide_4240,-1.658,-1.628,-1.529
zinostatin_4108,-16.122,-15.084,-14.800
zipeprol_2864,-14.047,-13.798,-13.333
ziprasidone_2865,-14.164,-13.346,-13.229
zofenopril_2866,-12.880,-12.872,-12.743
zolazepam_5647,-11.019,-10.756,-10.095
zoledronicacid_2868,-8.018,-7.773,-7.083
zolimidine_3661,-10.091,-9.842,-9.274
zolmitriptan_2869,-10.265,-9.949,-9.497
zolpidem_2870,-11.335,-11.049,-10.958
zomepirac_2871,-11.319,-10.256,-9.920
zonisamide_2872,-8.181,-8.143,-7.953
zopiclone_2873,-11.330,-11.250,-10.985
zorubicin_2874,-16.647,-14.533,-14.386
zotarolimus_2949,-19.619,-18.540,-18.447
zotepine_2875,-11.938,-11.185,-10.737
zoxazolamine_2876,-6.827,-5.904,-5.692
zucapsaicin_4342,-11.852,-11.640,-10.327
zuclopenthixol_2877,-13.008,-12.056,-11.850
zuclopenthixolacetate_4075,-13.960,-12.970,-11.590
