Drug Name,CAS,smiles,DockingScore
Glecaprevir,1365970-03-1,CC1(CC1)S(=O)(=O)NC(=O)C2(CC2C(F)F)NC(=O)C3CC4CN3C(=O)C(NC(=O)OC5CCCC5OCC=CC(C6=NC7=CC=CC=C7N=C6O4)(F)F)C(C)(C)C,-9.9
Ledipasvir,1256388-51-8,CC(C)C(C(=O)N1CC2(CC2)CC1C3=NC=C(N3)C4=CC5=C(C=C4)C6=C(C5(F)F)C=C(C=C6)C7=CC8=C(C=C7)N=C(N8)C9C1CCC(C1)N9C(=O)C(C(C)C)NC(=O)OC)NC(=O)OC,-9.8
Pibrentasvir,1353900-92-1,CC(C(C(=O)N1CCCC1C2=NC3=C(N2)C=C(C(=C3)F)C4CCC(N4C5=CC(=C(C(=C5)F)N6CCC(CC6)C7=CC=C(C=C7)F)F)C8=CC9=C(C=C8F)N=C(N9)C1CCCN1C(=O)C(C(C)OC)NC(=O)OC)NC(=O)OC)OC,-9.8
Elbasvir,1370468-36-2,CC(C)C(C(=O)N1CCCC1C2=NC=C(N2)C3=CC4=C(C=C3)N5C(OC6=C(C5=C4)C=CC(=C6)C7=CN=C(N7)C8CCCN8C(=O)C(C(C)C)NC(=O)OC)C9=CC=CC=C9)NC(=O)OC,-9.6
"Paritaprevir, (2R,6S,12Z,13aR,14aR,16aS)-",-,CC1=CN=C(C=N1)C(=O)NC2CCCCCC=CC3CC3(NC(=O)C4CC(CN4C2=O)OC5=NC6=CC=CC=C6C7=CC=CC=C75)C(=O)NS(=O)(=O)C8CC8,-9.6
Cialis,171596-29-5,CN1CC(=O)N2[C@H](Cc3c([nH]c4ccccc34)[C@H]2c5ccc6OCOc6c5)C1=O,-9.5
Ergotamine,113-15-5,CN1C[C@@H](C=C2[C@H]1Cc3c[nH]c4cccc2c34)C(=O)N[C@]5(C)O[C@@]6(O)[C@@H]7CCCN7C(=O)[C@H](Cc8ccccc8)N6C5=O,-9.3
Paritaprevir,1216941-48-8,CC1=CN=C(C=N1)C(=O)NC2CCCCCC=CC3CC3(NC(=O)C4CC(CN4C2=O)OC5=NC6=CC=CC=C6C7=CC=CC=C75)C(=O)NS(=O)(=O)C8CC8,-9.3
Dutasteride,164656-23-9,C[C@]12CC[C@H]3[C@@H](CC[C@H]4NC(=O)C=C[C@]34C)[C@@H]1CC[C@@H]2C(=O)Nc5cc(ccc5C(F)(F)F)C(F)(F)F,-9.2
Digoxin,20830-75-5,C[C@H]1O[C@H](C[C@H](O)[C@@H]1O)O[C@H]2[C@@H](O)C[C@@H](O[C@@H]2C)O[C@H]3[C@@H](O)C[C@@H](O[C@@H]3C)O[C@H]4CC[C@@]5(C)[C@H](CC[C@@H]6[C@@H]5C[C@@H](O)[C@]7(C)[C@H](CC[C@]67O)C8=CC(=O)OC8)C4,-9.2
Nilotinib,641571-10-0,CC1=C(C=C(C=C1)C(=O)NC2=CC(=CC(=C2)C(F)(F)F)N3C=C(N=C3)C)NC4=NC=CC(=N4)C5=CN=CC=C5,-9.1
Doxorubicin,23214-92-8,COc1cccc2C(=O)c3c(O)c4C[C@](O)(C[C@H](O[C@H]5C[C@H](N)[C@H](O)[C@H](C)O5)c4c(O)c3C(=O)c12)C(=O)CO,-9.1
Pazopanib hydrochloride,635702-64-6,CC1=C(C=C(C=C1)NC2=NC=CC(=N2)N(C)C3=CC4=NN(C(=C4C=C3)C)C)S(=O)(=O)N.Cl,-9.1
Proscillaridin,466-06-8,CC1OC(O[C@H]2CC[C@]3(C)[C@H]4CC[C@]5(C)[C@H](CC[C@]5(O)[C@@H]4CCC3=C2)C6=COC(=O)C=C6)C(O)C(O)C1O,-9.1
Irinotecan Hydrochloride,100286-90-6,CCC1=C2CN3C(=CC4=C(C3=O)COC(=O)C4(CC)O)C2=NC5=C1C=C(C=C5)OC(=O)N6CCC(CC6)N7CCCCC7.Cl,-9.1
Risperidone,106266-06-2,CC1=C(CCN2CCC(CC2)c3noc4cc(F)ccc34)C(=O)N5CCCCC5=N1,-9
Paliperidone,144598-75-4,CC1=C(CCN2CCC(CC2)c3noc4cc(F)ccc34)C(=O)N5CCCC(O)C5=N1,-9
Velpatasvir,1377049-84-7,CC1CCC(N1C(=O)C(C(C)C)NC(=O)OC)C2=NC3=C(N2)C=CC4=CC5=C(C=C43)OCC6=C5C=CC(=C6)C7=CN=C(N7)C8CC(CN8C(=O)C(C9=CC=CC=C9)NC(=O)OC)COC,-8.9
Irinotecan,97682-44-5,CCc1c2CN3C(=O)C4=C(C=C3c2nc5ccc(OC(=O)N6CCC(CC6)N7CCCCC7)cc15)[C@@](O)(CC)C(=O)OC4,-8.9
"(1R,4R,6R,7Z,15R,17S)-N-Cyclopropylsulfonyl-17-[7-methoxy-8-methyl-2-(4-propan-2-yl-1,3-thiazol-2-yl)quinolin-4-yl]oxy-13-methyl-2,14-dioxo-3,13-diazatricyclo[13.3.0.04,6]octadec-7-ene-4-carboxamide",-,COc1ccc2c(O[C@H]3C[C@@H]4[C@@H](C3)C(=O)N(C)CCCC\C=C/[C@H]5C[C@]5(NC4=O)C(=O)N[S](=O)(=O)C6CC6)cc(nc2c1C)c7scc(n7)C(C)C,-8.9
Telmisartan,144701-48-4,CCCc1nc2c(C)cc(cc2n1Cc3ccc(cc3)c4ccccc4C(O)=O)c5nc6ccccc6n5C,-8.9
Idarubicin,58957-92-9,C[C@@H]1O[C@H](C[C@H](N)[C@@H]1O)O[C@H]2C[C@@](O)(Cc3c(O)c4C(=O)c5ccccc5C(=O)c4c(O)c23)C(C)=O,-8.9
CID 92402804,-,CCCCC(=O)OCC(=O)C1(CC(C2=C(C1)C(=C3C(=C2O)C(=O)C4=C(C3=O)C=CC=C4OC)O)OC5CC(C(C(O5)C)O)NC(=O)C(F)(F)F)O,-8.9
Deslanoside,17598-65-1,C[C@H]1O[C@H](C[C@H](O)[C@@H]1O[C@H]2C[C@H](O)[C@H](O[C@H]3C[C@H](O)[C@H](O[C@@H]4O[C@H](CO)[C@@H](O)[C@H](O)[C@H]4O)[C@@H](C)O3)[C@@H](C)O2)O[C@H]5CC[C@@]6(C)[C@H](CC[C@@H]7[C@@H]6C[C@@H](O)[C@]8(C)[C@H](CC[C@]78O)C9=CC(=O)OC9)C5,-8.9
Glycyrrhizic acid,1405-86-3,CC1(C2CCC3(C(C2(CCC1OC4C(C(C(C(O4)C(=O)O)O)O)OC5C(C(C(C(O5)C(=O)O)O)O)O)C)C(=O)C=C6C3(CCC7(C6CC(CC7)(C)C(=O)O)C)C)C)C,-8.9
Digitoxin,71-63-6,C[C@H]1O[C@H](C[C@H](O)[C@@H]1O)O[C@H]2[C@@H](O)C[C@@H](O[C@@H]2C)O[C@H]3[C@@H](O)C[C@@H](O[C@@H]3C)O[C@H]4CC[C@@]5(C)[C@H](CC[C@@H]6[C@@H]5CC[C@]7(C)[C@@H](CC[C@]67O)C8=CC(=O)OC8)C4,-8.9
Gramicidin,1405-97-6,CC(C)C[C@@H](NC(=O)[C@H](C)NC(=O)CNC(=O)[C@@H](NC=O)C(C)C)C(=O)N[C@@H](C)C(=O)N[C@H](C(C)C)C(=O)N[C@@H](C(C)C)C(=O)N[C@@H](C(C)C)C(=O)N[C@@H](Cc1c[nH]c2ccccc12)C(=O)N[C@H](CC(C)C)C(=O)N[C@@H](Cc3c[nH]c4ccccc34)C(=O)N[C@H](CC(C)C)C(=O)N[C@@H](Cc5c[nH]c6ccccc56)C(=O)N[C@H](CC(C)C)C(=O)N[C@@H](Cc7c[nH]c8ccccc78)C(=O)NCCO,-8.9
Irinotecan,97682-44-5,CCc1c2CN3C(=O)C4=C(C=C3c2nc5ccc(OC(=O)N6CCC(CC6)N7CCCCC7)cc15)[C@@](O)(CC)C(=O)OC4,-8.9
Paritaprevir,1221573-85-8,CC1=CN=C(C=N1)C(=O)NC2CCCCCC=CC3CC3(NC(=O)C4CC(CN4C2=O)OC5=NC6=CC=CC=C6C7=CC=CC=C75)C(=O)NS(=O)(=O)C8CC8,-8.9
Venetoclax,1257044-40-8,CC1(CCC(=C(C1)C2=CC=C(C=C2)Cl)CN3CCN(CC3)C4=CC(=C(C=C4)C(=O)NS(=O)(=O)C5=CC(=C(C=C5)NCC6CCOCC6)[N+](=O)[O-])OC7=CN=C8C(=C7)C=CN8)C,-8.8
Trypan Blue free acid,2538-83-2,CC1=C(C=CC(=C1)C2=CC(=C(C=C2)N=NC3=C(C4=C(C=C(C=C4C=C3S(=O)(=O)O)S(=O)(=O)O)N)O)C)N=NC5=C(C6=C(C=C(C=C6C=C5S(=O)(=O)O)S(=O)(=O)O)N)O,-8.8
"(2S)-N-[(2S,3R)-4-[(3S,4Ar,8aR)-3-(tert-butylcarbamoyl)-3,4,4a,5,6,7,8,8a-octahydro-1H-isoquinolin-2-yl]-3-hydroxy-1-phenylbutan-2-yl]-2-(quinoline-2-carbonylamino)butanediamide",-,CC(C)(C)NC(=O)[C@@H]1C[C@H]2CCCC[C@H]2CN1C[C@@H](O)[C@H](Cc3ccccc3)NC(=O)[C@H](CC(N)=O)NC(=O)c4ccc5ccccc5n4,-8.8
Dihydroergotamine,511-12-6,CN1C[C@@H](C[C@H]2[C@H]1Cc3c[nH]c4cccc2c34)C(=O)N[C@]5(C)O[C@@]6(O)[C@@H]7CCCN7C(=O)[C@H](Cc8ccccc8)N6C5=O,-8.8
Lumacaftor,936727-05-8,CC1=C(N=C(C=C1)NC(=O)C2(CC2)C3=CC4=C(C=C3)OC(O4)(F)F)C5=CC(=CC=C5)C(=O)O,-8.8
Posaconazole,171228-49-2,CC[C@@H]([C@H](C)O)N1N=CN(C1=O)c2ccc(cc2)N3CCN(CC3)c4ccc(OC[C@@H]5CO[C@@](C5)(Cn6cncn6)c7ccc(F)cc7F)cc4,-8.8
"(2S)-N-[(2S,3R)-4-[(3S,4Ar,8aS)-3-(tert-butylcarbamoyl)-3,4,4a,5,6,7,8,8a-octahydro-1H-isoquinolin-2-yl]-3-hydroxy-1-phenylbutan-2-yl]-2-(quinoline-2-carbonylamino)butanediamide",-,CC(C)(C)NC(=O)[C@@H]1C[C@H]2CCCC[C@@H]2CN1C[C@@H](O)[C@H](Cc3ccccc3)NC(=O)[C@H](CC(N)=O)NC(=O)c4ccc5ccccc5n4,-8.8
Midostaurin,120685-11-2,CO[C@@H]1[C@@H](C[C@H]2O[C@]1(C)n3c4ccccc4c5c6CNC(=O)c6c7c8ccccc8n2c7c35)N(C)C(=O)c9ccccc9,-8.8
Dactinomycin,50-76-0,CC(C)C1NC(=O)C(NC(=O)c2ccc(C)c3OC4=C(C)C(=O)C(=C(C(=O)NC5C(C)OC(=O)C(C(C)C)N(C)C(=O)CN(C)C(=O)C6CCCN6C(=O)C(NC5=O)C(C)C)C4=Nc23)N)C(C)OC(=O)C(C(C)C)N(C)C(=O)CN(C)C(=O)C7CCCN7C1=O,-8.8
Sennoside A,81-27-6,C1=CC2=C(C(=C1)OC3C(C(C(C(O3)CO)O)O)O)C(=O)C4=C(C2C5C6=C(C(=CC=C6)OC7C(C(C(C(O7)CO)O)O)O)C(=O)C8=C5C=C(C=C8O)C(=O)O)C=C(C=C4O)C(=O)O,-8.8
Sennoside,66575-30-2,OC[C@H]1O[C@@H](Oc2cccc3C(C4c5cccc(O[C@@H]6O[C@H](CO)[C@@H](O)[C@H](O)[C@H]6O)c5C(=O)c7c(O)cc(cc47)C(O)=O)c8cc(cc(O)c8C(=O)c23)C(O)=O)[C@H](O)[C@@H](O)[C@@H]1O,-8.8
Estradiol-17-phenylpropionate,26443-03-8,C[C@]12CC[C@H]3[C@@H](CCc4cc(O)ccc34)[C@@H]1CC[C@@H]2OC(=O)CCc5ccccc5,-8.8
Conivaptan hydrochloride,168626-94-6,CC1=NC2=C(N1)CCN(C3=CC=CC=C32)C(=O)C4=CC=C(C=C4)NC(=O)C5=CC=CC=C5C6=CC=CC=C6.Cl,-8.8
"(1R,4R,6S,15R,17R)-N-Cyclopropylsulfonyl-17-[7-methoxy-8-methyl-2-(4-propan-2-yl-1,3-thiazol-2-yl)quinolin-4-yl]oxy-13-methyl-2,14-dioxo-3,13-diazatricyclo[13.3.0.04,6]octadec-7-ene-4-carboxamide",-,COc1ccc2c(O[C@@H]3C[C@@H]4[C@@H](C3)C(=O)N(C)CCCCC=C[C@@H]5C[C@]5(NC4=O)C(=O)N[S](=O)(=O)C6CC6)cc(nc2c1C)c7scc(n7)C(C)C,-8.7
Eltrombopag,496775-61-2,CC1=C(N\N=C\2C=CC=C(C2=O)c3cccc(c3)C(O)=O)C(=O)N(N1)c4ccc(C)c(C)c4,-8.7
(S)-Paliperidone,144598-75-4,CC1=C(C(=O)N2CCCC(C2=N1)O)CCN3CCC(CC3)C4=NOC5=C4C=CC(=C5)F,-8.7
Dabrafenib,1195765-45-7,CC(C)(C)C1=NC(=C(S1)C2=NC(=NC=C2)N)C3=C(C(=CC=C3)NS(=O)(=O)C4=C(C=CC=C4F)F)F,-8.7
Valrubicin,56124-62-0,CCCCC(=O)OCC(=O)[C@@]1(O)C[C@H](O[C@H]2C[C@H](NC(=O)C(F)(F)F)[C@H](O)[C@H](C)O2)c3c(O)c4C(=O)c5c(OC)cccc5C(=O)c4c(O)c3C1,-8.7
Fosaprepitant,172673-20-0,CC(C1=CC(=CC(=C1)C(F)(F)F)C(F)(F)F)OC2C(N(CCO2)CC3=NN(C(=O)N3)P(=O)(O)O)C4=CC=C(C=C4)F,-8.7
Candesartan,139481-59-7,CCOc1nc2cccc(C(O)=O)c2n1Cc3ccc(cc3)c4ccccc4c5n[nH]nn5,-8.7
Glyburide,10238-21-8,COc1ccc(Cl)cc1C(=O)NCCc2ccc(cc2)[S](=O)(=O)NC(=O)NC3CCCCC3,-8.7
Trichomycin,1394-02-1,CC1C=CC=CC=CC=CC=CC=CC=CC(CC2C(C(CC(O2)(CC(CC(CC(CC(CCCC(=O)CC(=O)OC1C(C)CCC(CC(=O)C3=CC=C(C=C3)N)O)O)O)O)O)O)O)C(=O)O)OC4C(C(C(C(O4)C)O)N)O.CC1C=CC=CC=CC=CC=CC=CC=CC(CC2C(C(CC(O2)(CC(CC(CCCC(CC(CC(=O)CC(=O)OC1C(C)CCC(CC(=O)C3=CC=C(C=C3)N)O)O)O)O)O)O)O)C(=O)O)OC4C(C(C(C(O4)C)O)N)O,-8.7
Sennoside B,128-57-4,C1=CC2=C(C(=C1)OC3C(C(C(C(O3)CO)O)O)O)C(=O)C4=C(C2C5C6=C(C(=CC=C6)OC7C(C(C(C(O7)CO)O)O)O)C(=O)C8=C5C=C(C=C8O)C(=O)O)C=C(C=C4O)C(=O)O,-8.7
Granisetron hydrochloride,107007-99-8,CN1C2CCCC1CC(C2)NC(=O)C3=NN(C4=CC=CC=C43)C.Cl,-8.7
Canagliflozin,842133-18-0,CC1=C(C=C(C=C1)C2C(C(C(C(O2)CO)O)O)O)CC3=CC=C(S3)C4=CC=C(C=C4)F,-8.7
Lifitegrast,1025967-78-5,CS(=O)(=O)C1=CC=CC(=C1)CC(C(=O)O)NC(=O)C2=C(C=C3CN(CCC3=C2Cl)C(=O)C4=CC5=C(C=C4)C=CO5)Cl,-8.6
Naldemedine,916072-89-4,CC(C)(C1=NC(=NO1)C2=CC=CC=C2)NC(=O)C3=C(C4C56CCN(C(C5(C3)O)CC7=C6C(=C(C=C7)O)O4)CC8CC8)O,-8.6
Nintedanib,656247-17-5,CN1CCN(CC1)CC(=O)N(C)C2=CC=C(C=C2)N=C(C3=CC=CC=C3)C4=C(NC5=C4C=CC(=C5)C(=O)OC)O,-8.6
CID 124604988,-,CC1CC2CCC3C(=C)CC(O3)CCC45CC6C(O4)C7C(O6)C(O5)C8C(O7)CCC(O8)CC(=O)CC9C(CC(C1=C)O2)OC(C9OC)CC(CN)O,-8.6
Chlorhexidine Base,55-56-1,C1=CC(=CC=C1NC(=NC(=NCCCCCCN=C(N)N=C(N)NC2=CC=C(C=C2)Cl)N)N)Cl,-8.6
Vorapaxar,618385-01-6,CCOC(=O)NC1CCC2C(C1)CC3C(C2C=CC4=NC=C(C=C4)C5=CC(=CC=C5)F)C(OC3=O)C,-8.6
Netupitant,290297-26-6,CN1CCN(CC1)c2cc(c(cn2)N(C)C(=O)C(C)(C)c3cc(cc(c3)C(F)(F)F)C(F)(F)F)c4ccccc4C,-8.6
Argipressin,113-79-1,NC1CSSCC(NC(=O)C(CC(N)=O)NC(=O)C(CCC(N)=O)NC(=O)C(Cc2ccccc2)NC(=O)C(Cc3ccc(O)cc3)NC1=O)C(=O)N4CCCC4C(=O)NC(CCCN=C(N)N)C(=O)NCC(N)=O,-8.6
Fenoverine,37561-27-6,O=C(CN1CCN(CC1)Cc2ccc3OCOc3c2)N4c5ccccc5Sc6ccccc46,-8.6
Estradiol benzoate,50-50-0,CC12CCC3C(C1CCC2O)CCC4=C3C=CC(=C4)OC(=O)C5=CC=CC=C5,-8.6
Lanreotide acetate,108736-35-2,CC(C)C1C(=O)NC(CSSCC(C(=O)NC(C(=O)NC(C(=O)NC(C(=O)N1)CCCCN)CC2=CNC3=CC=CC=C32)CC4=CC=C(C=C4)O)NC(=O)C(CC5=CC6=CC=CC=C6C=C5)N)C(=O)NC(C(C)O)C(=O)N,-8.6
Idarubicin hydrochloride,57852-57-0,CC1C(C(CC(O1)OC2CC(CC3=C2C(=C4C(=C3O)C(=O)C5=CC=CC=C5C4=O)O)(C(=O)C)O)N)O.Cl,-8.6
Danazol,17230-88-5,C[C@]12Cc3cnoc3C=C1CC[C@@H]4[C@@H]2CC[C@@]5(C)[C@H]4CC[C@@]5(O)C#C,-8.6
Granisetron hydrochloride,107007-99-8,CN1C2CCCC1CC(C2)NC(=O)C3=NN(C4=CC=CC=C43)C.Cl,-8.6
"(1R,4R,6R,7Z,15R,17R)-N-Cyclopropylsulfonyl-17-[7-methoxy-8-methyl-2-(4-propan-2-yl-1,3-thiazol-2-yl)quinolin-4-yl]oxy-13-methyl-2,14-dioxo-3,13-diazatricyclo[13.3.0.04,6]octadec-7-ene-4-carboxamide",923604-59-5,COc1ccc2c(O[C@@H]3C[C@@H]4[C@@H](C3)C(=O)N(C)CCCC\C=C/[C@H]5C[C@]5(NC4=O)C(=O)N[S](=O)(=O)C6CC6)cc(nc2c1C)c7scc(n7)C(C)C,-8.5
"(2S)-N-[(2S,3R)-4-[(3S,4As,8aR)-3-(tert-butylcarbamoyl)-3,4,4a,5,6,7,8,8a-octahydro-1H-isoquinolin-2-yl]-3-hydroxy-1-phenylbutan-2-yl]-2-(quinoline-2-carbonylamino)butanediamide",-,CC(C)(C)NC(=O)[C@@H]1C[C@@H]2CCCC[C@H]2CN1C[C@@H](O)[C@H](Cc3ccccc3)NC(=O)[C@H](CC(N)=O)NC(=O)c4ccc5ccccc5n4,-8.5
Dutasteride,164656-23-9,C[C@]12CC[C@H]3[C@@H](CC[C@H]4NC(=O)C=C[C@]34C)[C@@H]1CC[C@@H]2C(=O)Nc5cc(ccc5C(F)(F)F)C(F)(F)F,-8.5
"2-[(2R)-Butan-2-yl]-4-[4-[4-[4-[[(2R,4S)-2-(2,4-dichlorophenyl)-2-(1,2,4-triazol-1-ylmethyl)-1,3-dioxolan-4-yl]methoxy]phenyl]piperazin-1-yl]phenyl]-1,2,4-triazol-3-one",84625-61-6,CC[C@@H](C)N1N=CN(C1=O)c2ccc(cc2)N3CCN(CC3)c4ccc(OC[C@H]5CO[C@@](Cn6cncn6)(O5)c7ccc(Cl)cc7Cl)cc4,-8.5
"2-[(2S)-Butan-2-yl]-4-[4-[4-[4-[[(2R,4S)-2-(2,4-dichlorophenyl)-2-(1,2,4-triazol-1-ylmethyl)-1,3-dioxolan-4-yl]methoxy]phenyl]piperazin-1-yl]phenyl]-1,2,4-triazol-3-one",84625-61-6,CC[C@H](C)N1N=CN(C1=O)c2ccc(cc2)N3CCN(CC3)c4ccc(OC[C@H]5CO[C@@](Cn6cncn6)(O5)c7ccc(Cl)cc7Cl)cc4,-8.5
Imatinib,152459-95-5,CN1CCN(CC1)Cc2ccc(cc2)C(=O)Nc3ccc(C)c(Nc4nccc(n4)c5cccnc5)c3,-8.5
Brigatinib,1197953-54-0,CN1CCN(CC1)C2CCN(CC2)C3=CC(=C(C=C3)NC4=NC=C(C(=N4)NC5=CC=CC=C5P(=O)(C)C)Cl)OC,-8.5
(R)-Paliperidone,144598-75-4,CC1=C(C(=O)N2CCCC(C2=N1)O)CCN3CCC(CC3)C4=NOC5=C4C=CC(=C5)F,-8.5
Pazopanib,444731-52-6,CC1=C(C=C(C=C1)NC2=NC=CC(=N2)N(C)C3=CC4=NN(C(=C4C=C3)C)C)S(=O)(=O)N,-8.5
Deferasirox,201530-41-8,OC(=O)c1ccc(cc1)N\2N\C(NC2=C\3C=CC=CC3=O)=C/4C=CC=CC4=O,-8.5
Cabozantinib,849217-68-1,COC1=CC2=C(C=CN=C2C=C1OC)OC3=CC=C(C=C3)NC(=O)C4(CC4)C(=O)NC5=CC=C(C=C5)F,-8.5
Bromocriptine,25614-03-3,CC(C)C[C@@H]1N2C(=O)[C@](NC(=O)[C@H]3CN(C)[C@@H]4Cc5c(Br)[nH]c6cccc(C4=C3)c56)(O[C@@]2(O)[C@@H]7CCCN7C1=O)C(C)C,-8.5
Epirubicin,56420-45-2,COc1cccc2C(=O)c3c(O)c4C[C@](O)(C[C@H](O[C@H]5C[C@H](N)[C@@H](O)[C@H](C)O5)c4c(O)c3C(=O)c12)C(=O)CO,-8.5
Methylprednisolone,83-43-2,C[C@H]1C[C@H]2[C@@H]3CC[C@](O)(C(=O)CO)[C@@]3(C)C[C@H](O)[C@@H]2[C@@]4(C)C=CC(=O)C=C14,-8.5
Penfluridol,26864-56-2,OC1(CCN(CCCC(c2ccc(F)cc2)c3ccc(F)cc3)CC1)c4ccc(Cl)c(c4)C(F)(F)F,-8.5
Domperidone,57808-66-9,Clc1ccc2N(C3CCN(CCCN4C(=O)Nc5ccccc45)CC3)C(=O)Nc2c1,-8.5
Ceftriaxone,73384-59-5,CO/N=C(C(=O)N[C@H]1[C@H]2SCC(=C(N2C1=O)C(O)=O)CSC3=NC(=O)C(=O)NN3C)/c4csc(N)n4,-8.5
Posaconazole,171228-49-2,CC[C@@H]([C@H](C)O)N1N=CN(C1=O)c2ccc(cc2)N3CCN(CC3)c4ccc(OC[C@@H]5CO[C@@](C5)(Cn6cncn6)c7ccc(F)cc7F)cc4,-8.5
Vancomycin hydrochloride,1404-93-9,CC1C(C(CC(O1)OC2C(C(C(OC2OC3=C4C=C5C=C3OC6=C(C=C(C=C6)C(C(C(=O)NC(C(=O)NC5C(=O)NC7C8=CC(=C(C=C8)O)C9=C(C=C(C=C9O)O)C(NC(=O)C(C(C1=CC(=C(O4)C=C1)Cl)O)NC7=O)C(=O)O)CC(=O)N)NC(=O)C(CC(C)C)NC)O)Cl)CO)O)O)(C)N)O.Cl,-8.5
Conivaptan,210101-16-9,Cc1[nH]c2CCN(C(=O)c3ccc(NC(=O)c4ccccc4c5ccccc5)cc3)c6ccccc6c2n1,-8.4
Olaparib,763113-22-0,C1CC1C(=O)N2CCN(CC2)C(=O)C3=C(C=CC(=C3)CC4=NNC(=O)C5=CC=CC=C54)F,-8.4
Abemaciclib,1231929-97-7,CCN1CCN(CC1)CC2=CN=C(C=C2)NC3=NC=C(C(=N3)C4=CC5=C(C(=C4)F)N=C(N5C(C)C)C)F,-8.4
Ponatinib,943319-70-8,CC1=C(C=C(C=C1)C(=O)NC2=CC(=C(C=C2)CN3CCN(CC3)C)C(F)(F)F)C#CC4=CN=C5N4N=CC=C5,-8.4
Alectinib,1256580-46-7,CCC1=CC2=C(C=C1N3CCC(CC3)N4CCOCC4)C(C5=C(C2=O)C6=C(N5)C=C(C=C6)C#N)(C)C,-8.4
CID 98052452,-,CC1(C2CCC1(C(=O)C2=CC3=CC=C(C=C3)C=C4C5CCC(C4=O)(C5(C)C)CS(=O)(=O)O)CS(=O)(=O)O)C,-8.4
Cobimetinib,934660-93-2,C1CCNC(C1)C2(CN(C2)C(=O)C3=C(C(=C(C=C3)F)F)NC4=C(C=C(C=C4)I)F)O,-8.4
Fluorescein,518-45-6,Oc1ccc2c(Oc3cc(O)ccc3C24OC(=O)c5ccccc45)c1,-8.4
Glipizide,29094-61-9,Cc1cnc(cn1)C(=O)NCCc2ccc(cc2)[S](=O)(=O)NC(=O)NC3CCCCC3,-8.4
Sitagliptin,486460-32-6,N[C@@H](CC(=O)N1CCn2c(C1)nnc2C(F)(F)F)Cc3cc(F)c(F)cc3F.O[P](O)(O)=O,-8.4
Fungizone,1397-89-3,CC1C=CC=CC=CC=CC=CC=CC=CC(CC2C(C(CC(O2)(CC(CC(C(CCC(CC(CC(=O)OC(C(C1O)C)C)O)O)O)O)O)O)O)C(=O)O)OC3C(C(C(C(O3)C)O)N)O,-8.4
Doxercalciferol,54573-75-0,CC(C)[C@@H](C)/C=C/[C@@H](C)[C@H]1CC[C@H]2\C(CCC[C@]12C)=C\C=C3\C[C@@H](O)C[C@H](O)C3=C,-8.4
Metergoline,17692-51-2,CN1C[C@H](CNC(=O)OCc2ccccc2)C[C@H]3[C@H]1Cc4cn(C)c5cccc3c45,-8.4
Triptorelin pamoate,124508-66-3,CC(C)CC(C(=O)NC(CCCN=C(N)N)C(=O)N1CCCC1C(=O)NCC(=O)N)NC(=O)C(CC2=CNC3=CC=CC=C32)NC(=O)C(CC4=CC=C(C=C4)O)NC(=O)C(CO)NC(=O)C(CC5=CNC6=CC=CC=C65)NC(=O)C(CC7=CN=CN7)NC(=O)C8CCC(=O)N8.C1=CC=C2C(=C1)C=C(C(=C2CC3=C(C(=CC4=CC=CC=C43)C(=O)O)O)O)C(=O)O,-8.4
Flucloronide,3693-39-8,CC1(C)O[C@@H]2CC3C4C[C@H](F)C5=CC(=O)C=CC5(C)[C@@]4(Cl)C(Cl)CC3(C)[C@@]2(O1)C(=O)CO,-8.4
Daclatasvir dihydrochloride,-,CC(C)C(C(=O)N1CCCC1C2=NC=C(N2)C3=CC=C(C=C3)C4=CC=C(C=C4)C5=CN=C(N5)C6CCCN6C(=O)C(C(C)C)NC(=O)OC)NC(=O)OC.Cl.Cl,-8.4
Epirubicin hydrochloride,56390-09-1,CC1C(C(CC(O1)OC2CC(CC3=C2C(=C4C(=C3O)C(=O)C5=C(C4=O)C(=CC=C5)OC)O)(C(=O)CO)O)N)O.Cl,-8.4
Ibrutinib (PCI-32765),936563-96-1,C=CC(=O)N1CCCC(C1)N2C3=NC=NC(=C3C(=N2)C4=CC=C(C=C4)OC5=CC=CC=C5)N,-8.4
Ezetimibe,163222-33-1,O[C@@H](CC[C@@H]1[C@H](N(C1=O)c2ccc(F)cc2)c3ccc(O)cc3)c4ccc(F)cc4,-8.4
Mifepristone,84371-65-3,CC#C[C@]1(O)CC[C@H]2[C@@H]3CCC4=CC(=O)CCC4=C3[C@H](C[C@]12C)c5ccc(cc5)N(C)C,-8.4
Digoxin,20830-75-5,C[C@H]1O[C@H](C[C@H](O)[C@@H]1O)O[C@H]2[C@@H](O)C[C@@H](O[C@@H]2C)O[C@H]3[C@@H](O)C[C@@H](O[C@@H]3C)O[C@H]4CC[C@@]5(C)[C@H](CC[C@@H]6[C@@H]5C[C@@H](O)[C@]7(C)[C@H](CC[C@]67O)C8=CC(=O)OC8)C4,-8.3
Glimepiride,93479-97-1,CCC1=C(C)CN(C(=O)NCCc2ccc(cc2)[S](=O)(=O)NC(=O)NC3CCC(C)CC3)C1=O,-8.3
Sonidegib,956697-53-3,CC1CN(CC(O1)C)C2=NC=C(C=C2)NC(=O)C3=CC=CC(=C3C)C4=CC=C(C=C4)OC(F)(F)F,-8.3
CID 60150249,-,CC1CCC2CC(C(=CC=CC=CC(CC(C(=O)C(C(C(=CC(C(=O)CC(OC(=O)C3CCCCN3C(=O)C(=O)C1(O2)O)C(C)CC4CCC(C(C4)OC)O)C)C)O)OC)C)C)C)OC,-8.3
Eribulin,253128-41-5,CC1CC2CCC3C(=C)CC(O3)CCC45CC6C(O4)C7C(O6)C(O5)C8C(O7)CCC(O8)CC(=O)CC9C(CC(C1=C)O2)OC(C9OC)CC(CN)O,-8.3
Apixaban,503612-47-3,COc1ccc(cc1)n2nc(C(N)=O)c3CCN(C(=O)c23)c4ccc(cc4)N5CCCCC5=O,-8.3
Enasidenib,1446502-11-9,CC(C)(CNC1=NC(=NC(=N1)C2=NC(=CC=C2)C(F)(F)F)NC3=CC(=NC=C3)C(F)(F)F)O,-8.3
Raltegravir,518048-05-0,CN1C(=O)C(=O)\C(N=C1C(C)(C)NC(=O)c2oc(C)nn2)=C(\O)NCc3ccc(F)cc3,-8.3
(R)-(+)-Tolvaptan,331947-66-1,CC1=CC=CC=C1C(=O)NC2=CC(=C(C=C2)C(=O)N3CCCC(C4=C3C=CC(=C4)Cl)O)C,-8.3
Danazol,17230-88-5,C[C@]12Cc3cnoc3C=C1CC[C@@H]4[C@@H]2CC[C@@]5(C)[C@H]4CC[C@@]5(O)C#C,-8.3
Etravirine,269055-15-4,Cc1cc(cc(C)c1Oc2nc(Nc3ccc(cc3)C#N)nc(N)c2Br)C#N,-8.3
Ezetimibe,163222-33-1,O[C@@H](CC[C@@H]1[C@H](N(C1=O)c2ccc(F)cc2)c3ccc(O)cc3)c4ccc(F)cc4,-8.3
Bexarotene,153559-49-0,Cc1cc2c(cc1C(=C)c3ccc(cc3)C(O)=O)C(C)(C)CCC2(C)C,-8.3
Prazosin,19216-56-9,COC1=C(C=C2C(=C1)C(=NC(=N2)N3CCN(CC3)C(=O)C4=CC=CO4)N)OC,-8.3
Spinosyn D,131929-63-0,CCC1CCCC(C(C(=O)C2=CC3C4CC(CC4C(=CC3C2CC(=O)O1)C)OC5C(C(C(C(O5)C)OC)OC)OC)C)OC6CCC(C(O6)C)N(C)C,-8.3
Abiraterone,154229-19-3,C[C@]12CC[C@H](O)CC1=CC[C@@H]3[C@@H]2CC[C@@]4(C)[C@H]3CC=C4c5cccnc5,-8.3
Sancuso,109889-09-0,[Cl-].CN1[C@@H]2CCC[C@H]1CC(C2)NC(=O)c3nn(C)c4ccccc34.[H+],-8.3
Hesperidin,520-26-3,COc1ccc(cc1O)[C@@H]2CC(=O)c3c(O)cc(O[C@@H]4O[C@H](CO[C@@H]5O[C@@H](C)[C@H](O)[C@@H](O)[C@H]5O)[C@@H](O)[C@H](O)[C@H]4O)cc3O2,-8.3
Talampicillin,47747-56-8,CC1(C)S[C@@H]2[C@H](NC(=O)[C@H](N)c3ccccc3)C(=O)N2[C@H]1C(=O)OC4OC(=O)c5ccccc45,-8.3
Lurasidone hydrochloride,367514-88-3,C1CCC(C(C1)CN2CCN(CC2)C3=NSC4=CC=CC=C43)CN5C(=O)C6C7CCC(C7)C6C5=O.Cl,-8.3
Dexamethasone isonicotinate,2265-64-7,CC1CC2C3CCC4=CC(=O)C=CC4(C3(C(CC2(C1(C(=O)COC(=O)C5=CC=NC=C5)O)C)O)F)C,-8.3
Dihydroergocristine,17479-19-5,CC(C)C1(NC(=O)C2CC3C(Cc4c[nH]c5cccc3c45)N(C)C2)OC6(O)C7CCCN7C(=O)C(Cc8ccccc8)N6C1=O,-8.3
Cefoperazone,62893-19-0,CCN1CCN(C(=O)N[C@@H](C(=O)N[C@H]2[C@H]3SCC(=C(N3C2=O)C(O)=O)CSc4nnnn4C)c5ccc(O)cc5)C(=O)C1=O,-8.3
Daunorubicin hydrochloride,23541-50-6,CC1C(C(CC(O1)OC2CC(CC3=C2C(=C4C(=C3O)C(=O)C5=C(C4=O)C(=CC=C5)OC)O)(C(=O)C)O)N)O.Cl,-8.3
Rifaximin,80621-81-4,CO[C@H]1/C=C/O[C@@]2(C)Oc3c(C)c(O)c4c(O)c(NC(=O)C(=C\C=C\[C@H](C)[C@H](O)[C@@H](C)[C@@H](O)[C@@H](C)[C@H](OC(C)=O)[C@@H]1C)/C)c5n6ccc(C)cc6nc5c4c3C2=O,-8.3
Amphotericin B,1397-89-3,CC1C=CC=CC=CC=CC=CC=CC=CC(CC2C(C(CC(O2)(CC(CC(C(CCC(CC(CC(=O)OC(C(C1O)C)C)O)O)O)O)O)O)O)C(=O)O)OC3C(C(C(C(O3)C)O)N)O,-8.3
Sunitinib,557795-19-4,CCN(CC)CCNC(=O)c1c(C)[nH]c(\C=C2/C(=O)Nc3ccc(F)cc23)c1C,-8.3
"Doxazosin, (R)-",70918-17-1,COC1=C(C=C2C(=C1)C(=NC(=N2)N3CCN(CC3)C(=O)C4COC5=CC=CC=C5O4)N)OC,-8.2
"Doxazosin, (S)-",104874-86-4,COC1=C(C=C2C(=C1)C(=NC(=N2)N3CCN(CC3)C(=O)C4COC5=CC=CC=C5O4)N)OC,-8.2
Ombitasvir,1258226-87-7,CC(C)C(C(=O)N1CCCC1C(=O)NC2=CC=C(C=C2)C3CCC(N3C4=CC=C(C=C4)C(C)(C)C)C5=CC=C(C=C5)NC(=O)C6CCCN6C(=O)C(C(C)C)NC(=O)OC)NC(=O)OC,-8.2
Voxilaprevir,1535212-07-7,CCC1C2CN(C1C(=O)NC3(CC3C(F)F)C(=O)NS(=O)(=O)C4(CC4)C)C(=O)C(NC(=O)OC5CC5CCCCC(C6=NC7=C(C=C(C=C7)OC)N=C6O2)(F)F)C(C)(C)C,-8.2
Daclatasvir,1009119-64-5,CC(C)C(C(=O)N1CCCC1C2=NC=C(N2)C3=CC=C(C=C3)C4=CC=C(C=C4)C5=CN=C(N5)C6CCCN6C(=O)C(C(C)C)NC(=O)OC)NC(=O)OC,-8.2
Zafirlukast,107753-78-6,COc1cc(ccc1Cc2cn(C)c3ccc(NC(=O)OC4CCCC4)cc23)C(=O)N[S](=O)(=O)c5ccccc5C,-8.2
Regorafenib,755037-03-7,CNC(=O)C1=NC=CC(=C1)OC2=CC(=C(C=C2)NC(=O)NC3=CC(=C(C=C3)Cl)C(F)(F)F)F,-8.2
Drospirenone,67392-87-4,C[C@]12CCC(=O)C=C1[C@@H]3C[C@@H]3[C@@H]4[C@@H]2CC[C@@]5(C)[C@H]4[C@@H]6C[C@@H]6[C@@]57CCC(=O)O7,-8.2
Eluxadoline,864821-90-9,CC1=CC(=CC(=C1CC(C(=O)N(CC2=CC(=C(C=C2)OC)C(=O)O)C(C)C3=NC=C(N3)C4=CC=CC=C4)N)C)C(=O)N,-8.2
Dasabuvir,1132935-63-7,CC(C)(C)C1=CC(=CC(=C1OC)C2=CC3=C(C=C2)C=C(C=C3)NS(=O)(=O)C)N4C=CC(=O)NC4=O,-8.2
Natamycin,7681-93-8,CC1CC=CC=CC=CC=CC(CC2C(C(CC(O2)(CC(CC3C(O3)C=CC(=O)O1)O)O)O)C(=O)O)OC4C(C(C(C(O4)C)O)N)O,-8.2
"(1R,3S,5R,7R,8E,12R,14E,16E,18E,20E,22R,24S,25R,26S)-22-[(2S,3S,4S,5S,6R)-4-Amino-3,5-dihydroxy-6-methyloxan-2-yl]oxy-1,3,26-trihydroxy-12-methyl-10-oxo-6,11,28-trioxatricyclo[22.3.1.05,7]octacosa-8,14,16,18,20-pentaene-25-carboxylic acid",7681-93-8,CC1CC=CC=CC=CC=CC(CC2C(C(CC(O2)(CC(CC3C(O3)C=CC(=O)O1)O)O)O)C(=O)O)OC4C(C(C(C(O4)C)O)N)O,-8.2
Daunorubicin,20830-81-3,COc1cccc2C(=O)c3c(O)c4C[C@](O)(C[C@H](O[C@H]5C[C@H](N)[C@H](O)[C@H](C)O5)c4c(O)c3C(=O)c12)C(C)=O,-8.2
"(S,R,R,S)-Nebivolol",-,C1CC2=C(C=CC(=C2)F)OC1C(CNCC(C3CCC4=C(O3)C=CC(=C4)F)O)O,-8.2
"(1R)-1-[(2S)-6-Fluoro-3,4-dihydro-2H-chromen-2-yl]-2-[[(2S)-2-[(2R)-6-fluoro-3,4-dihydro-2H-chromen-2-yl]-2-hydroxyethyl]amino]ethanol",-,O[C@@H](CNC[C@@H](O)[C@@H]1CCc2cc(F)ccc2O1)[C@H]3CCc4cc(F)ccc4O3,-8.2
(-)-Nebivolol,118457-14-0,C1CC2=C(C=CC(=C2)F)OC1C(CNCC(C3CCC4=C(O3)C=CC(=C4)F)O)O,-8.2
Indacaterol,312753-06-3,CCc1cc2CC(Cc2cc1CC)NCC(O)c3ccc(O)c4NC(=O)C=Cc34,-8.2
Gentian violet cation,7438-46-2,CN(C)C1=CC=C(C=C1)C(=C2C=CC(=[N+](C)C)C=C2)C3=CC=C(C=C3)N(C)C,-8.2
Bifonazole,60628-96-8,c1ccc(cc1)C(n2ccnc2)c3ccc(cc3)c4ccccc4,-8.2
Daunorubicin hydrochloride,23541-50-6,CC1C(C(CC(O1)OC2CC(CC3=C2C(=C4C(=C3O)C(=O)C5=C(C4=O)C(=CC=C5)OC)O)(C(=O)C)O)N)O.Cl,-8.2
Ddavp,16679-58-6,O.O.O.CC(O)=O.NC(=O)CCC1NC(=O)C(Cc2ccccc2)NC(=O)C(Cc3ccc(O)cc3)NC(=O)CCSSCC(NC(=O)C(CC(N)=O)NC1=O)C(=O)N4CCCC4C(=O)NC(CCCN=C(N)N)C(=O)NCC(N)=O,-8.2
Trioxsalen,3902-71-4,Cc1oc2c(C)c3OC(=O)C=C(C)c3cc2c1,-8.2
Nadide,53-84-9,O.NC(=O)c1ccc[n+](c1)[C@H]2O[C@@H](CO[P]([O-])(=O)O[P](O)(=O)OC[C@H]3O[C@H]([C@H](O)[C@@H]3O)n4cnc5c(N)ncnc45)[C@H](O)[C@@H]2O,-8.2
Cobimetinib,934660-93-2,C1CCNC(C1)C2(CN(C2)C(=O)C3=C(C(=C(C=C3)F)F)NC4=C(C=C(C=C4)I)F)O,-8.2
Drospirenone,67392-87-4,C[C@]12CCC(=O)C=C1[C@@H]3C[C@@H]3[C@@H]4[C@@H]2CC[C@@]5(C)[C@H]4[C@@H]6C[C@@H]6[C@@]57CCC(=O)O7,-8.2
Ivermectin,70288-86-7,CCC(C)[C@H]1O[C@]2(CC[C@@H]1C)C[C@@H]3C[C@@H](C/C=C(C)/[C@@H](O[C@H]4C[C@H](OC)[C@@H](O[C@H]5C[C@H](OC)[C@@H](O)[C@H](C)O5)[C@H](C)O4)[C@@H](C)/C=C/C=C/6CO[C@@H]7[C@H](O)C(=C[C@@H](C(=O)O3)[C@]67O)C)O2.CO[C@H]8C[C@@H](O[C@@H](C)[C@@H]8O)O[C@H]9[C@H](C)O[C@H](C[C@@H]9OC)O[C@H]\%10[C@@H](C)/C=C/C=C/%11CO[C@@H]%12[C@H](O)C(=C[C@@H](C(=O)O[C@H]%13C[C@@H](C/C=C%10C)O[C@@]%14(CC[C@H](C)[C@H](O%14)C(C)C)C%13)[C@]%11%12O)C,-8.2
Sitagliptin,486460-32-6,N[C@@H](CC(=O)N1CCn2c(C1)nnc2C(F)(F)F)Cc3cc(F)c(F)cc3F.O[P](O)(O)=O,-8.2
Eplerenone,107724-20-9,COC(=O)[C@@H]1CC2=CC(=O)CC[C@]2(C)[C@@]34O[C@@H]3C[C@@]5(C)[C@@H](CC[C@@]56CCC(=O)O6)[C@H]14,-8.2
Ibrutinib,936563-96-1,C=CC(=O)N1CCCC(C1)N2C3=NC=NC(=C3C(=N2)C4=CC=C(C=C4)OC5=CC=CC=C5)N,-8.1
CID 99117258,-,CC1(C2CCC1(C(=O)C2=CC3=CC=C(C=C3)C=C4C5CCC(C4=O)(C5(C)C)CS(=O)(=O)O)CS(=O)(=O)O)C,-8.1
Edoxaban,480449-70-5,CN1CCC2=C(C1)SC(=N2)C(=O)NC3CC(CCC3NC(=O)C(=O)NC4=NC=C(C=C4)Cl)C(=O)N(C)C,-8.1
(R)-Indapamide,77083-52-4,CC1CC2=CC=CC=C2N1NC(=O)C3=CC(=C(C=C3)Cl)S(=O)(=O)N,-8.1
Axitinib,319460-85-0,CNC(=O)c1ccccc1Sc2ccc3c([nH]nc3\C=C\c4ccccn4)c2,-8.1
Celecoxib,169590-42-5,Cc1ccc(cc1)c2cc(nn2c3ccc(cc3)[S](N)(=O)=O)C(F)(F)F,-8.1
"(1R)-1-[(2S)-6-Fluoro-3,4-dihydro-2H-chromen-2-yl]-2-[[(2S)-2-[(2S)-6-fluoro-3,4-dihydro-2H-chromen-2-yl]-2-hydroxyethyl]amino]ethanol",-,O[C@@H](CNC[C@@H](O)[C@@H]1CCc2cc(F)ccc2O1)[C@@H]3CCc4cc(F)ccc4O3,-8.1
"(1R,3S,5Z)-5-[(2E)-2-[(1R,3As,7aR)-1-[(Z,2R,5R)-5,6-dimethylhept-3-en-2-yl]-7a-methyl-2,3,3a,5,6,7-hexahydro-1H-inden-4-ylidene]ethylidene]-4-methylidenecyclohexane-1,3-diol",-,CC(C)C(C)C=CC(C)C1CCC2C1(CCCC2=CC=C3CC(CC(C3=C)O)O)C,-8.1
Fluocinolone acetonide,67-73-2,CC1(OC2CC3C4CC(C5=CC(=O)C=CC5(C4(C(CC3(C2(O1)C(=O)CO)C)O)F)C)F)C,-8.1
"(1R)-1-[(2R)-6-Fluoro-3,4-dihydro-2H-chromen-2-yl]-2-[[(2S)-2-[(2S)-6-fluoro-3,4-dihydro-2H-chromen-2-yl]-2-hydroxyethyl]amino]ethanol",-,O[C@@H](CNC[C@@H](O)[C@H]1CCc2cc(F)ccc2O1)[C@@H]3CCc4cc(F)ccc4O3,-8.1
"1-[[5-(4-Nitrophenyl)furan-2-yl]methylideneamino]imidazolidine-2,4-dione",-,[O-][N+](=O)c1ccc(cc1)c2oc(cc2)C=NN3CC(=O)NC3=O,-8.1
Nitisinone,104206-65-7,[O-][N+](=O)c1cc(ccc1C(=O)C2C(=O)CCCC2=O)C(F)(F)F,-8.1
Mifepristone,84371-65-3,CC#C[C@]1(O)CC[C@H]2[C@@H]3CCC4=CC(=O)CCC4=C3[C@H](C[C@]12C)c5ccc(cc5)N(C)C,-8.1
"1-Benzyl-4-[(5,6-dimethoxy-1-indanon-2-YL)methyl]piperidine",-,COc1cc2CC(CC3CCN(CC3)Cc4ccccc4)C(=O)c2cc1OC,-8.1
Rocuronium,143558-00-3,CC(=O)O[C@H]1[C@H](C[C@H]2[C@@H]3CC[C@H]4C[C@H](O)[C@H](C[C@]4(C)[C@H]3CC[C@]12C)N5CCOCC5)[N+]6(CCCC6)CC=C,-8.1
Ivermectin,71827-03-7,CCC(C)[C@H]1O[C@]2(CC[C@@H]1C)C[C@@H]3C[C@@H](C/C=C(C)/[C@@H](O[C@H]4C[C@H](OC)[C@@H](O[C@H]5C[C@H](OC)[C@@H](O)[C@H](C)O5)[C@H](C)O4)[C@@H](C)/C=C/C=C/6CO[C@@H]7[C@H](O)C(=C[C@@H](C(=O)O3)[C@]67O)C)O2.CO[C@H]8C[C@@H](O[C@@H](C)[C@@H]8O)O[C@H]9[C@H](C)O[C@H](C[C@@H]9OC)O[C@H]\%10[C@@H](C)/C=C/C=C/%11CO[C@@H]%12[C@H](O)C(=C[C@@H](C(=O)O[C@H]%13C[C@@H](C/C=C%10C)O[C@@]%14(CC[C@H](C)[C@H](O%14)C(C)C)C%13)[C@]%11%12O)C,-8.1
Mizolastine,108612-45-9,CN(C1CCN(CC1)c2nc3ccccc3n2Cc4ccc(F)cc4)C5=NC=CC(=O)N5,-8.1
Bisbentiamine,2667-89-2,Cc1ncc(CN(C=O)C(\C)=C(/CCOC(=O)c2ccccc2)SSC(/CCOC(=O)c3ccccc3)=C(\C)N(Cc4cnc(C)nc4N)C=O)c(N)n1,-8.1
Pirenoxine,1043-21-6,OC(=O)C1=CC(=O)C2=C(N1)C(=O)C=C3Oc4ccccc4N=C23,-8.1
Oxytetracycline hydrochloride,2058-46-0,CC1(C2C(C3C(C(=O)C(=C(C3(C(=O)C2=C(C4=C1C=CC=C4O)O)O)O)C(=O)N)N(C)C)O)O.Cl,-8.1
Rolitetracycline,751-97-3,CN(C)[C@H]1[C@@H]2C[C@H]3C(=C(O)c4c(O)cccc4[C@@]3(C)O)C(=O)[C@]2(O)C(=O)\C(=C(/O)NCN5CCCC5)C1=O,-8.1
Everolimus,159351-69-6,CO[C@@H]1C[C@@H](CC[C@H]1OCCO)C[C@@H](C)[C@@H]2CC(=O)[C@H](C)\C=C(C)/[C@@H](O)[C@@H](OC)C(=O)[C@H](C)C[C@H](C)\C=C\C=C/C=C(C)/[C@H](C[C@@H]3CC[C@@H](C)[C@@](O)(O3)C(=O)C(=O)N4CCCC[C@H]4C(=O)O2)OC,-8.1
Chlorhexidine dihydrochloride,3697-42-5,C1=CC(=CC=C1NC(=NC(=NCCCCCCN=C(N)N=C(N)NC2=CC=C(C=C2)Cl)N)N)Cl.Cl.Cl,-8.1
Doxorubicin Hydrochloride,25316-40-9,CC1C(C(CC(O1)OC2CC(CC3=C2C(=C4C(=C3O)C(=O)C5=C(C4=O)C(=CC=C5)OC)O)(C(=O)CO)O)N)O.Cl,-8.1
Azelastine hydrochloride,37932-96-0,CN1CCCC(CC1)N2C(=O)C3=CC=CC=C3C(=N2)CC4=CC=C(C=C4)Cl.Cl,-8.1
Maraviroc,376348-65-1,CC(C)c1nnc(C)n1C2C[C@H]3CC[C@@H](C2)N3CC[C@H](NC(=O)C4CCC(F)(F)CC4)c5ccccc5,-8.1
Darifenacin HBr,133099-07-7,C1CN(CC1C(C2=CC=CC=C2)(C3=CC=CC=C3)C(=O)N)CCC4=CC5=C(C=C4)OCC5.Br,-8.1
Axitinib,319460-85-0,CNC(=O)c1ccccc1Sc2ccc3c([nH]nc3\C=C\c4ccccn4)c2,-8.1
Doxorubicin hydrochloride,25316-40-9,CC1C(C(CC(O1)OC2CC(CC3=C2C(=C4C(=C3O)C(=O)C5=C(C4=O)C(=CC=C5)OC)O)(C(=O)CO)O)N)O.Cl,-8.1
Dicumarol,66-76-2,C1=CC=C2C(=C1)C(=C(C(=O)O2)CC3=C(C4=CC=CC=C4OC3=O)O)O,-8.1
Fluocinolone acetonide,67-73-2,CC1(OC2CC3C4CC(C5=CC(=O)C=CC5(C4(C(CC3(C2(O1)C(=O)CO)C)O)F)C)F)C,-8.1
Azelastine,58581-89-8,CN1CCCC(CC1)N2N=C(Cc3ccc(Cl)cc3)c4ccccc4C2=O,-8.1
Saquinavir,127779-20-8,CC(C)(C)NC(=O)[C@@H]1C[C@@H]2CCCC[C@@H]2CN1C[C@@H](O)[C@H](Cc3ccccc3)NC(=O)[C@H](CC(N)=O)NC(=O)c4ccc5ccccc5n4,-8
Terconazole,67915-31-5,CC(C)N1CCN(CC1)c2ccc(OC[C@H]3CO[C@@](Cn4cncn4)(O3)c5ccc(Cl)cc5Cl)cc2,-8
Dolutegravir,1051375-16-6,CC1CCOC2N1C(=O)C3=C(C(=O)C(=CN3C2)C(=O)NCC4=C(C=C(C=C4)F)F)O,-8
CID 92328104,-,CC1(C(=[N+](C2=C1C3=CC=CC=C3C=C2)CCCCS(=O)(=O)O)C=CC=CC=CC=C4C(C5=C(N4CCCCS(=O)(=O)O)C=CC6=CC=CC=C65)(C)C)C,-8
Rifapentina,61379-65-5,CC1C=CC=C(C(=O)NC2=C(C(=C3C(=C2O)C(=C(C4=C3C(=O)C(O4)(OC=CC(C(C(C(C(C(C1O)C)O)C)OC(=O)C)C)OC)C)C)O)O)C=NN5CCN(CC5)C6CCCC6)C,-8
Trabectedin,114899-77-3,COc1cc2c(CCN[C@]23CS[C@H]4[C@H]5[C@@H]6N(C)[C@@H](Cc7cc(C)c(OC)c(O)c67)[C@H](O)N5[C@@H](COC3=O)c8c9OCOc9c(C)c(OC(C)=O)c48)cc1O,-8
Aprepitant,170729-80-3,C[C@@H](O[C@@H]1OCCN(CC2=NC(=O)NN2)[C@@H]1c3ccc(F)cc3)c4cc(cc(c4)C(F)(F)F)C(F)(F)F,-8
Flibanserin,167933-07-5,FC(F)(F)c1cccc(c1)N2CCN(CC2)CCN3C(=O)Nc4ccccc34,-8
(S)-Azelastine,143228-85-7,CN1CCCC(CC1)N2C(=O)C3=CC=CC=C3C(=N2)CC4=CC=C(C=C4)Cl,-8
Olmesartan,144689-24-7,CCCc1nc(c(n1Cc2ccc(cc2)c3ccccc3c4n[nH]nn4)C(O)=O)C(C)(C)O,-8
Atovaquone,94015-53-9,OC1=C(C2CCC(CC2)c3ccc(Cl)cc3)C(=O)C(=O)c4ccccc14,-8
(R)-Meclizine,189298-48-4,CC1=CC(=CC=C1)CN2CCN(CC2)C(C3=CC=CC=C3)C4=CC=C(C=C4)Cl,-8
Ziprasidone,146939-27-7,Clc1cc2NC(=O)Cc2cc1CCN3CCN(CC3)c4nsc5ccccc45,-8
Isavuconazole,241479-67-4,C[C@@H](c1scc(n1)c2ccc(cc2)C#N)[C@](O)(Cn3cncn3)c4cc(F)ccc4F,-8
Pemetrexed,137281-23-3,NC1=NC(=O)c2c(CCc3ccc(cc3)C(=O)N[C@H](CCC(O)=O)C(O)=O)c[nH]c2N1,-8
Ulipristal,159811-51-5,CC(=O)C1(CCC2C1(CC(C3=C4CCC(=O)C=C4CCC23)C5=CC=C(C=C5)N(C)C)C)O,-8
(-)-Mefloquine,51742-87-1,O[C@H]([C@H]1CCCCN1)c2cc(nc3c2cccc3C(F)(F)F)C(F)(F)F,-8
Mestranol,72-33-3,COc1ccc2[C@H]3CC[C@@]4(C)[C@@H](CC[C@@]4(O)C#C)[C@@H]3CCc2c1,-8
Nabilone,51022-71-0,CCCCCCC(C)(C)c1cc(O)c2[C@@H]3CC(=O)CC[C@H]3C(C)(C)Oc2c1,-8
Iloperidone,133454-47-4,COc1cc(ccc1OCCCN2CCC(CC2)c3noc4cc(F)ccc34)C(C)=O,-8
CID 124935779,-,CCC12CCC3C(C1CCC2(C#C)O)CCC4=CC(=NO)CCC34,-8
Silibinin,22888-70-6,COc1cc(ccc1O)C2Oc3cc(ccc3OC2CO)C4Oc5cc(O)cc(O)c5C(=O)C4O,-8
Tolvaptan,150683-30-0,Cc1ccccc1C(=O)Nc2ccc(c(C)c2)C(=O)N3CCC[C@@H](O)c4cc(Cl)ccc34,-8
Flavoxate hydrochloride,3717-88-2,CC1=C(OC2=C(C1=O)C=CC=C2C(=O)OCCN3CCCCC3)C4=CC=CC=C4.Cl,-8
Rifamycin,6998-60-3,CO[C@H]1/C=C/O[C@@]2(C)Oc3c(C)c(O)c4c(O)c(NC(=O)C(=C\C=C\[C@H](C)[C@H](O)[C@@H](C)[C@@H](O)[C@@H](C)[C@H](OC(C)=O)[C@@H]1C)/C)cc(O)c4c3C2=O,-8
Candesartan cilexetil,145040-37-5,CCOC1=NC2=CC=CC(=C2N1CC3=CC=C(C=C3)C4=CC=CC=C4C5=NNN=N5)C(=O)OC(C)OC(=O)OC6CCCCC6,-8
Lynestrenol,52-76-6,C[C@]12CC[C@H]3[C@@H](CCC4=CCCC[C@H]34)[C@@H]1CC[C@@]2(O)C#C,-8
Nicergoline,27848-84-6,CO[C@]12C[C@@H](COC(=O)c3cncc(Br)c3)CN(C)[C@@H]1Cc4cn(C)c5cccc2c45,-8
Glibornuride,26944-48-9,Cc1ccc(cc1)[S](=O)(=O)NC(=O)NC2C(O)C3(C)CCC2C3(C)C,-8
Terfenadine,50679-08-8,CC(C)(C)c1ccc(cc1)C(O)CCCN2CCC(CC2)C(O)(c3ccccc3)c4ccccc4,-8
Triamcinolone acetonide,76-25-5,CC1(OC2CC3C4CCC5=CC(=O)C=CC5(C4(C(CC3(C2(O1)C(=O)CO)C)O)F)C)C,-8
Temsirolimus,162635-04-3,CC1CCC2CC(C(=CC=CC=CC(CC(C(=O)C(C(C(=CC(C(=O)CC(OC(=O)C3CCCCN3C(=O)C(=O)C1(O2)O)C(C)CC4CCC(C(C4)OC)OC(=O)C(C)(CO)CO)C)C)O)OC)C)C)C)OC,-8
Lansoprazole,103577-45-3,Cc1c(C[S](=O)c2[nH]c3ccccc3n2)nccc1OCC(F)(F)F,-8
Avanafil,330784-47-9,COc1ccc(CNc2nc(ncc2C(=O)NCc3ncccn3)N4CCC[C@H]4CO)cc1Cl,-8
Daclatasvir dihydrochloride,1009119-65-6,CC(C)C(C(=O)N1CCCC1C2=NC=C(N2)C3=CC=C(C=C3)C4=CC=C(C=C4)C5=CN=C(N5)C6CCCN6C(=O)C(C(C)C)NC(=O)OC)NC(=O)OC.Cl.Cl,-8
Rifapentine,61379-65-5,CO[C@H]1\C=C\O[C@@]2(C)Oc3c(C)c(O)c4C(=C(NC(=O)C(=C/C=C/[C@H](C)[C@H](O)[C@@H](C)[C@@H](O)[C@@H](C)[C@H](OC(C)=O)[C@@H]1C)\C)C(=C/NN5CCN(CC5)C6CCCC6)\C(=O)c4c3C2=O)O,-8
Triamcinolone acetonide,76-25-5,CC1(OC2CC3C4CCC5=CC(=O)C=CC5(C4(C(CC3(C2(O1)C(=O)CO)C)O)F)C)C,-8
Pimaricin,7681-93-8,CC1CC=CC=CC=CC=CC(CC2C(C(CC(O2)(CC(CC3C(O3)C=CC(=O)O1)O)O)O)C(=O)O)OC4C(C(C(C(O4)C)O)N)O,-8
"4-[4-[4-[4-[[(3S,5R)-5-(2,4-Difluorophenyl)-5-(1,2,4-triazol-1-ylmethyl)oxolan-3-yl]methoxy]phenyl]piperazin-1-yl]phenyl]-2-[(2S,3S)-2-hydroxypentan-3-yl]-1,2,4-triazol-3-one",-,CC[C@@H]([C@H](C)O)N1N=CN(C1=O)c2ccc(cc2)N3CCN(CC3)c4ccc(OC[C@H]5CO[C@@](C5)(Cn6cncn6)c7ccc(F)cc7F)cc4,-7.9
Adapalene,106685-40-9,COc1ccc(cc1C23CC4CC(CC(C4)C2)C3)c5ccc6cc(ccc6c5)C(O)=O,-7.9
"(2S,4S)-Ketoconazole",-,CC(=O)N1CCN(CC1)C2=CC=C(C=C2)OCC3COC(O3)(CN4C=CN=C4)C5=C(C=C(C=C5)Cl)Cl,-7.9
Ketoconazole,65277-42-1,CC(=O)N1CCN(CC1)c2ccc(OC[C@H]3CO[C@@](Cn4ccnc4)(O3)c5ccc(Cl)cc5Cl)cc2,-7.9
trans-Ketoconazole,83374-59-8,CC(=O)N1CCN(CC1)C2=CC=C(C=C2)OCC3COC(O3)(CN4C=CN=C4)C5=C(C=C(C=C5)Cl)Cl,-7.9
Indinavir,150378-17-9,CC(C)(C)NC(=O)[C@@H]1CN(CCN1C[C@@H](O)C[C@@H](Cc2ccccc2)C(=O)N[C@@H]3[C@H](O)Cc4ccccc34)Cc5cccnc5,-7.9
Lurasidone,367514-87-2,O=C1[C@H]2[C@@H]3CC[C@@H](C3)[C@H]2C(=O)N1C[C@@H]4CCCC[C@H]4CN5CCN(CC5)c6nsc7ccccc67,-7.9
Azilsartan medoxomil,863031-21-4,CCOC1=NC2=CC=CC(=C2N1CC3=CC=C(C=C3)C4=CC=CC=C4C5=NOC(=O)N5)C(=O)OCC6=C(OC(=O)O6)C,-7.9
Grazoprevir,1350514-68-9,CC(C)(C)C1C(=O)N2CC(CC2C(=O)NC3(CC3C=C)C(=O)NS(=O)(=O)C4CC4)OC5=NC6=C(C=CC(=C6)OC)N=C5CCCCCC7CC7OC(=O)N1,-7.9
Vemurafenib,918504-65-1,CCCS(=O)(=O)NC1=C(C(=C(C=C1)F)C(=O)C2=CNC3=C2C=C(C=N3)C4=CC=C(C=C4)Cl)F,-7.9
Fluocinonide,356-12-7,CC(=O)OCC(=O)[C@@]12OC(C)(C)O[C@@H]1C[C@H]3[C@@H]4C[C@H](F)C5=CC(=O)C=C[C@]5(C)[C@@]4(F)[C@@H](O)C[C@]23C,-7.9
Neratinib,698387-09-6,CCOC1=C(C=C2C(=C1)N=CC(=C2NC3=CC(=C(C=C3)OCC4=CC=CC=N4)Cl)C#N)NC(=O)C=CCN(C)C,-7.9
Deflazacort,14484-47-0,CC(=O)OCC(=O)[C@@]12N=C(C)O[C@@H]1C[C@H]3[C@@H]4CCC5=CC(=O)C=C[C@]5(C)[C@H]4[C@@H](O)C[C@]23C,-7.9
(S)-Meclizine,189298-47-3,CC1=CC(=CC=C1)CN2CCN(CC2)C(C3=CC=CC=C3)C4=CC=C(C=C4)Cl,-7.9
N-Methyl-2-[[3-[(Z)-2-(2-pyridinyl)ethenyl]-1H-indazol-6-yl]thio]benzamide,-,CNC(=O)c1ccccc1Sc2ccc3c([nH]nc3\C=C/c4ccccn4)c2,-7.9
Rilpivirine,500287-72-9,Cc1cc(\C=C\C#N)cc(C)c1Nc2ccnc(Nc3ccc(cc3)C#N)n2,-7.9
CID 92851325,-,CCCCC(=O)OCC(=O)C1(CC(C2=C(C1)C(=C3C(=C2O)C(=O)C4=C(C3=O)C=CC=C4OC)O)OC5CC(C(C(O5)C)O)NC(=O)C(F)(F)F)O,-7.9
"(1S)-1-[(2R)-6-Fluoro-3,4-dihydro-2H-chromen-2-yl]-2-[[(2R)-2-[(2R)-6-fluoro-3,4-dihydro-2H-chromen-2-yl]-2-hydroxyethyl]amino]ethanol",-,O[C@H](CNC[C@H](O)[C@H]1CCc2cc(F)ccc2O1)[C@H]3CCc4cc(F)ccc4O3,-7.9
Niraparib,1038915-60-4,C1CC(CNC1)C2=CC=C(C=C2)N3C=C4C=CC=C(C4=N3)C(=O)N,-7.9
Pimavanserin,706779-91-1,CC(C)COC1=CC=C(C=C1)CNC(=O)N(CC2=CC=C(C=C2)F)C3CCN(CC3)C,-7.9
Flavoxate,15301-69-6,CC1=C(Oc2c(cccc2C1=O)C(=O)OCCN3CCCCC3)c4ccccc4,-7.9
Diphenoxylate,915-30-0,[H+].[Cl-].CCOC(=O)C1(CCN(CC1)CCC(C#N)(c2ccccc2)c3ccccc3)c4ccccc4,-7.9
p-Methylbenzylidenecamphor,36861-47-9,Cc1ccc(cc1)C=C2C3CCC(C)(C2=O)C3(C)C,-7.9
4-Methylbenzylidene-camphor,36861-47-9,Cc1ccc(cc1)C=C2C3CCC(C)(C2=O)C3(C)C,-7.9
Dexbudesonide,51372-29-3,CCCC1OC2CC3C4CCC5=CC(=O)C=CC5(C4C(CC3(C2(O1)C(=O)CO)C)O)C,-7.9
Tolnaftate,2398-96-1,CN(C(=S)Oc1ccc2ccccc2c1)c3cccc(C)c3,-7.9
Bromfenac,91714-94-2,[Na+].Nc1c(CC([O-])=O)cccc1C(=O)c2ccc(Br)cc2,-7.9
Tetracycline hydrochloride,64-75-5,CC1(C2CC3C(C(=O)C(=C(C3(C(=O)C2=C(C4=C1C=CC=C4O)O)O)O)C(=O)N)N(C)C)O.Cl,-7.9
Anthralin,1143-38-0,Oc1cccc2cc3cccc(O)c3c(O)c12,-7.9
Clofazimine,2030-63-9,CC(C)N=C1C=C2N(c3ccc(Cl)cc3)c4ccccc4N=C2C=C1Nc5ccc(Cl)cc5,-7.9
Rifampicin,13292-46-1,CC1C=CC=C(C(=O)NC2=C(C(=C3C(=C2O)C(=C(C4=C3C(=O)C(O4)(OC=CC(C(C(C(C(C(C1O)C)O)C)OC(=O)C)C)OC)C)C)O)O)C=NN5CCN(CC5)C)C,-7.9
Topotecan hydrochloride,119413-54-6,CCC1(C2=C(COC1=O)C(=O)N3CC4=CC5=C(C=CC(=C5CN(C)C)O)N=C4C3=C2)O.Cl,-7.9
Degarelix,214766-78-6,CC(C)CC(C(=O)NC(CCCCNC(C)C)C(=O)N1CCCC1C(=O)NC(C)C(=O)N)NC(=O)C(CC2=CC=C(C=C2)NC(=O)N)NC(=O)C(CC3=CC=C(C=C3)NC(=O)C4CC(=O)NC(=O)N4)NC(=O)C(CO)NC(=O)C(CC5=CN=CC=C5)NC(=O)C(CC6=CC=C(C=C6)Cl)NC(=O)C(CC7=CC8=CC=CC=C8C=C7)NC(=O)C,-7.9
Doxazosin,74191-85-8,COc1cc2nc(nc(N)c2cc1OC)N3CCN(CC3)C(=O)C4COc5ccccc5O4,-7.9
Pralatrexate,146464-95-1,Nc1nc(N)c2nc(CC(CC#C)c3ccc(cc3)C(=O)N[C@@H](CCC(O)=O)C(O)=O)cnc2n1,-7.9
Chlortetracycline,57-62-5,CN(C)[C@H]1[C@@H]2C[C@H]3C(=C(O)c4c(O)ccc(Cl)c4[C@@]3(C)O)C(=O)[C@]2(O)C(=O)\C(=C(N)/O)C1=O,-7.9
Ebastine,90729-43-4,CC(C)(C)c1ccc(cc1)C(=O)CCCN2CCC(CC2)OC(c3ccccc3)c4ccccc4,-7.9
Fluocinonide,356-12-7,CC(=O)OCC(=O)[C@@]12OC(C)(C)O[C@@H]1C[C@H]3[C@@H]4C[C@H](F)C5=CC(=O)C=C[C@]5(C)[C@@]4(F)[C@@H](O)C[C@]23C,-7.9
Indacaterol,312753-06-3,CCc1cc2CC(Cc2cc1CC)NCC(O)c3ccc(O)c4NC(=O)C=Cc34,-7.9
Empagliflozin (BI 10773),864070-44-0,C1COCC1OC2=CC=C(C=C2)CC3=C(C=CC(=C3)C4C(C(C(C(O4)CO)O)O)O)Cl,-7.9
Tigecycline,220620-09-7,CN(C)[C@H]1[C@@H]2C[C@@H]3Cc4c(cc(NC(=O)CNC(C)(C)C)c(O)c4C(=C3C(=O)[C@]2(O)C(=O)\C(=C(N)/O)C1=O)O)N(C)C,-7.9
Teniposide,29767-20-2,COc1cc(cc(OC)c1O)[C@H]2[C@@H]3[C@H](COC3=O)[C@H](OC4OC5COC(OC5C(O)C4O)c6sccc6)c7cc8OCOc8cc27,-7.9
Ceftazidime,72558-82-8,CC(C)(O/N=C(C(=O)N[C@H]1[C@H]2SCC(=C(N2C1=O)C([O-])=O)C[n+]3ccccc3)/c4csc(N)n4)C(O)=O,-7.9
Paclitaxel,33069-62-4,CC(=O)O[C@H]1C(=O)[C@]2(C)[C@@H](O)C[C@H]3OC[C@@]3(OC(C)=O)C2[C@H](OC(=O)c4ccccc4)[C@]5(O)C[C@H](OC(=O)[C@H](O)[C@@H](NC(=O)c6ccccc6)c7ccccc7)C(=C1C5(C)C)C,-7.9
Mefloquine hydrochloride,51773-92-3,C1CCNC(C1)C(C2=CC(=NC3=C2C=CC=C3C(F)(F)F)C(F)(F)F)O.Cl,-7.9
Methacycline hydrochloride,3963-95-9,CN(C)C1C2C(C3C(=C)C4=C(C(=CC=C4)O)C(=C3C(=O)C2(C(=C(C1=O)C(=O)N)O)O)O)O.Cl,-7.9
Estradiol benzoate,50-50-0,CC12CCC3C(C1CCC2O)CCC4=C3C=CC(=C4)OC(=O)C5=CC=CC=C5,-7.9
Digitoxin,71-63-6,C[C@H]1O[C@H](C[C@H](O)[C@@H]1O)O[C@H]2[C@@H](O)C[C@@H](O[C@@H]2C)O[C@H]3[C@@H](O)C[C@@H](O[C@@H]3C)O[C@H]4CC[C@@]5(C)[C@H](CC[C@@H]6[C@@H]5CC[C@]7(C)[C@@H](CC[C@]67O)C8=CC(=O)OC8)C4,-7.9
Meclocycline sulfosalicylate salt,73816-42-9,CN(C)C1C2C(C3C(=C)C4=C(C=CC(=C4C(=C3C(=O)C2(C(=C(C1=O)C(=O)N)O)O)O)O)Cl)O.C1=CC(=C(C=C1S(=O)(=O)O)C(=O)O)O,-7.9
Lomitapide,182431-12-5,C1CN(CCC1NC(=O)C2=CC=CC=C2C3=CC=C(C=C3)C(F)(F)F)CCCCC4(C5=CC=CC=C5C6=CC=CC=C64)C(=O)NCC(F)(F)F,-7.8
Pimozide,2062-78-4,Fc1ccc(cc1)C(CCCN2CCC(CC2)N3C(=O)Nc4ccccc34)c5ccc(F)cc5,-7.8
Maraviroc,376348-65-1,CC(C)c1nnc(C)n1C2C[C@H]3CC[C@@H](C2)N3CC[C@H](NC(=O)C4CCC(F)(F)CC4)c5ccccc5,-7.8
"(1R,9S,12S,13S,14S,17R,18Z,21S,23S,24R,25S,27R)-12-[(E)-1-[(1R,3R,4S)-4-Chloro-3-methoxycyclohexyl]prop-1-en-2-yl]-17-ethyl-1,14-dihydroxy-23,25-dimethoxy-13,19,21,27-tetramethyl-11,28-dioxa-4-azatricyclo[22.3.1.04,9]octacos-18-ene-2,3,10,16-tetrone",137071-32-0,CC[C@@H]1\C=C(C)/C[C@H](C)C[C@H](OC)[C@H]2O[C@](O)([C@H](C)C[C@@H]2OC)C(=O)C(=O)N3CCCC[C@H]3C(=O)O[C@@H]([C@@H](C)[C@@H](O)CC1=O)C(/C)=C/[C@@H]4CC[C@H](Cl)[C@@H](C4)OC,-7.8
Teniposide,29767-20-2,COc1cc(cc(OC)c1O)[C@H]2[C@@H]3[C@H](COC3=O)[C@H](OC4OC5COC(OC5C(O)C4O)c6sccc6)c7cc8OCOc8cc27,-7.8
Raloxifene,84449-90-1,Oc1ccc(cc1)c2sc3cc(O)ccc3c2C(=O)c4ccc(OCCN5CCCCC5)cc4,-7.8
Suvorexant,1030377-33-3,CC1CCN(CCN1C(=O)C2=C(C=CC(=C2)C)N3N=CC=N3)C4=NC5=C(O4)C=CC(=C5)Cl,-7.8
Betrixaban,330942-05-7,CN(C)C(=N)C1=CC=C(C=C1)C(=O)NC2=C(C=C(C=C2)OC)C(=O)NC3=NC=C(C=C3)Cl,-7.8
Canagliflozin,842133-18-0,CC1=C(C=C(C=C1)C2C(C(C(C(O2)CO)O)O)O)CC3=CC=C(S3)C4=CC=C(C=C4)F,-7.8
Ritonavir,155213-67-5,CC(C)[C@H](NC(=O)N(C)Cc1csc(n1)C(C)C)C(=O)N[C@H](C[C@H](O)[C@H](Cc2ccccc2)NC(=O)OCc3scnc3)Cc4ccccc4,-7.8
Folic acid,59-30-3,C1=CC(=CC=C1C(=O)NC(CCC(=O)O)C(=O)O)NCC2=CN=C3C(=N2)C(=O)NC(=N3)N,-7.8
Lenvatinib,417716-92-8,COC1=CC2=NC=CC(=C2C=C1C(=O)N)OC3=CC(=C(C=C3)NC(=O)NC4CC4)Cl,-7.8
Bosentan,147536-97-8,COc1ccccc1Oc2c(N[S](=O)(=O)c3ccc(cc3)C(C)(C)C)nc(nc2OCCO)c4ncccn4,-7.8
Progesterone,57-83-0,CC(=O)[C@H]1CC[C@H]2[C@@H]3CCC4=CC(=O)CC[C@]4(C)[C@H]3CC[C@]12C,-7.8
Tadalafil,171596-29-5,CN1CC(=O)N2[C@H](Cc3c([nH]c4ccccc34)[C@H]2c5ccc6OCOc6c5)C1=O,-7.8
Empagliflozin,864070-44-0,C1COCC1OC2=CC=C(C=C2)CC3=C(C=CC(=C3)C4C(C(C(C(O4)CO)O)O)O)Cl,-7.8
D-Ofloxacin,100986-86-5,C[C@@H]1COc2c(N3CCN(C)CC3)c(F)cc4C(=O)C(=CN1c24)C(O)=O,-7.8
Loteprednol,129260-79-3,CC12CC(C3C(C1CCC2(C(=O)OCCl)O)CCC4=CC(=O)C=CC34C)O,-7.8
"1-({[5-(4-Nitrophenyl)furan-2-yl]methylidene}amino)imidazolidine-2,4-dione",7261-97-4,[O-][N+](=O)c1ccc(cc1)c2oc(cc2)C=NN3CC(=O)NC3=O,-7.8
Cyproheptadine,129-03-3,CN1CCC(CC1)=C2c3ccccc3C=Cc4ccccc24,-7.8
Dexlansoprazole,138530-94-6,CC1=C(C=CN=C1CS(=O)C2=NC3=CC=CC=C3N2)OCC(F)(F)F,-7.8
Mebendazole,31431-39-7,COC(=O)Nc1[nH]c2cc(ccc2n1)C(=O)c3ccccc3,-7.8
Palonosetron,135729-61-2,O=C1N(C[C@@H]2CCCc3cccc1c23)[C@@H]4CN5CCC4CC5,-7.8
Nandrolone phenpropionate,62-90-8,CC12CCC3C(C1CCC2OC(=O)CCC4=CC=CC=C4)CCC5=CC(=O)CCC35,-7.8
Buserelin,57982-77-1,CCNC(=O)[C@@H]1CCCN1C(=O)[C@H](CCCN=C(N)N)NC(=O)[C@H](CC(C)C)NC(=O)[C@@H](COC(C)(C)C)NC(=O)[C@H](Cc2ccc(O)cc2)NC(=O)[C@H](CO)NC(=O)[C@H](Cc3c[nH]c4ccccc34)NC(=O)[C@H](Cc5[nH]cnc5)NC(=O)[C@@H]6CCC(=O)N6.CC(O)=O,-7.8
Novobiocin,303-81-1,CO[C@@H]1[C@@H](OC(N)=O)[C@@H](O)[C@H](Oc2ccc3C(=O)C(=C(O)Oc3c2C)NC(=O)c4ccc(O)c(CC=C(C)C)c4)OC1(C)C,-7.8
Gliquidone,33342-05-1,COc1ccc2c(c1)C(=O)N(CCc3ccc(cc3)[S](=O)(=O)NC(=O)NC4CCCCC4)C(=O)C2(C)C,-7.8
Aclarubicin,57576-44-0,CC[C@@]1(O)C[C@H](OC2CC(C(OC3CC(O)C(OC4CCC(=O)C(C)O4)C(C)O3)C(C)O2)N(C)C)c5c(O)c6C(=O)c7c(O)cccc7C(=O)c6cc5[C@H]1C(=O)OC,-7.8
Nicofuranose,12041-87-1,O[C@]1(COC(=O)c2cccnc2)O[C@H](COC(=O)c3cccnc3)[C@@H](OC(=O)c4cccnc4)[C@@H]1OC(=O)c5cccnc5,-7.8
Anidulafungin,166663-25-8,CCCCCOc1ccc(cc1)c2ccc(cc2)c3ccc(cc3)C(=O)N[C@H]4C[C@@H](O)[C@@H](O)NC(=O)[C@@H]5[C@@H](O)[C@@H](C)CN5C(=O)[C@@H](NC(=O)[C@@H](NC(=O)[C@@H]6C[C@@H](O)CN6C(=O)[C@@H](NC4=O)[C@H](C)O)[C@H](O)[C@@H](O)c7ccc(O)cc7)[C@H](C)O,-7.8
Cloxacillin,61-72-3,Cc1onc(c2ccccc2Cl)c1C(=O)N[C@H]3[C@H]4SC(C)(C)[C@@H](N4C3=O)C(O)=O,-7.8
Cefamandole,34444-01-4,Cn1nnnc1SCC2=C(N3[C@H](SC2)[C@H](NC(=O)[C@H](O)c4ccccc4)C3=O)C(O)=O,-7.8
Phenolphthalein,77-09-8,Oc1ccc(cc1)C2(OC(=O)c3ccccc23)c4ccc(O)cc4,-7.8
Cefmenoxime,65085-01-0,CO/N=C(C(=O)N[C@H]1[C@H]2SCC(=C(N2C1=O)C(O)=O)CSc3nnnn3C)/c4csc(N)n4,-7.8
Raloxifene hydrochloride,82640-04-8,C1CCN(CC1)CCOC2=CC=C(C=C2)C(=O)C3=C(SC4=C3C=CC(=C4)O)C5=CC=C(C=C5)O.Cl,-7.8
Itraconazole,84604-65-9,CCC(C)N1N=CN(C1=O)c2ccc(cc2)N3CCN(CC3)c4ccc(OC[C@H]5CO[C@@](Cn6cncn6)(O5)c7ccc(Cl)cc7Cl)cc4,-7.8
Cyproheptadine hydrochloride,969-33-5,CN1CCC(=C2C3=CC=CC=C3C=CC4=CC=CC=C42)CC1.Cl,-7.8
Rilpivirine,500287-72-9,Cc1cc(\C=C\C#N)cc(C)c1Nc2ccnc(Nc3ccc(cc3)C#N)n2,-7.8
Lurasidone hydrochloride,367514-88-3,C1CCC(C(C1)CN2CCN(CC2)C3=NSC4=CC=CC=C43)CN5C(=O)C6C7CCC(C7)C6C5=O.Cl,-7.8
Fludrocortisone acetate,514-36-3,CC(=O)OCC(=O)C1(CCC2C1(CC(C3(C2CCC4=CC(=O)CCC43C)F)O)C)O,-7.8
Alvimopan,156053-89-3,O.O.C[C@H]1CN(CC[C@@]1(C)c2cccc(O)c2)C[C@H](Cc3ccccc3)C(=O)NCC(O)=O,-7.8
Meclizine dihydrochloride,1104-22-9,CC1=CC(=CC=C1)CN2CCN(CC2)C(C3=CC=CC=C3)C4=CC=C(C=C4)Cl.Cl.Cl,-7.8
Oxytetracycline (Terramycin),79-57-2,CC1(C2C(C3C(C(=O)C(=C(C3(C(=O)C2=C(C4=C1C=CC=C4O)O)O)O)C(=O)N)N(C)C)O)O,-7.8
Rifampicin,13292-46-1,CC1C=CC=C(C(=O)NC2=C(C(=C3C(=C2O)C(=C(C4=C3C(=O)C(O4)(OC=CC(C(C(C(C(C(C1O)C)O)C)OC(=O)C)C)OC)C)C)O)O)C=NN5CCN(CC5)C)C,-7.8
Amcinonide,51022-69-6,CC(=O)OCC(=O)[C@@]12OC3(CCCC3)O[C@@H]1C[C@H]4[C@@H]5CCC6=CC(=O)C=C[C@]6(C)[C@@]5(F)[C@@H](O)C[C@]24C,-7.8
Pemetrexed acid,137281-23-3,C1=CC(=CC=C1CCC2=CNC3=C2C(=O)NC(=N3)N)C(=O)NC(CCC(=O)O)C(=O)O,-7.8
Ticagrelor,274693-27-5,CCCSC1=NC(=C2C(=N1)N(N=N2)C3CC(C(C3O)O)OCCO)NC4CC4C5=CC(=C(C=C5)F)F,-7.8
Calcium folinate,1492-18-8,C1C(N(C2=C(N1)N=C(NC2=O)N)C=O)CNC3=CC=C(C=C3)C(=O)NC(CCC(=O)[O-])C(=O)[O-].[Ca+2],-7.8
Folic acid,59-30-3,C1=CC(=CC=C1C(=O)NC(CCC(=O)O)C(=O)O)NCC2=CN=C3C(=N2)C(=O)NC(=N3)N,-7.8
Sorafenib,284461-73-0,CNC(=O)c1cc(Oc2ccc(NC(=O)Nc3ccc(Cl)c(c3)C(F)(F)F)cc2)ccn1,-7.7
Amcinonide,51022-69-6,CC(=O)OCC(=O)[C@@]12OC3(CCCC3)O[C@@H]1C[C@H]4[C@@H]5CCC6=CC(=O)C=C[C@]6(C)[C@@]5(F)[C@@H](O)C[C@]24C,-7.7
Ciclesonide,126544-47-6,CC(C)C(=O)OCC(=O)[C@@]12O[C@@H](O[C@@H]1C[C@H]3[C@@H]4CCC5=CC(=O)C=C[C@]5(C)[C@H]4[C@@H](O)C[C@]23C)C6CCCCC6,-7.7
Avanafil,330784-47-9,COc1ccc(CNc2nc(ncc2C(=O)NCc3ncccn3)N4CCC[C@H]4CO)cc1Cl,-7.7
Enzalutamide,915087-33-1,CC1(C(=O)N(C(=S)N1C2=CC(=C(C=C2)C(=O)NC)F)C3=CC(=C(C=C3)C#N)C(F)(F)F)C,-7.7
Nelfinavir,159989-64-7,Cc1c(O)cccc1C(=O)N[C@@H](CSc2ccccc2)[C@H](O)CN3C[C@H]4CCCC[C@H]4C[C@H]3C(=O)NC(C)(C)C,-7.7
Idelalisib,870281-82-6,CCC(C1=NC2=C(C(=CC=C2)F)C(=O)N1C3=CC=CC=C3)NC4=NC=NC5=C4NC=N5,-7.7
Levomefolic acid,31690-09-2,CN1C(CNC2=C1C(=O)NC(=N2)N)CNC3=CC=C(C=C3)C(=O)NC(CCC(=O)O)C(=O)O,-7.7
Ertapenem,153832-46-3,C[C@@H](O)[C@@H]1[C@H]2[C@@H](C)C(=C(N2C1=O)C(O)=O)S[C@@H]3CN[C@@H](C3)C(=O)Nc4cccc(c4)C(O)=O,-7.7
Reserpine,50-55-5,CO[C@H]1[C@@H](C[C@@H]2CN3CCc4c([nH]c5cc(OC)ccc45)[C@H]3C[C@@H]2[C@@H]1C(=O)OC)OC(=O)c6cc(OC)c(OC)c(OC)c6,-7.7
Alvimopan,156053-89-3,O.O.C[C@H]1CN(CC[C@@]1(C)c2cccc(O)c2)C[C@H](Cc3ccccc3)C(=O)NCC(O)=O,-7.7
"Pralatrexate, (S)-",1320211-69-5,C#CCC(CC1=CN=C2C(=N1)C(=NC(=N2)N)N)C3=CC=C(C=C3)C(=O)NC(CCC(=O)O)C(=O)O,-7.7
Methotrexate,59-05-2,CN(Cc1cnc2nc(N)nc(N)c2n1)c3ccc(cc3)C(=O)N[C@@H](CCC(O)=O)C(O)=O,-7.7
Sulfasalazine,599-79-1,OC(=O)C1=C\C(C=CC1=O)=N/Nc2ccc(cc2)[S](=O)(=O)Nc3ccccn3,-7.7
Droperidol,548-73-2,Fc1ccc(cc1)C(=O)CCCN2CCC(=CC2)N3C(=O)Nc4ccccc34,-7.7
"(6R,7S,10R,11R,12Z,17Z,19Z,21S)-6-[2-(Diethylamino)ethylsulfonyl]-21-hydroxy-11,19-dimethyl-10-propan-2-yl-9,26-dioxa-3,15,28-triazatricyclo[23.2.1.03,7]octacosa-1(27),12,17,19,25(28)-pentaene-2,8,14,23-tetrone",112362-50-2,CCN(CC)CC[S](=O)(=O)[C@@H]1CCN2[C@H]1C(=O)O[C@H](C(C)C)[C@H](C)\C=C/C(=O)NC/C=C\C(=C/[C@@H](O)CC(=O)Cc3occ(n3)C2=O)C,-7.7
Brexpiprazole,913611-97-9,C1CN(CCN1CCCCOC2=CC3=C(C=C2)C=CC(=O)N3)C4=C5C=CSC5=CC=C4,-7.7
Trametinib,871700-17-3,CC1=C2C(=C(N(C1=O)C)NC3=C(C=C(C=C3)I)F)C(=O)N(C(=O)N2C4=CC=CC(=C4)NC(=O)C)C5CC5,-7.7
Cefprozil,92665-29-7,O.C/C=C/C1=C(N2[C@H](SC1)[C@H](NC(=O)[C@H](N)c3ccc(O)cc3)C2=O)C(O)=O,-7.7
"(1S,4S,7E,10S,21R)-7-Ethylidene-4,21-di(propan-2-yl)-2-oxa-12,13-dithia-5,8,20,23-tetrazabicyclo[8.7.6]tricos-16-ene-3,6,9,19,22-pentone",-,C\C=C/1NC(=O)[C@H]2CSSCCC=C[C@H](CC(=O)N[C@H](C(C)C)C(=O)N2)OC(=O)[C@@H](NC1=O)C(C)C,-7.7
Repaglinide,135062-02-1,CCOc1cc(CC(=O)N[C@@H](CC(C)C)c2ccccc2N3CCCCC3)ccc1C(O)=O,-7.7
R-(-)-Flecainide,99495-90-6,C1CCNC(C1)CNC(=O)C2=C(C=CC(=C2)OCC(F)(F)F)OCC(F)(F)F,-7.7
Eslicarbazepine acetate,236395-14-5,CC(=O)OC1CC2=CC=CC=C2N(C3=CC=CC=C13)C(=O)N,-7.7
Levolansoprazole,138530-95-7,CC1=C(C=CN=C1CS(=O)C2=NC3=CC=CC=C3N2)OCC(F)(F)F,-7.7
"Pomalidomide, (R)-",202271-90-7,C1CC(=O)NC(=O)C1N2C(=O)C3=C(C2=O)C(=CC=C3)N,-7.7
S-Pomalidomide,202271-89-4,C1CC(=O)NC(=O)C1N2C(=O)C3=C(C2=O)C(=CC=C3)N,-7.7
(+)-Thalidomide,260939,O=C1CC[C@@H](N2C(=O)c3ccccc3C2=O)C(=O)N1,-7.7
(-)-Thalidomide,841-67-8,O=C1CCC(N2C(=O)c3ccccc3C2=O)C(=O)N1,-7.7
Tarenflurbil,51543-40-9,C[C@@H](C(O)=O)c1ccc(c(F)c1)c2ccccc2,-7.7
Esflurbiprofen,51543-39-6,C[C@H](C(O)=O)c1ccc(c(F)c1)c2ccccc2,-7.7
"Clevidipine, (S)-",167356-39-0,CCCC(=O)OCOC(=O)C1=C(NC(=C(C1C2=C(C(=CC=C2)Cl)Cl)C(=O)OC)C)C,-7.7
Oxytetracycline,79-57-2,O.O.CN(C)[C@H]1[C@@H]2[C@@H](O)[C@H]3C(=C(O)c4c(O)cccc4[C@@]3(C)O)C(=O)[C@]2(O)C(=O)\C(=C(N)/O)C1=O,-7.7
Tolciclate,50838-36-3,CN(C(=S)Oc1ccc2C3CCC(C3)c2c1)c4cccc(C)c4,-7.7
Oxytocin,50-56-6,CC[C@H](C)[C@@H]1NC(=O)[C@H](Cc2ccc(O)cc2)NC(=O)[C@@H](N)CSSC[C@H](NC(=O)[C@H](CC(N)=O)NC(=O)[C@H](CCC(N)=O)NC1=O)C(=O)N3CCC[C@H]3C(=O)N[C@@H](CC(C)C)C(=O)NCC(N)=O,-7.7
Trazodone hydrochloride,19666-36-5,C1CN(CCN1CCCN2C(=O)N3C=CC=CC3=N2)C4=CC(=CC=C4)Cl.Cl,-7.7
Nicomol,27959-26-8,OC1C(CCCC1(COC(=O)c2cccnc2)COC(=O)c3cccnc3)(COC(=O)c4cccnc4)COC(=O)c5cccnc5,-7.7
Geodon,122883-93-6,[H+].O.[Cl-].Clc1cc2NC(=O)Cc2cc1CCN3CCN(CC3)c4nsc5ccccc45,-7.7
Flurbiprofen,5104-49-4,CC(C(O)=O)c1ccc(c(F)c1)c2ccccc2,-7.7
Terizidone,25683-71-0,O=C1NOCC1N=Cc2ccc(cc2)C=NC3CONC3=O,-7.7
Sulfinpyrazone,57-96-5,O=C1C(CC[S](=O)c2ccccc2)C(=O)N(N1c3ccccc3)c4ccccc4,-7.7
Cephradine,38821-53-3,CC1=C(N2[C@H](SC1)[C@H](NC(=O)[C@H](N)C3=CCC=CC3)C2=O)C(O)=O,-7.7
Buclizine dihydrochloride,129-74-8,CC(C)(C)C1=CC=C(C=C1)CN2CCN(CC2)C(C3=CC=CC=C3)C4=CC=C(C=C4)Cl.Cl.Cl,-7.7
Eptifibatide,188627-80-7,NC(N)=NCCCCC1NC(=O)CCSSCC(NC(=O)C2CCCN2C(=O)C(Cc3c[nH]c4ccccc34)NC(=O)C(CC(O)=O)NC(=O)CNC1=O)C(N)=O,-7.7
Nilstat,1400-61-9,C[C@@H]1OC(=O)CC(O)CC(O)CC(O)CCC(O)C(O)C[C@]2(O)CC(O)C(C(CC(O[C@H]3O[C@H](C)[C@@H](O)[C@H](N)[C@@H]3O)\C=C\C=C\C=C\C=C\CC/C=C/C=C/[C@H](C)[C@@H](O)[C@H]1C)O2)C(O)=O,-7.7
Lymecycline,992-21-2,[Cl-].CN(C)[C@H]1[C@@H]2C[C@H]3C(=C(O)c4c(O)ccc(Cl)c4[C@@]3(C)O)C(=O)[C@]2(O)C(=O)\C(=C(N)\O)C1=O.[H+],-7.7
Cefatrizine,51627-14-6,NC(C(=O)N[C@H]1[C@H]2SCC(=C(N2C1=O)C(O)=O)CSc3cn[nH]n3)c4ccc(O)cc4,-7.7
"Sofosbuvir (PSI-7977, GS-7977)",1190307-88-0,CC(C)OC(=O)C(C)NP(=O)(OCC1C(C(C(O1)N2C=CC(=O)NC2=O)(C)F)O)OC3=CC=CC=C3,-7.7
Apremilast (CC-10004),608141-41-9,CCOC1=C(C=CC(=C1)C(CS(=O)(=O)C)N2C(=O)C3=C(C2=O)C(=CC=C3)NC(=O)C)OC,-7.7
"Cabozantinib (XL184, BMS-907351)",849217-68-1,COC1=CC2=C(C=CN=C2C=C1OC)OC3=CC=C(C=C3)NC(=O)C4(CC4)C(=O)NC5=CC=C(C=C5)F,-7.7
Apatinib,811803-05-1,C1CCC(C1)(C#N)C2=CC=C(C=C2)NC(=O)C3=C(N=CC=C3)NCC4=CC=NC=C4,-7.7
Oxandrolone,53-39-4,C[C@]1(O)CC[C@H]2[C@@H]3CC[C@H]4CC(=O)OC[C@]4(C)[C@H]3CC[C@]12C,-7.7
Alosetron hydrochloride,122852-69-1,CC1=C(N=CN1)CN2CCC3=C(C2=O)C4=CC=CC=C4N3C.Cl,-7.7
MK-4305 (Suvorexant),1030377-33-3,CC1CCN(CCN1C(=O)C2=C(C=CC(=C2)C)N3N=CC=N3)C4=NC5=C(O4)C=CC(=C5)Cl,-7.7
"CAL-101 (Idelalisib, GS-1101)",870281-82-6,CCC(C1=NC2=C(C(=CC=C2)F)C(=O)N1C3=CC=CC=C3)NC4=NC=NC5=C4NC=N5,-7.7
Nystatin (Fungicidin),1400-61-9,CC1C=CC=CCCC=CC=CC=CC=CC(CC2C(C(CC(O2)(CC(C(CCC(CC(CC(CC(=O)OC(C(C1O)C)C)O)O)O)O)O)O)O)C(=O)O)OC3C(C(C(C(O3)C)O)N)O,-7.7
Beta-Carotene,7235-40-7,CC1=C(\C=C\C(C)=C\C=C\C(C)=C\C=C\C=C(C)\C=C\C=C(C)\C=C\C2=C(C)CCCC2(C)C)C(C)(C)CCC1,-7.7
Demeclocycline hydrochloride,64-73-3,CN(C)C1C2CC3C(C4=C(C=CC(=C4C(=C3C(=O)C2(C(=C(C1=O)C(=O)N)O)O)O)O)Cl)O.Cl,-7.7
Chlorhexidine hydrochloride,3697-42-5,C1=CC(=CC=C1NC(=NC(=NCCCCCCN=C(N)N=C(N)NC2=CC=C(C=C2)Cl)N)N)Cl.Cl.Cl,-7.7
Testosterone,58-22-0,C[C@]12CC[C@H]3[C@@H](CCC4=CC(=O)CC[C@]34C)[C@@H]1CC[C@@H]2O,-7.7
Benazepril hydrochloride,86541-74-4,CCOC(=O)C(CCC1=CC=CC=C1)NC2CCC3=CC=CC=C3N(C2=O)CC(=O)O.Cl,-7.7
Nebivolol hydrochloride,152520-56-4,C1CC2=C(C=CC(=C2)F)OC1C(CNCC(C3CCC4=C(O3)C=CC(=C4)F)O)O.Cl,-7.7
Xifaxan,80621-81-4,CO[C@H]1/C=C/O[C@@]2(C)Oc3c(C)c(O)c4c(O)c(NC(=O)C(=C\C=C\[C@H](C)[C@H](O)[C@@H](C)[C@@H](O)[C@@H](C)[C@H](OC(C)=O)[C@@H]1C)/C)c5n6ccc(C)cc6nc5c4c3C2=O,-7.6
Cobicistat,1004316-88-4,CC(C)C1=NC(=CS1)CN(C)C(=O)NC(CCN2CCOCC2)C(=O)NC(CCC(CC3=CC=CC=C3)NC(=O)OCC4=CN=CS4)CC5=CC=CC=C5,-7.6
Piperacillin,61477-96-1,O.CCN1CCN(C(=O)N[C@@H](C(=O)N[C@H]2[C@H]3SC(C)(C)[C@@H](N3C2=O)C(O)=O)c4ccccc4)C(=O)C1=O,-7.6
(S)-Fexofenadine,-,CC(C)(C1=CC=C(C=C1)C(CCCN2CCC(CC2)C(C3=CC=CC=C3)(C4=CC=CC=C4)O)O)C(=O)O,-7.6
Sovaldi,1190307-88-0,CC(C)OC(=O)C(C)NP(=O)(OCC1C(C(C(O1)N2C=CC(=O)NC2=O)(C)F)O)OC3=CC=CC=C3,-7.6
Dasatinib,302962-49-8,Cc1nc(Nc2sc(cn2)C(=O)Nc3c(C)cccc3Cl)cc(n1)N4CCN(CCO)CC4,-7.6
Afatinib,850140-72-6,CN(C)CC=CC(=O)NC1=C(C=C2C(=C1)C(=NC=N2)NC3=CC(=C(C=C3)F)Cl)OC4CCOC4,-7.6
(R)-Bendroflumethiazide,1087345-31-0,C1=CC=C(C=C1)CC2NC3=C(C=C(C(=C3)C(F)(F)F)S(=O)(=O)N)S(=O)(=O)N2,-7.6
"Pralatrexate, (R)-",1320211-70-8,C#CCC(CC1=CN=C2C(=N1)C(=NC(=N2)N)N)C3=CC=C(C=C3)C(=O)NC(CCC(=O)O)C(=O)O,-7.6
Palbociclib,571190-30-2,CC1=C(C(=O)N(C2=NC(=NC=C12)NC3=NC=C(C=C3)N4CCNCC4)C5CCCC5)C(=O)C,-7.6
(R)-Azelastine,143228-84-6,CN1CCCC(CC1)N2C(=O)C3=CC=CC=C3C(=N2)CC4=CC=C(C=C4)Cl,-7.6
Vincaleukoblastine,865-21-4,CC[C@]1(O)C[C@H]2CN(CCc3c([nH]c4ccccc34)[C@@](C2)(C(=O)OC)c5cc6c(cc5OC)N(C)[C@H]7[C@](O)([C@H](OC(C)=O)[C@]8(CC)C=CCN9CC[C@]67[C@H]89)C(=O)OC)C1.O[S](O)(=O)=O,-7.6
21R-Argatroban,121785-71-5,C[C@@H]1CCN([C@H](C1)C(O)=O)C(=O)[C@H](CCCN=C(N)N)N[S](=O)(=O)c2cccc3C[C@@H](C)CNc23,-7.6
Halcinonide,3093-35-4,CC1(C)O[C@@H]2C[C@H]3[C@@H]4CCC5=CC(=O)CC[C@]5(C)[C@@]4(F)[C@@H](O)C[C@]3(C)[C@@]2(O1)C(=O)CCl,-7.6
Nalbuphine,20594-83-6,C1CC(C1)CN2CCC34C5C(CCC3(C2CC6=C4C(=C(C=C6)O)O5)O)O,-7.6
Cilostazol,73963-72-1,O=C1CCc2cc(OCCCCc3nnnn3C4CCCCC4)ccc2N1,-7.6
Brisoral,121412-77-9,C/C=C/C1=C(N2[C@H](SC1)[C@H](NC(=O)[C@H](N)c3ccc(O)cc3)C2=O)C(O)=O,-7.6
Besifloxacin,141388-76-3,C1CCN(CC(C1)N)C2=C(C=C3C(=C2Cl)N(C=C(C3=O)C(=O)O)C4CC4)F,-7.6
Prednisone,53-03-2,C[C@]12CC(=O)[C@H]3[C@@H](CCC4=CC(=O)C=C[C@]34C)[C@@H]1CC[C@]2(O)C(=O)CO,-7.6
Norethindrone,68-22-4,C[C@]12CC[C@H]3[C@@H](CCC4=CC(=O)CC[C@H]34)[C@@H]1CC[C@@]2(O)C#C,-7.6
Trazodone,19794-93-5,Clc1cccc(c1)N2CCN(CCCN3N=C4C=CC=CN4C3=O)CC2,-7.6
Zaleplon,151319-34-5,CCN(C(C)=O)c1cccc(c1)c2ccnc3n2ncc3C#N,-7.6
Cephalexin,15686-71-2,O.CC1=C(N2[C@H](SC1)[C@H](NC(=O)[C@H](N)c3ccccc3)C2=O)C(O)=O,-7.6
Dihydrocodeine,125-28-0,COc1ccc2C[C@@H]3[C@@H]4CC[C@H](O)[C@@H]5Oc1c2[C@]45CCN3C,-7.6
Nedocromil,69049-73-6,CCCc1c2OC(=CC(=O)c2cc3C(=O)C=C(N(CC)c13)C(O)=O)C(O)=O,-7.6
cis-Permethrin,54774-45-7,CC1(C)[C@@H](C=C(Cl)Cl)[C@H]1C(=O)OCc2cccc(Oc3ccccc3)c2,-7.6
Arasertaconazole,583057-48-1,C1=CC2=C(C(=C1)Cl)SC=C2COC(CN3C=CN=C3)C4=C(C=C(C=C4)Cl)Cl,-7.6
(R)-Mirtazapine,61364-37-2,CN1CCN2C(C1)C3=CC=CC=C3CC4=C2N=CC=C4,-7.6
(R)-(+)-Pantoprazole,-,COC1=C(C(=NC=C1)CS(=O)C2=NC3=C(N2)C=C(C=C3)OC(F)F)OC,-7.6
Phenytoin,57-41-0,O=C1NC(=O)C(N1)(c2ccccc2)c3ccccc3,-7.6
"(8R,9R,10R,13R,14R,17R)-13-Ethyl-17-ethynyl-17-hydroxy-1,2,6,7,8,9,10,11,12,14,15,16-dodecahydrocyclopenta[a]phenanthren-3-one",-,CC[C@@]12CC[C@@H]3[C@@H](CCC4=CC(=O)CC[C@H]34)[C@H]1CC[C@@]2(O)C#C,-7.6
Mirabegron,223673-61-8,C1=CC=C(C=C1)C(CNCCC2=CC=C(C=C2)NC(=O)CC3=CSC(=N3)N)O,-7.6
Clotrimazole,23593-75-1,Clc1ccccc1C(n2ccnc2)(c3ccccc3)c4ccccc4,-7.6
"Clevidipine, (R)-",167356-40-3,CCCC(=O)OCOC(=O)C1=C(NC(=C(C1C2=C(C(=CC=C2)Cl)Cl)C(=O)OC)C)C,-7.6
Phenindione,83-12-5,O=C1C(c2ccccc2)C(=O)c3ccccc13,-7.6
Etretinate,54350-48-0,CCOC(=O)/C=C(C)/C=C/C=C(C)/C=C/c1c(C)cc(OC)c(C)c1C,-7.6
Leucovorin,58-05-9,O.[Ca].NC1=NC(=O)C2=C(NCC(CNc3ccc(cc3)C(=O)NC(CCC(O)=O)C(O)=O)N2C=O)N1,-7.6
Stanozolol,10418-03-8,C[C@]1(O)CC[C@H]2[C@@H]3CC[C@H]4Cc5[nH]ncc5C[C@]4(C)[C@H]3CC[C@]12C,-7.6
Rutin,153-18-4,C[C@@H]1O[C@@H](OC[C@H]2O[C@@H](OC3=C(Oc4cc(O)cc(O)c4C3=O)c5ccc(O)c(O)c5)[C@H](O)[C@@H](O)[C@@H]2O)[C@H](O)[C@H](O)[C@H]1O,-7.6
Vancomycin,1404-90-6,CN[C@H](CC(C)C)C(=O)NC1[C@H](O)c2ccc(Oc3cc4cc(Oc5ccc(cc5Cl)[C@@H](O)[C@@H]6NC(=O)[C@H](NC(=O)[C@@H]4NC(=O)[C@H](CC(N)=O)NC1=O)c7ccc(O)c(c7)c8c(O)cc(O)cc8[C@@H](NC6=O)C(O)=O)c3O[C@@H]9O[C@H](CO)[C@@H](O)[C@H](O)[C@H]9O[C@H]%10C[C@](C)(N)[C@H](O)[C@H](C)O%10)c(Cl)c2,-7.6
Cefazedone,56187-47-4,Cc1sc(SCC2=C(N3[C@H](SC2)[C@H](NC(=O)CN4C=C(Cl)C(=O)C(=C4)Cl)C3=O)C(O)=O)nn1,-7.6
Chlortetracycline hydrochloride,64-72-2,CC1(C2CC3C(C(=O)C(=C(C3(C(=O)C2=C(C4=C(C=CC(=C41)Cl)O)O)O)O)C(=O)N)N(C)C)O.Cl,-7.6
Piroheptine,16378-21-5,CCN1CCC(C1C)=C2c3ccccc3CCc4ccccc24,-7.6
Bezafibrate,41859-67-0,CC(C)(Oc1ccc(CCNC(=O)c2ccc(Cl)cc2)cc1)C(O)=O,-7.6
Fenbufen,36330-85-5,OC(=O)CCC(=O)c1ccc(cc1)c2ccccc2,-7.6
Dydrogesterone,152-62-5,CC(=O)[C@H]1CC[C@H]2[C@@H]3C=CC4=CC(=O)CC[C@@]4(C)[C@@H]3CC[C@]12C,-7.6
Tixocortol pivalate,55560-96-8,CC12CCC(=O)C=C1CCC3C2C(CC4(C3CCC4(C(=O)CSC(=O)C(C)(C)C)O)C)O,-7.6
Sirolimus,53123-88-9,CC1CCC2CC(C(=CC=CC=CC(CC(C(=O)C(C(C(=CC(C(=O)CC(OC(=O)C3CCCCN3C(=O)C(=O)C1(O2)O)C(C)CC4CCC(C(C4)OC)O)C)C)O)OC)C)C)C)OC,-7.6
Praziquantel,55268-74-1,O=C1CN(CC2N1CCc3ccccc23)C(=O)C4CCCCC4,-7.6
Ceftaroline fosamil,229016-73-3,CCON=C(C1=NSC(=N1)NP(=O)(O)O)C(=O)NC2C3N(C2=O)C(=C(CS3)SC4=NC(=CS4)C5=CC=[N+](C=C5)C)C(=O)[O-],-7.6
Abiraterone,154229-19-3,C[C@]12CC[C@H](O)CC1=CC[C@@H]3[C@@H]2CC[C@@]4(C)[C@H]3CC=C4c5cccnc5,-7.6
Cortisone,53-06-5,C[C@]12CCC(=O)C=C1CC[C@H]3[C@@H]4CC[C@](O)(C(=O)CO)[C@@]4(C)CC(=O)[C@H]23,-7.6
Mestranol,72-33-3,COc1ccc2[C@H]3CC[C@@]4(C)[C@@H](CC[C@@]4(O)C#C)[C@@H]3CCc2c1,-7.6
Methotrexate,59-05-2,CN(Cc1cnc2nc(N)nc(N)c2n1)c3ccc(cc3)C(=O)N[C@@H](CCC(O)=O)C(O)=O,-7.6
Repaglinide,135062-02-1,CCOc1cc(CC(=O)N[C@@H](CC(C)C)c2ccccc2N3CCCCC3)ccc1C(O)=O,-7.6
Fludarabine,21679-14-1,Nc1nc(F)nc2n(cnc12)[C@@H]3O[C@H](CO)[C@@H](O)[C@@H]3O,-7.6
Tetracycline,60-54-8,CN(C)[C@H]1[C@@H]2C[C@H]3C(=C(O)c4c(O)cccc4[C@@]3(C)O)C(=O)[C@]2(O)C(=O)\C(=C(N)/O)C1=O,-7.6
Cefadroxil,50370-12-2,CC1=C(N2[C@H](SC1)[C@H](NC(=O)[C@H](N)c3ccc(O)cc3)C2=O)C(O)=O,-7.6
Stanozolol,10418-03-8,C[C@]1(O)CC[C@H]2[C@@H]3CC[C@H]4Cc5[nH]ncc5C[C@]4(C)[C@H]3CC[C@]12C,-7.6
Xolegel,65277-42-1,CC(=O)N1CCN(CC1)c2ccc(OC[C@@H]3CO[C@](Cn4ccnc4)(O3)c5ccc(Cl)cc5Cl)cc2,-7.5
Riociguat,625115-55-1,CN(C1=C(N=C(N=C1N)C2=NN(C3=C2C=CC=N3)CC4=CC=CC=C4F)N)C(=O)OC,-7.5
Telotristat,1033805-28-5,CC1=NN(C=C1)C2=C(C=CC(=C2)Cl)C(C(F)(F)F)OC3=NC(=NC(=C3)C4=CC=C(C=C4)CC(C(=O)O)N)N,-7.5
Cromolyn,16110-51-3,OC(COc1cccc2OC(=CC(=O)c12)C(O)=O)COc3cccc4OC(=CC(=O)c34)C(O)=O,-7.5
Ceftaroline fosamil anhydrous base,402741-13-3,CCON=C(C1=NSC(=N1)NP(=O)(O)O)C(=O)NC2C3N(C2=O)C(=C(CS3)SC4=NC(=CS4)C5=CC=[N+](C=C5)C)C(=O)O,-7.5
CID 60150250,-,CC1CCC2CC(C(=CC=CC=CC(CC(C(=O)C(C(C(=CC(C(=O)CC(OC(=O)C3CCCCN3C(=O)C(=O)C1(O2)O)C(C)CC4CCC(C(C4)OC)OCCO)C)C)O)OC)C)C)C)OC,-7.5
Vilazodone,163521-12-8,C1CN(CCN1CCCCC2=CNC3=C2C=C(C=C3)C#N)C4=CC5=C(C=C4)OC(=C5)C(=O)N,-7.5
Perampanel,380917-97-5,C1=CC=C(C=C1)N2C=C(C=C(C2=O)C3=CC=CC=C3C#N)C4=CC=CC=N4,-7.5
Regadenoson,313348-27-5,CNC(=O)c1cnn(c1)c2nc(N)c3ncn([C@@H]4O[C@H](CO)[C@@H](O)[C@H]4O)c3n2,-7.5
Eplerenone,107724-20-9,COC(=O)[C@@H]1CC2=CC(=O)CC[C@]2(C)[C@@]34O[C@@H]3C[C@@]5(C)[C@@H](CC[C@@]56CCC(=O)O6)[C@H]14,-7.5
Piroxicam,36322-90-4,CN1C(=C(/O)Nc2ccccn2)/C(=O)c3ccccc3[S]1(=O)=O,-7.5
Solifenacin,242478-37-1,C1CN2CCC1C(C2)OC(=O)N3CCC4=CC=CC=C4C3C5=CC=CC=C5,-7.5
Vismodegib,879085-55-9,CS(=O)(=O)C1=CC(=C(C=C1)C(=O)NC2=CC(=C(C=C2)Cl)C3=CC=CC=N3)Cl,-7.5
Flunisolide,542449,O.CC1(C)O[C@@H]2CC3[C@@H]4C[C@H](F)C5=CC(=O)C=CC5(C)[C@H]4[C@@H](O)C[C@]3(C)[C@@]2(O1)C(=O)CO.CC6(C)O[C@@H]7CC8[C@@H]9C[C@H](F)C%10=CC(=O)C=CC%10(C)[C@H]9[C@@H](O)C[C@]8(C)[C@@]7(O6)C(=O)CO,-7.5
Exemestane,107868-30-4,C[C@]12CC[C@H]3[C@@H](CC(=C)C4=CC(=O)C=C[C@]34C)[C@@H]1CCC2=O,-7.5
Cortisone acetate,50-04-4,CC(=O)OCC(=O)C1(CCC2C1(CC(=O)C3C2CCC4=CC(=O)CCC34C)C)O,-7.5
"(S)-[2,8-Bis(trifluoromethyl)-4-quinolyl]-[(2S)-2-piperidyl]methanol",51744-85-5,O[C@H]([C@@H]1CCCCN1)c2cc(nc3c2cccc3C(F)(F)F)C(F)(F)F,-7.5
(+)-Mefloquine,51688-68-7,O[C@@H]([C@@H]1CCCCN1)c2cc(nc3c2cccc3C(F)(F)F)C(F)(F)F,-7.5
"(R)-[2,8-Bis(trifluoromethyl)-4-quinolyl]-[(2R)-2-piperidyl]methanol",51744-84-4,O[C@@H]([C@H]1CCCCN1)c2cc(nc3c2cccc3C(F)(F)F)C(F)(F)F,-7.5
Flurandrenolide,1524-88-5,CC1(C)O[C@@H]2C[C@H]3[C@@H]4C[C@H](F)C5=CC(=O)CC[C@]5(C)[C@H]4[C@@H](O)C[C@]3(C)[C@@]2(O1)C(=O)CO,-7.5
Paricalcitol,131918-61-1,C[C@H](\C=C\[C@H](C)C(C)(C)O)[C@H]1CC[C@H]2\C(CCC[C@]12C)=C\C=C3/C[C@@H](O)C[C@H](O)C3,-7.5
Oxymorphone,76-41-5,CN1CC[C@]23[C@H]4Oc5c(O)ccc(C[C@@H]1[C@]2(O)CCC4=O)c35,-7.5
(R)-(-)-Praziquantel,57452-98-9,C1CCC(CC1)C(=O)N2CC3C4=CC=CC=C4CCN3C(=O)C2,-7.5
Picosulfuric acid,10040-34-3,C1=CC=NC(=C1)C(C2=CC=C(C=C2)OS(=O)(=O)O)C3=CC=C(C=C3)OS(=O)(=O)O,-7.5
Fluoxymesterone,76-43-7,C[C@]1(O)CC[C@H]2[C@@H]3CCC4=CC(=O)CC[C@]4(C)[C@@]3(F)[C@@H](O)C[C@]12C,-7.5
"(3S)-7-Chloro-2-oxo-5-phenyl-2,3-dihydro-1H-1,4-benzodiazepine-3-carboxylic acid",189298-40-6,C1=CC=C(C=C1)C2=NC(C(=O)NC3=C2C=C(C=C3)Cl)C(=O)O,-7.5
Ethinyl estradiol,57-63-6,CC12CCC3C(C1CCC2(C#C)O)CCC4=C3C=CC(=C4)O,-7.5
(22S)-Budesonide,51372-28-2,CCCC1OC2CC3C4CCC5=CC(=O)C=CC5(C4C(CC3(C2(O1)C(=O)CO)C)O)C,-7.5
Pitavastatin,147511-69-1,OC(CC(O)/C=C/c1c(nc2ccccc2c1c3ccc(F)cc3)C4CC4)CC(O)=O,-7.5
"(3R)-7-Chloro-2-oxo-5-phenyl-2,3-dihydro-1H-1,4-benzodiazepine-3-carboxylic acid",189298-39-3,C1=CC=C(C=C1)C2=NC(C(=O)NC3=C2C=C(C=C3)Cl)C(=O)O,-7.5
"(2R)-7-Chloro-2-methyl-3-(2-methylphenyl)-4-oxo-1,2-dihydroquinazoline-6-sulfonamide",-,C[C@@H]1Nc2cc(Cl)c(cc2C(=O)N1c3ccccc3C)[S](N)(=O)=O,-7.5
"1-(2,4-Dichlorophenyl)-N-[(2,4-dichlorophenyl)methoxy]-2-(1-imidazolyl)ethanimine",64211-46-7,Clc1ccc(CON=C(Cn2ccnc2)c3ccc(Cl)cc3Cl)c(Cl)c1,-7.5
Olodaterol,868049-49-4,CC(C)(CC1=CC=C(C=C1)OC)NCC(C2=C3C(=CC(=C2)O)NC(=O)CO3)O,-7.5
Bisacodyl,603-50-9,CC(=O)Oc1ccc(cc1)C(c2ccc(OC(C)=O)cc2)c3ccccn3,-7.5
Dronabinol,72-08-3,CCCCCc1cc(O)c2[C@@H]3C=C(C)CC[C@H]3C(C)(C)Oc2c1,-7.5
Alosetron,122852-42-0,Cn1c2CCN(Cc3nc[nH]c3C)C(=O)c2c4ccccc14,-7.5
(S)-Donepezil,-,COC1=C(C=C2C(=C1)CC(C2=O)CC3CCN(CC3)CC4=CC=CC=C4)OC,-7.5
Fosinopril,98048-97-6,CCC(=O)OC(O[P](=O)(CCCCc1ccccc1)CC(=O)N2C[C@@H](C[C@H]2C(O)=O)C3CCCCC3)C(C)C,-7.5
Propantheline,298-50-0,CC(C)[N+](C)(CCOC(=O)C1c2ccccc2Oc3ccccc13)C(C)C,-7.5
Leflunomide,75706-12-6,Cc1oncc1C(=O)Nc2ccc(cc2)C(F)(F)F,-7.5
Cefpirome,84957-29-9,CON=C(C1=CSC(=N1)N)C(=O)NC2C3N(C2=O)C(=C(CS3)C[N+]4=CC=CC5=C4CCC5)C(=O)[O-],-7.5
Triamcinolone hexacetonide,5611-51-8,CC1(OC2CC3C4CCC5=CC(=O)C=CC5(C4(C(CC3(C2(O1)C(=O)COC(=O)CC(C)(C)C)C)O)F)C)C,-7.5
Papaverine hydrochloride,61-25-6,COC1=C(C=C(C=C1)CC2=NC=CC3=CC(=C(C=C32)OC)OC)OC.Cl,-7.5
Ondansetron,99614-02-5,Cn1c2CCC(Cn3ccnc3C)C(=O)c2c4ccccc14,-7.5
Troxerutin,7085-55-4,CC1OC(OCC2OC(OC3=C(Oc4cc(O)cc(O)c4C3=O)c5ccc(O)c(O)c5)C(O)C(O)C2O)C(O)C(O)C1O,-7.5
Bendroflumethiazide,73-48-3,N[S](=O)(=O)c1cc2c(NC(Cc3ccccc3)N[S]2(=O)=O)cc1C(F)(F)F,-7.5
Rescinnamine,24815-24-5,CO[C@H]1[C@@H](C[C@@H]2CN3CCc4c([nH]c5cc(OC)ccc45)[C@H]3C[C@@H]2[C@@H]1C(=O)OC)OC(=O)\C=C\c6cc(OC)c(OC)c(OC)c6,-7.5
Flavin mononucleotide,146-17-8,CC1=CC2=C(C=C1C)N(C3=NC(=O)NC(=O)C3=N2)CC(C(C(COP(=O)(O)O)O)O)O,-7.5
Tenoxicam,59804-37-4,CN1C(=C(\O)Nc2ccccn2)/C(=O)c3sccc3[S]1(=O)=O,-7.5
Rilpivirine hydrochloride,700361-47-3,CC1=CC(=CC(=C1NC2=NC(=NC=C2)NC3=CC=C(C=C3)C#N)C)C=CC#N.Cl,-7.5
Triamcinolone diacetate,67-78-7,CC(=O)OCC(=O)C1(C(CC2C1(CC(C3(C2CCC4=CC(=O)C=CC43C)F)O)C)OC(=O)C)O,-7.5
Mometasone furoate,83919-23-7,CC1CC2C3CCC4=CC(=O)C=CC4(C3(C(CC2(C1(C(=O)CCl)OC(=O)C5=CC=CO5)C)O)Cl)C,-7.5
Moperone,1050-79-9,Cc1ccc(cc1)C2(O)CCN(CCCC(=O)c3ccc(F)cc3)CC2,-7.5
Ramosetron hydrochloride,132907-72-3,CN1C=C(C2=CC=CC=C21)C(=O)C3CCC4=C(C3)NC=N4.Cl,-7.5
Rosoxacin,40034-42-2,CCN1C=C(C(O)=O)C(=O)c2ccc(cc12)c3ccncc3,-7.5
Flumethasone pivalate,2002-29-1,CC1CC2C3CC(C4=CC(=O)C=CC4(C3(C(CC2(C1(C(=O)COC(=O)C(C)(C)C)O)C)O)F)C)F,-7.5
Benzylhydrochlorothiazide,1824-50-6,N[S](=O)(=O)c1cc2c(NC(Cc3ccccc3)N[S]2(=O)=O)cc1Cl,-7.5
Nylidrin,447-41-6,CC(CCc1ccccc1)NC(C)C(O)c2ccc(O)cc2,-7.5
"Romidepsin (FK228, Depsipeptide)",128517-07-7,CC=C1C(=O)NC(C(=O)OC2CC(=O)NC(C(=O)NC(CSSCCC=C2)C(=O)N1)C(C)C)C(C)C,-7.5
Nefazodone hydrochloride,82752-99-6,CCC1=NN(C(=O)N1CCOC2=CC=CC=C2)CCCN3CCN(CC3)C4=CC(=CC=C4)Cl.Cl,-7.5
Fluoxymesterone,76-43-7,C[C@]1(O)CC[C@H]2[C@@H]3CCC4=CC(=O)CC[C@]4(C)[C@@]3(F)[C@@H](O)C[C@]12C,-7.5
Ivabradine hydrochloride,148849-67-6,CN(CCCN1CCC2=CC(=C(C=C2CC1=O)OC)OC)CC3CC4=CC(=C(C=C34)OC)OC.Cl,-7.5
Afatinib (BIBW2992),439081-18-2,CN(C)CC=CC(=O)NC1=C(C=C2C(=C1)C(=NC=N2)NC3=CC(=C(C=C3)F)Cl)OC4CCOC4,-7.5
Terconazole,67915-31-5,CC(C)N1CCN(CC1)c2ccc(OC[C@H]3CO[C@@](Cn4cncn4)(O3)c5ccc(Cl)cc5Cl)cc2,-7.5
Everolimus (RAD001),159351-69-6,CC1CCC2CC(C(=CC=CC=CC(CC(C(=O)C(C(C(=CC(C(=O)CC(OC(=O)C3CCCCN3C(=O)C(=O)C1(O2)O)C(C)CC4CCC(C(C4)OC)OCCO)C)C)O)OC)C)C)C)OC,-7.5
Mirabegron,223673-61-8,C1=CC=C(C=C1)C(CNCCC2=CC=C(C=C2)NC(=O)CC3=CSC(=N3)N)O,-7.5
Amlexanox,68302-57-8,CC(C)c1ccc2Oc3nc(N)c(cc3C(=O)c2c1)C(O)=O,-7.5
Exemestane,107868-30-4,C[C@]12CC[C@H]3[C@@H](CC(=C)C4=CC(=O)C=C[C@]34C)[C@@H]1CCC2=O,-7.5
Betamethasone dipropionate,5593-20-4,CCC(=O)OCC(=O)C1(C(CC2C1(CC(C3(C2CCC4=CC(=O)C=CC43C)F)O)C)C)OC(=O)CC,-7.5
Farlutin,71-58-9,C[C@H]1C[C@@H]2[C@H](CC[C@@]3(C)[C@H]2CC[C@]3(OC(C)=O)C(C)=O)[C@@]4(C)CCC(=O)C=C14,-7.5
Palonosetron hydrochloride,135729-62-3,C1CC2CN(C(=O)C3=CC=CC(=C23)C1)C4CN5CCC4CC5.Cl,-7.5
Gramicidin,1405-97-6,CC(C)C[C@@H](NC(=O)[C@H](C)NC(=O)CNC(=O)[C@@H](NC=O)C(C)C)C(=O)N[C@@H](C)C(=O)N[C@H](C(C)C)C(=O)N[C@@H](C(C)C)C(=O)N[C@@H](C(C)C)C(=O)N[C@@H](Cc1c[nH]c2ccccc12)C(=O)N[C@H](CC(C)C)C(=O)N[C@@H](Cc3c[nH]c4ccccc34)C(=O)N[C@H](CC(C)C)C(=O)N[C@@H](Cc5c[nH]c6ccccc56)C(=O)N[C@H](CC(C)C)C(=O)N[C@@H](Cc7c[nH]c8ccccc78)C(=O)NCCO,-7.5
Amoxicillin,26787-78-0,O.O.O.CC1(C)S[C@@H]2[C@H](NC(=O)[C@H](N)c3ccc(O)cc3)C(=O)N2[C@H]1C(O)=O,-7.5
Medrysone,2668-66-8,C[C@H]1C[C@H]2[C@@H]3CC[C@H](C(C)=O)[C@@]3(C)C[C@H](O)[C@@H]2[C@@]4(C)CCC(=O)C=C14,-7.5
Benzthiazide,91-33-8,N[S](=O)(=O)c1cc2c(NC(=N[S]2(=O)=O)CSCc3ccccc3)cc1Cl,-7.5
Budesonide,51333-22-3,CCCC1O[C@@H]2C[C@H]3[C@@H]4CCC5=CC(=O)C=C[C@]5(C)[C@H]4[C@@H](O)C[C@]3(C)[C@@]2(O1)C(=O)CO,-7.5
CID 53627520,-,CC1CCC2CC(C(=CC=CC=CC(CC(C(=O)C(C(C(=CC(C(=O)CC(OC(=O)C3CCCCN3C(=O)C(=O)C1(O2)O)C(C)CC4CCC(C(C4)OC)O)C)C)O)OC)C)C)C)OC,-7.4
Lapatinib,231277-92-2,C[S](=O)(=O)CCNCc1oc(cc1)c2ccc3ncnc(Nc4ccc(OCc5cccc(F)c5)c(Cl)c4)c3c2,-7.4
Tedizolid phosphate,856867-55-5,CN1N=C(N=N1)C2=NC=C(C=C2)C3=C(C=C(C=C3)N4CC(OC4=O)COP(=O)(O)O)F,-7.4
"(1R,2S,5R,7R,8R,9R,11R,13R,14R)-8-[(2S,3R,4S,6R)-4-(Dimethylamino)-3-hydroxy-6-methyloxan-2-yl]oxy-2-ethyl-9-methoxy-1,5,7,9,11,13-hexamethyl-15-[4-(4-pyridin-3-ylimidazol-1-yl)butyl]-3,17-dioxa-15-azabicyclo[12.3.0]heptadecane-4,6,12,16-tetrone",191114-48-4,CC[C@@H]1OC(=O)[C@H](C)C(=O)[C@H](C)[C@@H](O[C@@H]2O[C@H](C)C[C@@H]([C@H]2O)N(C)C)[C@@](C)(C[C@@H](C)C(=O)[C@H](C)[C@H]3N(CCCCn4cnc(c4)c5cccnc5)C(=O)O[C@@]13C)OC,-7.4
Linagliptin,668270-12-0,CC#CCN1C2=C(N=C1N3CCCC(C3)N)N(C(=O)N(C2=O)CC4=NC5=CC=CC=C5C(=N4)C)C,-7.4
Topotecan,123948-87-8,CC[C@@]1(O)C(=O)OCC2=C1C=C3N(Cc4cc5c(CN(C)C)c(O)ccc5nc34)C2=O,-7.4
(S)-Bendroflumethiazide,1245935-40-3,C1=CC=C(C=C1)CC2NC3=C(C=C(C(=C3)C(F)(F)F)S(=O)(=O)N)S(=O)(=O)N2,-7.4
Oxymetholone,434-07-1,C[C@]1(O)CC[C@H]2[C@@H]3CC[C@H]4CC(=O)C(/C[C@]4(C)[C@H]3CC[C@]12C)=C\O,-7.4
Levoleucovorin,68538-85-2,C1C(N(C2=C(N1)N=C(NC2=O)N)C=O)CNC3=CC=C(C=C3)C(=O)NC(CCC(=O)O)C(=O)O,-7.4
Losartan,114798-26-4,CCCCc1nc(Cl)c(CO)n1Cc2ccc(cc2)c3ccccc3c4n[nH]nn4,-7.4
Oxacillin,66-79-5,Cc1onc(c2ccccc2)c1C(=O)N[C@H]3[C@H]4SC(C)(C)[C@@H](N4C3=O)C(O)=O,-7.4
Pancuronium,16974-53-1,CC(=O)OC1CC2CCC3C(C2(CC1[N+]4(CCCCC4)C)C)CCC5(C3CC(C5OC(=O)C)[N+]6(CCCCC6)C)C,-7.4
Cefazolin,25953-19-9,[Na+].Cc1sc(SCC2=C(N3[C@H](SC2)[C@H](NC(=O)Cn4cnnn4)C3=O)C([O-])=O)nn1,-7.4
Loratadine,79794-75-5,CCOC(=O)N1CCC(CC1)=C2c3ccc(Cl)cc3CCc4cccnc24,-7.4
Rucaparib,283173-50-2,CNCC1=CC=C(C=C1)C2=C3CCNC(=O)C4=C3C(=CC(=C4)F)N2,-7.4
Atorvastatin,134523-00-5,CC(C)c1n(CC[C@@H](O)C[C@@H](O)CC(O)=O)c(c2ccc(F)cc2)c(c3ccccc3)c1C(=O)Nc4ccccc4,-7.4
"(6R,7S,10R,11R,21S)-6-[2-(Diethylamino)ethylsulfonyl]-21-hydroxy-11,19-dimethyl-10-propan-2-yl-9,26-dioxa-3,15,28-triazatricyclo[23.2.1.03,7]octacosa-1(27),12,17,19,25(28)-pentaene-2,8,14,23-tetrone",112362-50-2,CCN(CC)CC[S](=O)(=O)[C@@H]1CCN2[C@H]1C(=O)O[C@H](C(C)C)[C@H](C)C=CC(=O)NCC=CC(=C[C@@H](O)CC(=O)Cc3occ(n3)C2=O)C,-7.4
"(3S)-3,6-Diamino-N-[[(2S,5S,8E,11S,15S)-15-amino-11-[(6R)-2-amino-1,4,5,6-tetrahydropyrimidin-6-yl]-8-[(carbamoylamino)methylidene]-2-(hydroxymethyl)-3,6,9,12,16-pentaoxo-1,4,7,10,13-pentazacyclohexadec-5-yl]methyl]hexanamide",-,NCCC[C@H](N)CC(=O)NC[C@@H]1NC(=O)[C@H](CO)NC(=O)[C@@H](N)CNC(=O)[C@@H](NC(=O)\C(NC1=O)=C/NC(N)=O)[C@H]2CCN=C(N)N2,-7.4
Ursodeoxycholic acid,128-13-2,CC(CCC(=O)O)C1CCC2C1(CCC3C2C(CC4C3(CCC(C4)O)C)O)C,-7.4
(S)-Praziquantel,57452-97-8,C1CCC(CC1)C(=O)N2CC3C4=CC=CC=C4CCN3C(=O)C2,-7.4
Triamcinolone,124-94-7,C[C@]12C[C@H](O)[C@@]3(F)[C@@H](CCC4=CC(=O)C=C[C@]34C)[C@@H]1C[C@@H](O)[C@]2(O)C(=O)CO,-7.4
Belinostat,866323-14-0,ONC(=O)/C=C/c1cccc(c1)[S](=O)(=O)Nc2ccccc2,-7.4
Aripiprazole,129722-12-9,Clc1cccc(N2CCN(CCCCOc3ccc4CCC(=O)Nc4c3)CC2)c1Cl,-7.4
Dantrolene,7261-97-4,[O-][N+](=O)c1ccc(cc1)c2oc(cc2)\C=N\N3CC(=O)NC3=O,-7.4
S-(+)-Flecainide,-,C1CCNC(C1)CNC(=O)C2=C(C=CC(=C2)OCC(F)(F)F)OCC(F)(F)F,-7.4
Paroxetine,61869-08-7,Fc1ccc(cc1)[C@@H]2CCNC[C@H]2COc3ccc4OCOc4c3,-7.4
(R)-Sulindac,190967-68-1,CC1=C(C2=C(C1=CC3=CC=C(C=C3)S(=O)C)C=CC(=C2)F)CC(=O)O,-7.4
Triazolam,28911-01-5,Cc1nnc2CN=C(c3ccccc3Cl)c4cc(Cl)ccc4n12,-7.4
Sunitinib,557795-19-4,CCN(CC)CCNC(=O)c1c(C)[nH]c(\C=C2/C(=O)Nc3ccc(F)cc23)c1C,-7.4
Chenodeoxycholic acid,474-25-9,CC(CCC(=O)O)C1CCC2C1(CCC3C2C(CC4C3(CCC(C4)O)C)O)C,-7.4
Diacetyl benzoyl lathyrol,218916-52-0,CC1CC2(C(C1OC(=O)C3=CC=CC=C3)C(C(=C)CCC4C(C4(C)C)C=C(C2=O)C)OC(=O)C)OC(=O)C,-7.4
Silodosin,160970-54-7,C[C@H](Cc1cc2CCN(CCCO)c2c(c1)C(N)=O)NCCOc3ccccc3OCC(F)(F)F,-7.4
Hydrocodone,125-29-1,COc1ccc2C[C@@H]3[C@@H]4CCC(=O)[C@@H]5Oc1c2[C@]45CCN3C,-7.4
"(5S)-5-[[4-[2-(5-Ethylpyridin-2-yl)ethoxy]phenyl]methyl]-1,3-thiazolidine-2,4-dione",-,CCc1ccc(CCOc2ccc(C[C@@H]3SC(=O)NC3=O)cc2)nc1,-7.4
Obeticholic acid,459789-99-2,CCC1C2CC(CCC2(C3CCC4(C(C3C1O)CCC4C(C)CCC(=O)O)C)C)O,-7.4
Ingenol mebutate,75567-37-2,CC=C(C)C(=O)OC1C(=CC23C1(C(C(=CC(C2=O)C4C(C4(C)C)CC3C)CO)O)O)C,-7.4
Testosterone,58-22-0,C[C@]12CC[C@H]3[C@@H](CCC4=CC(=O)CC[C@]34C)[C@@H]1CC[C@@H]2O,-7.4
Retapamulin,224452-66-8,C[C@@H]1CC[C@@]23CCC(=O)[C@H]2[C@]1(C)[C@@H](C[C@@](C)(C=C)[C@@H](O)[C@@H]3C)OC(=O)CSC4C[C@@H]5CC[C@H](C4)N5C,-7.4
"(2R,6S)-9-Chloro-4-methyl-13-oxa-4-azatetracyclo[12.4.0.02,6.07,12]octadeca-1(18),7(12),8,10,14,16-hexaene",-,CN1C[C@@H]2[C@H](C1)c3cc(Cl)ccc3Oc4ccccc24,-7.4
Apremilast,608141-41-9,CCOC1=C(C=CC(=C1)C(CS(=O)(=O)C)N2C(=O)C3=C(C2=O)C(=CC=C3)NC(=O)C)OC,-7.4
(R)-Prasugrel,1437766-66-9,CC(=O)OC1=CC2=C(S1)CCN(C2)C(C3=CC=CC=C3F)C(=O)C4CC4,-7.4
Fentanyl,437-38-7,CCC(=O)N(C1CCN(CC1)CCc2ccccc2)c3ccccc3,-7.4
"(8R,9R,10R,13S,14R,17R)-13-Ethyl-17-ethynyl-3-hydroxyimino-1,2,6,7,8,9,10,11,12,14,15,16-dodecahydrocyclopenta[a]phenanthren-17-ol",-,CC[C@]12CC[C@@H]3[C@@H](CCC4=CC(CC[C@H]34)=NO)[C@H]1CC[C@@]2(O)C#C,-7.4
Bimatoprost,155206-00-1,CCNC(=O)CCC\C=C/C[C@H]1[C@@H](O)C[C@@H](O)[C@@H]1\C=C\[C@@H](O)CCc2ccccc2,-7.4
Ketotifen,34580-13-7,CN1CCC(CC1)=C2c3ccccc3CC(=O)c4sccc24,-7.4
Voriconazole,137234-62-9,C[C@@H](c1ncncc1F)[C@](O)(Cn2cncn2)c3ccc(F)cc3F,-7.4
Teriflunomide,108605-62-5,CC(=O)\C(C#N)=C(/O)Nc1ccc(cc1)C(F)(F)F,-7.4
Colchicine,64-86-8,COC1=CC=C2C(=CC1=O)[C@H](CCc3cc(OC)c(OC)c(OC)c23)NC(C)=O,-7.4
Proflavine,92-62-6,Nc1ccc2cc3ccc(N)cc3nc2c1,-7.4
Quinapril,85441-61-8,CCOC(=O)[C@H](CCc1ccccc1)N[C@@H](C)C(=O)N2Cc3ccccc3C[C@H]2C(O)=O,-7.4
Bicalutamide,90357-06-5,CC(O)(C[S](=O)(=O)c1ccc(F)cc1)C(=O)Nc2ccc(C#N)c(c2)C(F)(F)F,-7.4
Gestrinone,16320-04-0,CC[C@]12C=CC3=C4CCC(=O)C=C4CC[C@H]3[C@@H]1CC[C@@]2(O)C#C,-7.4
Nebivolol,99200-09-6,OC(CNCC(O)C1CCc2cc(F)ccc2O1)C3CCc4cc(F)ccc4O3,-7.4
Pantoprazole,102625-70-7,COc1ccnc(C[S](=O)c2[nH]c3cc(OC(F)F)ccc3n2)c1OC,-7.4
Abiraterone acetate,154229-18-2,CC(=O)OC1CCC2(C3CCC4(C(C3CC=C2C1)CC=C4C5=CN=CC=C5)C)C,-7.4
Fludrocortisone acetate,514-36-3,CC(=O)OCC(=O)C1(CCC2C1(CC(C3(C2CCC4=CC(=O)CCC43C)F)O)C)O,-7.4
Acetohexamide,968-81-0,CC(=O)c1ccc(cc1)[S](=O)(=O)NC(=O)NC2CCCCC2,-7.4
Nifuroxazide,965-52-6,Oc1ccc(cc1)C(=O)N/N=C/c2oc(cc2)[N+]([O-])=O,-7.4
Prasugrel hydrochloride,389574-19-0,CC(=O)OC1=CC2=C(S1)CCN(C2)C(C3=CC=CC=C3F)C(=O)C4CC4.Cl,-7.4
Budesonide,51333-22-3,CCCC1O[C@@H]2C[C@H]3[C@@H]4CCC5=CC(=O)C=C[C@]5(C)[C@H]4[C@@H](O)C[C@]3(C)[C@@]2(O1)C(=O)CO,-7.4
Pomalidomide,19171-19-8,C1CC(=O)NC(=O)C1N2C(=O)C3=C(C2=O)C(=CC=C3)N,-7.4
Colistin,1066-17-7,CCC(C)CCCC(=O)N[C@@H](CCN)C(=O)N[C@@H]([C@@H](C)O)C(=O)N[C@@H](CCN)C(=O)N[C@H]1CCNC(=O)[C@@H](NC(=O)[C@H](CCN)NC(=O)[C@H](CCN)NC(=O)[C@H](CC(C)C)NC(=O)[C@@H](CC(C)C)NC(=O)[C@H](CCN)NC1=O)[C@@H](C)O,-7.4
Hetacillin,3511-16-8,CC1(C)N[C@@H](C(=O)N1[C@H]2[C@H]3SC(C)(C)[C@@H](N3C2=O)C(O)=O)c4ccccc4,-7.4
Testosterone phenylpropionate,1255-49-8,CC12CCC3C(C1CCC2OC(=O)CCC4=CC=CC=C4)CCC5=CC(=O)CCC35C,-7.4
Estriol,50-27-1,C[C@]12CC[C@H]3[C@@H](CCc4cc(O)ccc34)[C@@H]1C[C@@H](O)[C@@H]2O,-7.4
Betamethasone dipropionate,5593-20-4,CCC(=O)OCC(=O)C1(C(CC2C1(CC(C3(C2CCC4=CC(=O)C=CC43C)F)O)C)C)OC(=O)CC,-7.4
Benazepril hydrochloride,86541-74-4,CCOC(=O)C(CCC1=CC=CC=C1)NC2CCC3=CC=CC=C3N(C2=O)CC(=O)O.Cl,-7.4
Benzarone,1477-19-6,CCc1oc2ccccc2c1C(=O)c3ccc(O)cc3,-7.4
Zopiclone,43200-80-2,CN1CCN(CC1)C(=O)OC2N(C(=O)c3nccnc23)c4ccc(Cl)cn4,-7.4
Gliclazide,21187-98-4,Cc1ccc(cc1)[S](=O)(=O)NC(=O)NN2CC3CCCC3C2,-7.4
Norethindrone acetate,51-98-9,CC(=O)OC1(CCC2C1(CCC3C2CCC4=CC(=O)CCC34)C)C#C,-7.4
Estriol succinate,514-68-1,CC12CCC3C(C1CC(C2OC(=O)CCC(=O)O)OC(=O)CCC(=O)O)CCC4=C3C=CC(=C4)O,-7.4
Tyrothricin,1404-88-2,CC(C)CC1NC(=O)C(CCCN)NC(=O)C(NC(=O)C(Cc2ccc(O)cc2)NC(=O)C(CCC(O)=O)NC(=O)C(CC(O)=O)NC(=O)C(Cc3ccccc3)NC(=O)C(Cc4ccccc4)NC(=O)C5CCCN5C(=O)C(Cc6ccccc6)NC1=O)C(C)C,-7.4
Valsartan,137862-53-4,CCCCC(=O)N(Cc1ccc(cc1)c2ccccc2c3n[nH]nn3)[C@@H](C(C)C)C(O)=O,-7.4
Abiraterone Acetate,154229-18-2,CC(=O)OC1CCC2(C3CCC4(C(C3CC=C2C1)CC=C4C5=CN=CC=C5)C)C,-7.4
Regadenoson,313348-27-5,CNC(=O)c1cnn(c1)c2nc(N)c3ncn([C@@H]4O[C@H](CO)[C@@H](O)[C@H]4O)c3n2,-7.4
Dienogest,65928-58-7,C[C@]12CCC3=C4CCC(=O)C=C4CC[C@H]3[C@@H]1CC[C@@]2(O)CC#N,-7.4
Ulipristal acetate,126784-99-4,CC(=O)C1(CCC2C1(CC(C3=C4CCC(=O)C=C4CCC23)C5=CC=C(C=C5)N(C)C)C)OC(=O)C,-7.4
"Temsirolimus (CCI-779, NSC 683864)",162635-04-3,CC1CCC2CC(C(=CC=CC=CC(CC(C(=O)C(C(C(=CC(C(=O)CC(OC(=O)C3CCCCN3C(=O)C(=O)C1(O2)O)C(C)CC4CCC(C(C4)OC)OC(=O)C(C)(CO)CO)C)C)O)OC)C)C)C)OC,-7.4
Crizotinib (PF-02341066),877399-52-5,CC(C1=C(C=CC(=C1Cl)F)Cl)OC2=C(N=CC(=C2)C3=CN(N=C3)C4CCNCC4)N,-7.4
Enalapril,75847-73-3,CCOC(=O)[C@H](CCc1ccccc1)N[C@@H](C)C(=O)N2CCC[C@H]2C(O)=O,-7.4
Norethindrone,68-22-4,C[C@]12CC[C@H]3[C@@H](CCC4=CC(=O)CC[C@H]34)[C@@H]1CC[C@@]2(O)C#C,-7.4
Desonide,638-94-8,CC1(C)O[C@@H]2C[C@H]3C4CCC5=CC(=O)C=CC5(C)[C@H]4C(O)CC3(C)[C@@]2(O1)C(=O)CO,-7.4
Estradiol,50-28-2,C[C@]12CC[C@H]3[C@@H](CCc4cc(O)ccc34)[C@@H]1CC[C@@H]2O,-7.4
Cloxacillin sodium monohydrate,7081-44-9,CC1=C(C(=NO1)C2=CC=CC=C2Cl)C(=O)NC3C4N(C3=O)C(C(S4)(C)C)C(=O)[O-].O.[Na+],-7.4
Aquacrine,53-16-7,C[C@]12CC[C@H]3[C@@H](CCc4cc(O)ccc34)[C@@H]1CCC2=O,-7.4
Clevidipine butyrate,167221-71-8,CCCC(=O)OCOC(=O)C1=C(NC(=C(C1C2=C(C(=CC=C2)Cl)Cl)C(=O)OC)C)C,-7.4
Chenodeoxycholic acid,474-25-9,CC(CCC(=O)O)C1CCC2C1(CCC3C2C(CC4C3(CCC(C4)O)C)O)C,-7.4
Triamcinolone,124-94-7,C[C@]12C[C@H](O)[C@@]3(F)[C@@H](CCC4=CC(=O)C=C[C@]34C)[C@@H]1C[C@@H](O)[C@]2(O)C(=O)CO,-7.4
Reserpine,50-55-5,CO[C@H]1[C@@H](C[C@@H]2CN3CCc4c([nH]c5cc(OC)ccc45)[C@H]3C[C@@H]2[C@@H]1C(=O)OC)OC(=O)c6cc(OC)c(OC)c(OC)c6,-7.4
Niclosamide,50-65-7,Oc1ccc(Cl)cc1C(=O)Nc2ccc(cc2Cl)[N+]([O-])=O,-7.4
Finasteride,98319-26-7,CC(C)(C)NC(=O)[C@H]1CC[C@H]2[C@@H]3CC[C@H]4NC(=O)C=C[C@]4(C)[C@H]3CC[C@]12C,-7.4
Sulindac,38194-50-2,CC\1=C(CC(O)=O)c2cc(F)ccc2C1=C\c3ccc(cc3)[S](C)=O,-7.4
Valdecoxib,181695-72-7,Cc1onc(c2ccccc2)c1c3ccc(cc3)[S](N)(=O)=O,-7.4
Etoposide,33419-42-0,COc1cc(cc(OC)c1O)[C@H]2[C@@H]3C(COC3=O)[C@H](O[C@@H]4O[C@@H]5CO[C@@H](C)O[C@H]5[C@H](O)[C@H]4O)c6cc7OCOc7cc26,-7.4
Ceritinib,1032900-25-6,CC1=CC(=C(C=C1C2CCNCC2)OC(C)C)NC3=NC=C(C(=N3)NC4=CC=CC=C4S(=O)(=O)C(C)C)Cl,-7.3
Delavirdine,136817-59-9,CC(C)Nc1cccnc1N2CCN(CC2)C(=O)c3[nH]c4ccc(N[S](C)(=O)=O)cc4c3,-7.3
Montelukast,158966-92-8,CC(C)(O)c1ccccc1CC[C@@H](SCC2(CC2)CC(O)=O)c3cccc(\C=C\c4ccc5ccc(Cl)cc5n4)c3,-7.3
Delafloxacin,189279-58-1,C1C(CN1C2=C(C=C3C(=C2Cl)N(C=C(C3=O)C(=O)O)C4=C(C=C(C(=N4)N)F)F)F)O,-7.3
(R)-Bicalutamide,113299-40-4,CC(CS(=O)(=O)C1=CC=C(C=C1)F)(C(=O)NC2=CC(=C(C=C2)C#N)C(F)(F)F)O,-7.3
Copanlisib,1032568-63-0,COC1=C(C=CC2=C3NCCN3C(=NC(=O)C4=CN=C(N=C4)N)N=C21)OCCCN5CCOCC5,-7.3
Sildenafil,139755-83-2,CCCc1nn(C)c2C(=O)N=C(Nc12)c3cc(ccc3OCC)[S](=O)(=O)N4CCN(C)CC4,-7.3
Etoposide,33419-42-0,COc1cc(cc(OC)c1O)[C@H]2[C@@H]3C(COC3=O)[C@H](O[C@@H]4O[C@@H]5CO[C@@H](C)O[C@H]5[C@H](O)[C@H]4O)c6cc7OCOc7cc26,-7.3
(E)-Ceftriaxone,73384-59-5,CN1C(=NC(=O)C(=O)N1)SCC2=C(N3C(C(C3=O)NC(=O)C(=NOC)C4=CSC(=N4)N)SC2)C(=O)O,-7.3
Vardenafil,224785-90-4,CCCc1nc(C)c2n1NC(=NC2=O)c3cc(ccc3OCC)[S](=O)(=O)N4CCN(CC)CC4,-7.3
Ent-Atorvastatin,110862-48-1,CC(C)C1=C(C(=C(N1CCC(CC(CC(=O)O)O)O)C2=CC=C(C=C2)F)C3=CC=CC=C3)C(=O)NC4=CC=CC=C4,-7.3
Vandetanib,443913-73-3,COc1cc2c(Nc3ccc(Br)cc3F)ncnc2cc1OCC4CCN(C)CC4,-7.3
CID 92851324,-,CCCCC(=O)OCC(=O)C1(CC(C2=C(C1)C(=C3C(=C2O)C(=O)C4=C(C3=O)C=CC=C4OC)O)OC5CC(C(C(O5)C)O)NC(=O)C(F)(F)F)O,-7.3
Cangrelor,163706-06-7,CSCCNc1nc(SCCC(F)(F)F)nc2n(cnc12)[C@@H]3O[C@H](CO[P](O)(=O)O[P](O)(=O)C(Cl)(Cl)[P](O)(O)=O)[C@@H](O)[C@H]3O,-7.3
Loperamide,53179-11-6,CN(C)C(=O)C(CCN1CCC(O)(CC1)c2ccc(Cl)cc2)(c3ccccc3)c4ccccc4,-7.3
Osimertinib,1421373-65-0,CN1C=C(C2=CC=CC=C21)C3=NC(=NC=C3)NC4=C(C=C(C(=C4)NC(=O)C=C)N(C)CCN(C)C)OC,-7.3
Doxycycline,564-25-0,O.C[C@@H]1[C@H]2[C@H](O)[C@H]3[C@H](N(C)C)C(=O)C(=C(N)/O)/C(=O)[C@@]3(O)C(=O)C2=C(O)c4c(O)cccc14,-7.3
Trospium,47608-32-2,C1CC[N+]2(C1)C3CCC2CC(C3)OC(=O)C(C4=CC=CC=C4)(C5=CC=CC=C5)O,-7.3
Eszopiclone,138729-47-2,CN1CCN(CC1)C(=O)O[C@@H]2N(C(=O)c3nccnc23)c4ccc(Cl)cn4,-7.3
"1-Methyl-N-[(1S,5S)-9-methyl-9-azabicyclo[3.3.1]nonan-3-yl]-3-indazolecarboxamide",-,CN1[C@H]2CCC[C@H]1CC(C2)NC(=O)c3nn(C)c4ccccc34,-7.3
Carbamazepine,298-46-4,NC(=O)N1c2ccccc2C=Cc3ccccc13,-7.3
Cholic acid,81-25-4,CC(CCC(=O)O)C1CCC2C1(C(CC3C2C(CC4C3(CCC(C4)O)C)O)O)C,-7.3
Haloperidol,52-86-8,OC1(CCN(CCCC(=O)c2ccc(F)cc2)CC1)c3ccc(Cl)cc3,-7.3
Finasteride,98319-26-7,CC(C)(C)NC(=O)[C@H]1CC[C@H]2[C@@H]3CC[C@H]4NC(=O)C=C[C@]4(C)[C@H]3CC[C@]12C,-7.3
"(1S,2R,5S,7R,9R,10S,14R,15S,19S)-15-[(2R,5S,6R)-5-(Dimethylamino)-6-methyloxan-2-yl]oxy-19-ethyl-14-methyl-7-[(1R,2S,3R,4S,5R)-2,3,4-trimethoxy-5-methylcyclohexyl]oxy-20-oxatetracyclo[10.10.0.02,10.05,9]docosa-3,11-diene-13,21-dione",-,CC[C@H]1CCC[C@H](O[C@H]2CC[C@@H]([C@@H](C)O2)N(C)C)[C@@H](C)C(=O)C3=C[C@H]4[C@@H]5C[C@@H](C[C@H]5C=C[C@H]4[C@@H]3CC(=O)O1)O[C@@H]6C[C@@H](C)[C@H](OC)[C@@H](OC)[C@H]6OC,-7.3
Unii-R43D2573WO,98048-97-6,CCC(=O)OC(C(C)C)OP(=O)(CCCCC1=CC=CC=C1)CC(=O)N2CC(CC2C(=O)O)C3CCCCC3,-7.3
Diosmetin,520-34-3,COc1ccc(cc1O)C2=CC(=O)c3c(O)cc(O)cc3O2,-7.3
Dapagliflozin,461432-26-8,CCOC1=CC=C(C=C1)CC2=C(C=CC(=C2)C3C(C(C(C(O3)CO)O)O)O)Cl,-7.3
(S)-Sulindac,149116-77-8,CC1=C(C2=C(C1=CC3=CC=C(C=C3)S(=O)C)C=CC(=C2)F)CC(=O)O,-7.3
Amoxicillin,26787-78-0,O.O.O.CC1(C)S[C@@H]2[C@H](NC(=O)[C@H](N)c3ccc(O)cc3)C(=O)N2[C@H]1C(O)=O,-7.3
Alprazolam,28981-97-7,Cc1nnc2CN=C(c3ccccc3)c4cc(Cl)ccc4n12,-7.3
Unii-5Q55M3D9UA,99341-02-3,CC1C(C(=O)N1S(=O)(=O)O)NC(=O)C(=NOC(C)(C)C(=O)O)C2=CSC(=N2)N,-7.3
Melengestro acetate,425-51-4,CC(=O)C1(CCC2C1(CCC3C2C=CC4=CC(=O)CCC34C)C)OC(=O)C,-7.3
Fluvastatine,93957-54-1,CC(C)N1C2=CC=CC=C2C(=C1C=CC(CC(CC(=O)O)O)O)C3=CC=C(C=C3)F,-7.3
Fluvastatin,93957-54-1,CC(C)n1c2ccccc2c(c3ccc(F)cc3)c1\C=C\[C@@H](O)C[C@H](O)CC(O)=O,-7.3
"(2S,4S)-4-Cyclohexyl-1-[2-[[(1R)-2-methyl-1-propanoyloxypropoxy]-(4-phenylbutyl)phosphoryl]acetyl]pyrrolidine-2-carboxylic acid",-,CCC(=O)OC(C(C)C)OP(=O)(CCCCC1=CC=CC=C1)CC(=O)N2CC(CC2C(=O)O)C3CCCCC3,-7.3
Hydromorphone,466-99-9,CN1CC[C@@]23[C@H]4CCC(=O)[C@@H]2Oc5c(O)ccc(C[C@@H]14)c35,-7.3
Asenapine,65576-45-6,CN1CC2C(C1)C3=C(C=CC(=C3)Cl)OC4=CC=CC=C24,-7.3
Homoharringtonine,26833-87-4,COC1=C[C@]23CCCN2CCc4cc5OCOc5cc4[C@]3(C)C1OC(=O)[C@@](O)(CCCC(C)(C)O)CC(O)=O,-7.3
Asenapine maleate,65576-45-6,CN1CC2C(C1)C3=C(C=CC(=C3)Cl)OC4=CC=CC=C24.C(=CC(=O)O)C(=O)O,-7.3
Nilutamide,63612-50-0,CC1(C)NC(=O)N(c2ccc(c(c2)C(F)(F)F)[N+]([O-])=O)C1=O,-7.3
(-)-Pantoprazole,142678-35-1,COC1=C(C(=NC=C1)CS(=O)C2=NC3=C(N2)C=C(C=C3)OC(F)F)OC,-7.3
Tafluprost,209860-87-7,CC(C)OC(=O)CCC/C=C/CC1C(O)CC(O)C1\C=C\C(F)(F)COc2ccccc2,-7.3
S-Epinastine,-,C1C2C3=CC=CC=C3CC4=CC=CC=C4N2C(=N1)N,-7.3
Mitoxantrone,65271-80-9,OCCNCCNc1ccc(NCCNCCO)c2C(=O)c3c(O)ccc(O)c3C(=O)c12,-7.3
Dextromethorphan,125-71-3,COc1ccc2C[C@H]3[C@H]4CCCC[C@@]4(CCN3C)c2c1,-7.3
Methylnaltrexone,83387-25-1,C[N+]1(CC[C@]23[C@H]4Oc5c(O)ccc(C[C@@H]1[C@]2(O)CCC4=O)c35)CC6CC6,-7.3
Apomorphine,58-00-4,CN1CCc2cccc3c2[C@H]1Cc4ccc(O)c(O)c34,-7.3
Butenafine,101828-21-1,CN(Cc1ccc(cc1)C(C)(C)C)Cc2cccc3ccccc23,-7.3
Diflunisal,22494-42-4,OC(=O)c1cc(ccc1O)c2ccc(F)cc2F,-7.3
Methoxsalen,298-81-7,COc1c2occc2cc3C=CC(=O)Oc13,-7.3
Methandrostenolone,72-63-9,C[C@]1(O)CC[C@H]2[C@@H]3CCC4=CC(=O)C=C[C@]4(C)[C@H]3CC[C@]12C,-7.3
Testosterone enanthate,315-37-7,CCCCCCC(=O)OC1CCC2C1(CCC3C2CCC4=CC(=O)CCC34C)C,-7.3
Ceftazidime,72558-82-8,CC(C)(O/N=C(C(=O)N[C@H]1[C@H]2SCC(=C(N2C1=O)C([O-])=O)C[n+]3ccccc3)/c4csc(N)n4)C(O)=O,-7.3
Tropisetron hydrochloride,105826-92-4,CN1C2CCC1CC(C2)OC(=O)C3=CNC4=CC=CC=C43.Cl,-7.3
Octreotide acetate,83150-76-9,CC(C1C(=O)NC(CSSCC(C(=O)NC(C(=O)NC(C(=O)NC(C(=O)N1)CCCCN)CC2=CNC3=CC=CC=C32)CC4=CC=CC=C4)NC(=O)C(CC5=CC=CC=C5)N)C(=O)NC(CO)C(C)O)O.CC(=O)O,-7.3
Glafenine,3820-67-5,OCC(O)COC(=O)c1ccccc1Nc2ccnc3cc(Cl)ccc23,-7.3
Dehydrocholic acid,81-23-2,CC(CCC(=O)O)C1CCC2C1(C(=O)CC3C2C(=O)CC4C3(CCC(=O)C4)C)C,-7.3
Prazosin hydrochloride,19237-84-4,COC1=C(C=C2C(=C1)C(=NC(=N2)N3CCN(CC3)C(=O)C4=CC=CO4)N)OC.Cl,-7.3
Olmesartan medoxomil,144689-63-4,CCCC1=NC(=C(N1CC2=CC=C(C=C2)C3=CC=CC=C3C4=NNN=N4)C(=O)OCC5=C(OC(=O)O5)C)C(C)(C)O,-7.3
Cefepime,88040-23-7,CO/N=C(C(=O)N[C@H]1[C@H]2SCC(=C(N2C1=O)C([O-])=O)C[N+]3(C)CCCC3)/c4csc(N)n4,-7.3
Indapamide,26807-65-8,CC1Cc2ccccc2N1NC(=O)c3ccc(Cl)c(c3)[S](N)(=O)=O,-7.3
Naphazoline hydrochloride,550-99-2,C1CN=C(N1)CC2=CC=CC3=CC=CC=C32.Cl,-7.3
Medroxyprogesterone,520-85-4,C[C@H]1C[C@@H]2[C@H](CC[C@@]3(C)[C@H]2CC[C@]3(O)C(C)=O)[C@@]4(C)CCC(=O)C=C14,-7.3
Pirenzepine hydrochloride,29868-97-1,CN1CCN(CC1)CC(=O)N2C3=CC=CC=C3C(=O)NC4=C2N=CC=C4.Cl.Cl,-7.3
Methandriol,521-10-8,C[C@]1(O)CC[C@H]2[C@@H]3CC=C4C[C@@H](O)CC[C@]4(C)[C@H]3CC[C@]12C,-7.3
Thalidomide,50-35-1,O=C1CCC(N2C(=O)c3ccccc3C2=O)C(=O)N1,-7.3
Troleandomycin,311074,CO[C@H]1C[C@@H](O[C@@H](C)[C@@H]1OC(C)=O)O[C@H]2[C@H](C)[C@@H](O[C@@H]3O[C@H](C)C[C@@H]([C@H]3OC(C)=O)N(C)C)[C@@H](C)C[C@@]4(CO4)C(=O)[C@H](C)[C@@H](OC(C)=O)[C@@H](C)[C@@H](C)OC(=O)[C@@H]2C,-7.3
Astemizole,68844-77-9,COc1ccc(CCN2CCC(CC2)Nc3nc4ccccc4n3Cc5ccc(F)cc5)cc1,-7.3
Ethoxazorutoside,30851-76-4,CC1C(C(C(C(O1)OCC2C(C(C(C(O2)OC3=C(OC4=CC(=CC(=C4C3=O)O)O)C5=CC(=C(C=C5)OCCN6CCOCC6)O)O)O)O)O)O)O,-7.3
Betamethasone acetate,987-24-6,CC1CC2C3CCC4=CC(=O)C=CC4(C3(C(CC2(C1(C(=O)COC(=O)C)O)C)O)F)C,-7.3
Cloxazolam,24166-13-0,Clc1ccc2NC(=O)CN3CCOC3(c4ccccc4Cl)c2c1,-7.3
Flunarizine,40218-96-0,Fc1ccc(cc1)C(N2CCN(CC2)C\C=C\c3ccccc3)c4ccc(F)cc4,-7.3
Chlordiazepoxide hydrochloride,438-41-5,CN=C1CN(C(=C2C=C(C=CC2=N1)Cl)C3=CC=CC=C3)O.Cl,-7.3
Bile acid,-,CC(CCC(=O)O)C1CCC2C1(C(CC3C2C(CC4C3(CCC(C4)O)C)O)O)C,-7.3
Metolazone,17560-51-9,CC1Nc2cc(Cl)c(cc2C(=O)N1c3ccccc3C)[S](N)(=O)=O,-7.3
Loperamide hydrochloride,34552-83-5,CN(C)C(=O)C(CCN1CCC(CC1)(C2=CC=C(C=C2)Cl)O)(C3=CC=CC=C3)C4=CC=CC=C4.Cl,-7.3
Morphine hydrochloride,52-26-6,CN1CCC23C4C1CC5=C2C(=C(C=C5)O)OC3C(C=C4)O.Cl,-7.3
Barnidipine hydrochloride,104757-53-1,CC1=C(C(C(=C(N1)C)C(=O)OC2CCN(C2)CC3=CC=CC=C3)C4=CC(=CC=C4)[N+](=O)[O-])C(=O)OC.Cl,-7.3
Pioglitazone,111025-46-8,CCc1ccc(CCOc2ccc(CC3SC(=O)NC3=O)cc2)nc1,-7.3
Mianserin hydrochloride,21535-47-7,CN1CCN2C(C1)C3=CC=CC=C3CC4=CC=CC=C42.Cl,-7.3
Ketoprofen,22071-15-4,CC(C(O)=O)c1cccc(c1)C(=O)c2ccccc2,-7.3
Nalbuphine hydrochloride,23277-43-2,C1CC(C1)CN2CCC34C5C(CCC3(C2CC6=C4C(=C(C=C6)O)O5)O)O.Cl,-7.3
Epinastine hydrochloride,108929-04-0,C1C2C3=CC=CC=C3CC4=CC=CC=C4N2C(=N1)N.Cl,-7.3
Zinacef,55268-75-2,[Na+].CO\N=C(C(=O)N[C@H]1[C@H]2SCC(=C(N2C1=O)C([O-])=O)COC(N)=O)\c3occc3,-7.3
Erythromycin ethylsuccinate,1264-62-6,CCC1C(C(C(C(=O)C(CC(C(C(C(C(C(=O)O1)C)OC2CC(C(C(O2)C)O)(C)OC)C)OC3C(C(CC(O3)C)N(C)C)OC(=O)CCC(=O)OCC)(C)O)C)C)O)(C)O,-7.3
Nimetazepam,2011-67-8,CN1C(=O)CN=C(c2ccccc2)c3cc(ccc13)[N+]([O-])=O,-7.3
Diflucortolone valerate,59198-70-8,CCCCC(=O)OCC(=O)C1C(CC2C1(CC(C3(C2CC(C4=CC(=O)C=CC43C)F)F)O)C)C,-7.3
Deoxycorticosterone acetate,56-47-3,CC(=O)OCC(=O)C1CCC2C1(CCC3C2CCC4=CC(=O)CCC34C)C,-7.3
Cholic Acid,81-25-4,CC(CCC(=O)O)C1CCC2C1(C(CC3C2C(CC4C3(CCC(C4)O)C)O)O)C,-7.3
Dapagliflozin,461432-26-8,CCOC1=CC=C(C=C1)CC2=C(C=CC(=C2)C3C(C(C(C(O3)CO)O)O)O)Cl,-7.3
Belinostat (PXD101),414864-00-9,C1=CC=C(C=C1)NS(=O)(=O)C2=CC=CC(=C2)C=CC(=O)NO,-7.3
Vecuronium bromide,50700-72-6,CC(=O)OC1CC2CCC3C(C2(CC1N4CCCCC4)C)CCC5(C3CC(C5OC(=O)C)[N+]6(CCCCC6)C)C.[Br-],-7.3
Ritonavir,155213-67-5,CC(C)[C@H](NC(=O)N(C)Cc1csc(n1)C(C)C)C(=O)N[C@H](C[C@H](O)[C@H](Cc2ccccc2)NC(=O)OCc3scnc3)Cc4ccccc4,-7.3
Carprofen,53716-49-7,CC(C(O)=O)c1ccc2c([nH]c3ccc(Cl)cc23)c1,-7.3
Trifluoperazine dihydrochloride,440-17-5,CN1CCN(CC1)CCCN2C3=CC=CC=C3SC4=C2C=C(C=C4)C(F)(F)F.Cl.Cl,-7.3
Rivaroxaban,366789-02-8,Clc1sc(cc1)C(=O)NCC2CN(C(=O)O2)c3ccc(cc3)N4CCOCC4=O,-7.3
Topotecan hydrochloride,119413-54-6,CCC1(C2=C(COC1=O)C(=O)N3CC4=CC5=C(C=CC(=C5CN(C)C)O)N=C4C3=C2)O.Cl,-7.3
Beclomethasone dipropionate,1327543,CCC(=O)OCC(=O)C1(C(CC2C1(CC(C3(C2CCC4=CC(=O)C=CC43C)Cl)O)C)C)OC(=O)CC,-7.3
Vitamin D2,50-14-6,CC(C)C(C)C=CC(C)C1CCC2C1(CCCC2=CC=C3CC(CCC3=C)O)C,-7.3
Ethynodiol diacetate,297-76-7,CC(=O)OC1CCC2C3CCC4(C(C3CCC2=C1)CCC4(C#C)OC(=O)C)C,-7.3
Dexamethason acetate,1177-87-3,CC.CC1CC2C3CCC4=CC(=O)C=CC4(C3(C(CC2(C1(C(=O)COC(=O)C)O)C)O)F)C,-7.3
Progesterone,57-83-0,CC(=O)[C@H]1CC[C@H]2[C@@H]3CCC4=CC(=O)CC[C@]4(C)[C@H]3CC[C@]12C,-7.3
Linagliptin,668270-12-0,CC#CCN1C2=C(N=C1N3CCCC(C3)N)N(C(=O)N(C2=O)CC4=NC5=CC=CC=C5C(=N4)C)C,-7.3
Voriconazole,137234-62-9,C[C@@H](c1ncncc1F)[C@](O)(Cn2cncn2)c3ccc(F)cc3F,-7.3
Atazanavir,198904-31-3,COC(=O)N[C@H](C(=O)N[C@@H](Cc1ccccc1)[C@@H](O)CN(Cc2ccc(cc2)c3ccccn3)NC(=O)[C@@H](NC(=O)OC)C(C)(C)C)C(C)(C)C,-7.3
Vardenafil hydrochloride Trihydrate,224785-90-4,CCCC1=NC(=C2N1N=C(NC2=O)C3=C(C=CC(=C3)S(=O)(=O)N4CCN(CC4)CC)OCC)C.O.O.O.Cl,-7.3
Cetirizine dihydrochloride,83881-52-1,C1CN(CCN1CCOCC(=O)O)C(C2=CC=CC=C2)C3=CC=C(C=C3)Cl.Cl.Cl,-7.3
Telithromycin,191114-48-4,CC[C@H]1OC(=O)[C@@H](C)C(=O)[C@H](C)[C@@H](O[C@@H]2O[C@H](C)C[C@@H]([C@H]2O)N(C)C)[C@@](C)(C[C@@H](C)C(=O)[C@H](C)[C@H]3N(CCCCn4cnc(c4)c5cccnc5)C(=O)O[C@]13C)OC,-7.2
Rivaroxaban,366789-02-8,Clc1sc(cc1)C(=O)NCC2CN(C(=O)O2)c3ccc(cc3)N4CCOCC4=O,-7.2
Rifampin,13292-46-1,CC1C=CC=C(C(=O)NC2=C(C(=C3C(=C2O)C(=C(C4=C3C(=O)C(O4)(OC=CC(C(C(C(C(C(C1O)C)O)C)OC(=O)C)C)OC)C)C)O)O)C=NN5CCN(CC5)C)C,-7.2
(S)-Bicalutamide,113299-38-0,CC(CS(=O)(=O)C1=CC=C(C=C1)F)(C(=O)NC2=CC(=C(C=C2)C#N)C(F)(F)F)O,-7.2
Ivacaftor,873054-44-5,CC(C)(C)C1=CC(=C(C=C1NC(=O)C2=CNC3=CC=CC=C3C2=O)O)C(C)(C)C,-7.2
Polydatin,27208-80-6,OC[C@H]1O[C@@H](Oc2cc(O)cc(\C=C\c3ccc(O)cc3)c2)[C@H](O)[C@@H](O)[C@@H]1O,-7.2
Estrone sulfate,481-97-0,CC12CCC3C(C1CCC2=O)CCC4=C3C=CC(=C4)OS(=O)(=O)O,-7.2
Meloxicam,71125-38-7,CN1C(=C(/O)Nc2sc(C)cn2)/C(=O)c3ccccc3[S]1(=O)=O,-7.2
Fluorometholone,426-13-1,C[C@H]1C[C@H]2[C@@H]3CC[C@](O)(C(C)=O)[C@@]3(C)C[C@H](O)[C@]2(F)[C@@]4(C)C=CC(=O)C=C14,-7.2
Nafcillin,147-52-4,[Na+].CCOc1ccc2ccccc2c1C(=O)N[C@H]3[C@H]4SC(C)(C)[C@@H](N4C3=O)C([O-])=O,-7.2
Spironolactone,52-01-7,CC(=O)S[C@@H]1CC2=CC(=O)CC[C@]2(C)[C@H]3CC[C@@]4(C)[C@@H](CC[C@@]45CCC(=O)O5)[C@H]13,-7.2
Selexipag,475086-01-2,CC(C)N(CCCCOCC(=O)NS(=O)(=O)C)C1=CN=C(C(=N1)C2=CC=CC=C2)C3=CC=CC=C3,-7.2
"Atorvastatin, (3S,5R)-",887324-52-9,CC(C)C1=C(C(=C(N1CCC(CC(CC(=O)O)O)O)C2=CC=C(C=C2)F)C3=CC=CC=C3)C(=O)NC4=CC=CC=C4,-7.2
"[4-(4-Amino-6,7-Dimethoxyquinazolin-2-Yl)piperazin-1-Yl][(2r)-Tetrahydrofuran-2-Yl]methanone",-,COc1cc2nc(nc(N)c2cc1OC)N3CCN(CC3)C(=O)[C@H]4CCCO4,-7.2
Desonide,638-94-8,CC1(C)O[C@@H]2C[C@H]3C4CCC5=CC(=O)C=CC5(C)[C@H]4C(O)CC3(C)[C@@]2(O1)C(=O)CO,-7.2
Deoxycholic acid,83-44-3,CC(CCC(=O)O)C1CCC2C1(C(CC3C2CCC4C3(CCC(C4)O)C)O)C,-7.2
Ergocalciferol,50-14-6,CC(C)[C@@H](C)/C=C/[C@@H](C)[C@H]1CC[C@H]2\C(CCC[C@]12C)=C\C=C3/C[C@@H](O)CCC3=C,-7.2
Methylergonovine,113-42-8,CC[C@@H](CO)NC(=O)[C@H]1CN(C)[C@@H]2Cc3c[nH]c4cccc(C2=C1)c34,-7.2
Buspirone,36505-84-7,O=C1CC2(CCCC2)CC(=O)N1CCCCN3CCN(CC3)c4ncccn4,-7.2
Oxandrolone,53-39-4,C[C@]1(O)CC[C@H]2[C@@H]3CC[C@H]4CC(=O)OC[C@]4(C)[C@H]3CC[C@]12C,-7.2
"(2S)-7-Chloro-2-methyl-3-(2-methylphenyl)-4-oxo-1,2-dihydroquinazoline-6-sulfonamide",-,C[C@H]1Nc2cc(Cl)c(cc2C(=O)N1c3ccccc3C)[S](N)(=O)=O,-7.2
Ceftibuten,97519-39-6,O.O.Nc1scc(n1)\C(=C\CC(O)=O)C(=O)N[C@H]2[C@H]3SCC=C(N3C2=O)C(O)=O,-7.2
Estradiol,50-28-2,C[C@]12CC[C@H]3[C@@H](CCc4cc(O)ccc34)[C@@H]1CC[C@@H]2O,-7.2
Oxcarbazepine,28721-07-5,NC(=O)N1c2ccccc2CC(=O)c3ccccc13,-7.2
(2E)-3-[6-[(1Z)-1-(4-Methylphenyl)-3-(1-pyrrolidinyl)-1-propen-1-yl]-2-pyridinyl]-2-propenoic acid,-,CC1=CC=C(C=C1)C(=CCN2CCCC2)C3=CC=CC(=N3)C=CC(=O)O,-7.2
"(2S,4S)-4-Cyclohexyl-1-[2-[[(1R)-2-methyl-1-propanoyloxypropoxy]-(4-phenylbutyl)phosphoryl]acetyl]pyrrolidine-2-carboxylic acid",-,CCC(=O)OC(C(C)C)OP(=O)(CCCCC1=CC=CC=C1)CC(=O)N2CC(CC2C(=O)O)C3CCCCC3,-7.2
Travoprost,157283-68-6,CC(C)OC(=O)CCC\C=C/C[C@H]1[C@@H](O)C[C@@H](O)[C@@H]1\C=C\[C@@H](O)COc2cccc(c2)C(F)(F)F,-7.2
"(5r)-5-{4-[2-(5-Ethylpyridin-2-Yl)ethoxy]benzyl}-1,3-Thiazolidine-2,4-Dione",-,CCc1ccc(CCOc2ccc(C[C@H]3SC(=O)NC3=O)cc2)nc1,-7.2
Megestrol acetate,595-33-5,CC1=CC2C(CCC3(C2CCC3(C(=O)C)OC(=O)C)C)C4(C1=CC(=O)CC4)C,-7.2
Cefixime Anhydrous,97164-56-2,C=CC1=C(N2C(C(C2=O)NC(=O)C(=NOCC(=O)O)C3=CSC(=N3)N)SC1)C(=O)O,-7.2
Levonorgestrel,797-63-7,CC[C@]12CC[C@H]3[C@@H](CCC4=CC(=O)CC[C@H]34)[C@@H]1CC[C@@]2(O)C#C,-7.2
Olsalazine,15722-48-2,OC(=O)c1cc(N\N=C/2C=CC(=O)C(=C2)C(O)=O)ccc1O,-7.2
Clonazepam,1622-61-3,[O-][N+](=O)c1ccc2NC(=O)CN=C(c3ccccc3Cl)c2c1,-7.2
(S)-Prasugrel,1437766-67-0,CC(=O)OC1=CC2=C(S1)CCN(C2)C(C3=CC=CC=C3F)C(=O)C4CC4,-7.2
Roflumilast,162401-32-3,FC(F)Oc1ccc(cc1OCC2CC2)C(=O)Nc3c(Cl)cncc3Cl,-7.2
(R)-Temazepam,52432-57-2,CN1C2=C(C=C(C=C2)Cl)C(=NC(C1=O)O)C3=CC=CC=C3,-7.2
S-Oxazepam,-,C1=CC=C(C=C1)C2=NC(C(=O)NC3=C2C=C(C=C3)Cl)O,-7.2
(R)-Lorazepam,91402-80-1,C1=CC=C(C(=C1)C2=NC(C(=O)NC3=C2C=C(C=C3)Cl)O)Cl,-7.2
"cis-5-Chloro-2,3,3a,12b-tetrahydro-2-methyl-1H-dibenz(2,3:6,7)oxepino(4,5-c)pyrrole",65621-78-5,CN1C[C@@H]2[C@H](C1)c3cc(Cl)ccc3Oc4ccccc24,-7.2
(S)-Temazepam,52432-56-1,CN1C2=C(C=C(C=C2)Cl)C(=NC(C1=O)O)C3=CC=CC=C3,-7.2
(S)-Lorazepam,110032-65-0,C1=CC=C(C(=C1)C2=NC(C(=O)NC3=C2C=C(C=C3)Cl)O)Cl,-7.2
"(3R)-7-Chloro-5-phenyl-3-hydroxy-1H-1,4-benzodiazepin-2(3H)-one",-,O[C@H]1N=C(c2ccccc2)c3cc(Cl)ccc3NC1=O,-7.2
Ramipril,87333-19-5,CCOC(=O)[C@H](CCc1ccccc1)N[C@@H](C)C(=O)N2[C@H]3CCC[C@H]3C[C@H]2C(O)=O,-7.2
Alcaftadine,147084-10-4,CN1CCC(CC1)=C2c3ccccc3CCn4c(C=O)cnc24,-7.2
R-Epinastine,-,C1C2C3=CC=CC=C3CC4=CC=CC=C4N2C(=N1)N,-7.2
Vortioxetine,508233-74-7,CC1=CC(=C(C=C1)SC2=CC=CC=C2N3CCNCC3)C,-7.2
Alogliptin,850649-61-5,CN1C(=O)C=C(N(C1=O)CC2=CC=CC=C2C#N)N3CCCC(C3)N,-7.2
Avobenzone,70356-09-1,COc1ccc(cc1)C(=O)CC(=O)c2ccc(cc2)C(C)(C)C,-7.2
Acitretin,54757-46-9,COc1cc(C)c(\C=C\C(C)=C\C=C\C(C)=C\C(O)=O)c(C)c1C,-7.2
Retigabine,150812-12-7,CCOC(=O)Nc1ccc(NCc2ccc(F)cc2)cc1N,-7.2
Dexketoprofen,22161-81-5,C[C@H](C(O)=O)c1cccc(c1)C(=O)c2ccccc2,-7.2
2-Hydroxy-5-[(1S)-1-hydroxy-2-[[(2R)-4-phenylbutan-2-yl]amino]ethyl]benzamide,83167-32-2,C[C@H](CCc1ccccc1)NC[C@@H](O)c2ccc(O)c(c2)C(N)=O,-7.2
(R)-Ketoprofen,56105-81-8,CC(C1=CC(=CC=C1)C(=O)C2=CC=CC=C2)C(=O)O,-7.2
(3S)-N-Methyl-3-phenyl-3-[4-(trifluoromethyl)phenoxy]propan-1-amine,100568-02-3,CNCC[C@H](Oc1ccc(cc1)C(F)(F)F)c2ccccc2,-7.2
Mebrofenin,78266-06-5,Cc1cc(C)c(NC(=O)CN(CC(O)=O)CC(O)=O)c(C)c1Br,-7.2
"7,8,9,10-Tetrahydro-6,10-methano-6H-pyrazino(2,3-h)(3)benzazepine",249296-44-4,C1NCC2CC1c3cc4nccnc4cc23,-7.2
Levdobutamine,61661-06-1,CC(CCC1=CC=C(C=C1)O)NCCC2=CC(=C(C=C2)O)O,-7.2
Cefixime,79350-37-1,Nc1scc(n1)\C(=N\OCC(O)=O)C(=O)N[C@H]2[C@H]3SCC(=C(N3C2=O)C(O)=O)C=C,-7.2
Hydrocortisone acetate,50-03-3,CC(=O)OCC(=O)C1(CCC2C1(CC(C3C2CCC4=CC(=O)CCC34C)O)C)O,-7.2
Flucloxacillin,5250-39-5,Cc1onc(c1C(=O)N[C@H]2[C@H]3SC(C)(C)[C@@H](N3C2=O)C(O)=O)c4c(F)cccc4Cl,-7.2
Ethisterone,434-03-7,CC12CCC(=O)C=C1CCC3C2CCC4(C)C3CCC4(O)C#C,-7.2
Estriol tripropionate,2236-31-9,CCC(=O)OC1CC2C3CCC4=C(C3CCC2(C1OC(=O)CC)C)C=CC(=C4)OC(=O)CC,-7.2
Carvedilol,72956-09-3,COc1ccccc1OCCNCC(O)COc2cccc3[nH]c4ccccc4c23,-7.2
Flufenamic acid,530-78-9,C1=CC=C(C(=C1)C(=O)O)NC2=CC=CC(=C2)C(F)(F)F,-7.2
Testosterone cypionate,58-20-8,CC12CCC3C(C1CCC2OC(=O)CCC4CCCC4)CCC5=CC(=O)CCC35C,-7.2
Lenalidomide,191732-72-6,Nc1cccc2C(=O)N(Cc12)C3CCC(=O)NC3=O,-7.2
Carbenicillin,4697-36-3,CC1(C)S[C@@H]2[C@H](NC(=O)C(C(O)=O)c3ccccc3)C(=O)N2[C@H]1C(O)=O,-7.2
Bacampicillin hydrochloride,37661-08-8,CCOC(=O)OC(C)OC(=O)C1C(SC2N1C(=O)C2NC(=O)C(C3=CC=CC=C3)N)(C)C.Cl,-7.2
Pivampicillin,33817-20-8,CC(C)(C)C(=O)OCOC(=O)[C@@H]1N2[C@H](SC1(C)C)[C@H](NC(=O)[C@H](N)c3ccccc3)C2=O,-7.2
Protokylol hydrochloride,136-69-6,CC(CC1=CC2=C(C=C1)OCO2)NCC(C3=CC(=C(C=C3)O)O)O.Cl,-7.2
Heparin,9005-49-6,CC(=O)NC1C(O)OC(CO[S](O)(=O)=O)C(OC2OC(C(OC3OC(CO)C(OC4OC(C(O)C(O)C4O[S](O)(=O)=O)C(O)=O)C(O[S](O)(=O)=O)C3N[S](O)(=O)=O)C(O)C2O[S](O)(=O)=O)C(O)=O)C1O,-7.2
Ginseng,50647-08-0,CC1(CCC2(CCC3(C(=CCC4C3(CCC5C4(CC(C(C5(C)C(=O)OC6C(C(C(C(O6)CO)O)O)O)O)O)C)C)C2C1)CO)C(=O)OC7C(C(C(C(O7)CO)O)O)O)C,-7.2
Hydromorphone hydrochloride,71-68-1,CN1CCC23C4C1CC5=C2C(=C(C=C5)O)OC3C(=O)CC4.Cl,-7.2
Sulindac,32004-68-5,CC\1=C(CC(O)=O)c2cc(F)ccc2C1=C\c3ccc(cc3)[S](C)=O,-7.2
Flunitrazepam,1622-62-4,CN1C(=O)CN=C(c2ccccc2F)c3cc(ccc13)[N+]([O-])=O,-7.2
Eprazinone dihydrochloride,10402-53-6,CCOC(CN1CCN(CC1)CC(C)C(=O)C2=CC=CC=C2)C3=CC=CC=C3.Cl.Cl,-7.2
Hydroxyzine pamoate,10246-75-0,C1CN(CCN1CCOCCO)C(C2=CC=CC=C2)C3=CC=C(C=C3)Cl.C1=CC=C2C(=C1)C=C(C(=C2CC3=C(C(=CC4=CC=CC=C43)C(=O)O)O)O)C(=O)O,-7.2
Testosterone decanoate,5721-91-5,CCCCCCCCCC(=O)OC1CCC2C1(CCC3C2CCC4=CC(=O)CCC34C)C,-7.2
Sicanina,22733-60-4,CC1=CC(=C2C3C4C(CCC5C4(CCCC5(C)C)CO3)(OC2=C1)C)O,-7.2
Oxazolazepam,24143-17-7,C[C@@H]1CN2CC(=O)Nc3ccc(Cl)cc3[C@@]2(O1)c4ccccc4,-7.2
Fludarabine Phosphate,75607-67-9,C1=NC2=C(N=C(N=C2N1C3C(C(C(O3)COP(=O)(O)O)O)O)F)N,-7.2
Telaprevir (VX-950),402957-28-2,CCCC(C(=O)C(=O)NC1CC1)NC(=O)C2C3CCCC3CN2C(=O)C(C(C)(C)C)NC(=O)C(C4CCCCC4)NC(=O)C5=NC=CN=C5,-7.2
Teriflunomide,108605-62-5,CC(=O)\C(C#N)=C(/O)Nc1ccc(cc1)C(F)(F)F,-7.2
Deoxycholic acid,83-44-3,CC(CCC(=O)O)C1CCC2C1(C(CC3C2CCC4C3(CCC(C4)O)C)O)C,-7.2
Norgestrel,6533-00-2,CC[C@]12CC[C@H]3[C@@H](CCC4=CC(=O)CC[C@H]34)[C@@H]1CC[C@@]2(O)C#C,-7.2
17-Methyltestosterone,58-18-4,C[C@]1(O)CC[C@H]2[C@@H]3CCC4=CC(=O)CC[C@]4(C)[C@H]3CC[C@]12C,-7.2
Tauroursodeoxycholic Acid,14605-22-2,CC(CCC(=O)NCCS(=O)(=O)O)C1CCC2C1(CCC3C2C(CC4C3(CCC(C4)O)C)O)C,-7.2
"17-Beta-Estradiol-3,17-Dipropionate",113-38-2,CCC(=O)OC1CCC2C1(CCC3C2CCC4=C3C=CC(=C4)OC(=O)CC)C,-7.2
Montelukast,158966-92-8,CC(C)(O)c1ccccc1CC[C@@H](SCC2(CC2)CC(O)=O)c3cccc(\C=C\c4ccc5ccc(Cl)cc5n4)c3,-7.2
Paroxetine hydrochloride,78246-49-8,C1CNCC(C1C2=CC=C(C=C2)F)COC3=CC4=C(C=C3)OCO4.Cl,-7.2
Rosiglitazone maleate,155141-29-0,CN(CCOC1=CC=C(C=C1)CC2C(=O)NC(=O)S2)C3=CC=CC=N3.C(=CC(=O)O)C(=O)O,-7.2
Rifabutin,72559-06-9,CO[C@H]1/C=C/O[C@@]2(C)Oc3c(C)c(O)c4C(=O)C(=C5NC6(CCN(CC6)CC(C)C)N=C5c4c3C2=O)NC(=O)C(=C\C=C\[C@H](C)[C@H](O)[C@@H](C)[C@@H](O)[C@@H](C)[C@H](OC(C)=O)[C@@H]1C)/C,-7.2
Hydroxyprogesterone,68-96-2,CC(=O)[C@@]1(O)CC[C@H]2[C@@H]3CCC4=CC(=O)CC[C@]4(C)[C@H]3CC[C@]12C,-7.2
Acitretin,55079-83-9,COc1cc(C)c(\C=C\C(C)=C\C=C\C(C)=C\C(O)=O)c(C)c1C,-7.2
Bendazol,621-72-7,C(c1[nH]c2ccccc2n1)c3ccccc3,-7.2
Oxiconazole nitrate,64211-46-7,C1=CC(=C(C=C1Cl)Cl)CON=C(CN2C=CN=C2)C3=C(C=C(C=C3)Cl)Cl.[N+](=O)(O)[O-],-7.2
Zolmitriptan,139264-17-8,CN(C)CCc1c[nH]c2ccc(C[C@@H]3COC(=O)N3)cc12,-7.2
Prednisone,53-03-2,C[C@]12CC(=O)[C@H]3[C@@H](CCC4=CC(=O)C=C[C@]34C)[C@@H]1CC[C@]2(O)C(=O)CO,-7.2
Naltrexone hydrochloride,16676-29-2,C1CC1CN2CCC34C5C(=O)CCC3(C2CC6=C4C(=C(C=C6)O)O5)O.Cl,-7.2
Rutin,153-18-4,C[C@@H]1O[C@@H](OC[C@H]2O[C@@H](OC3=C(Oc4cc(O)cc(O)c4C3=O)c5ccc(O)c(O)c5)[C@H](O)[C@@H](O)[C@@H]2O)[C@H](O)[C@H](O)[C@H]1O,-7.2
Quinine,130-95-0,COc1ccc2nccc([C@@H](O)[C@@H]3C[C@H]4CCN3C[C@@H]4C=C)c2c1,-7.2
Ketoconazole,65277-42-1,CC(=O)N1CCN(CC1)c2ccc(OC[C@H]3CO[C@@](Cn4ccnc4)(O3)c5ccc(Cl)cc5Cl)cc2,-7.2
Abbolactone,52-01-7,CC(=O)SC1CC2=CC(=O)CCC2(C3C1C4CCC5(C4(CC3)C)CCC(=O)O5)C,-7.2
Prasugrel,150322-43-3,CC(=O)Oc1sc2CCN(Cc2c1)C(C(=O)C3CC3)c4ccccc4F,-7.2
Pioglitazone hydrochloride,112529-15-4,CCC1=CN=C(C=C1)CCOC2=CC=C(C=C2)CC3C(=O)NC(=O)S3.Cl,-7.2
Estradiol valerate,979-32-8,CCCCC(=O)OC1CCC2C1(CCC3C2CCC4=C3C=CC(=C4)O)C,-7.2
Halcinonide,3093-35-4,CC1(C)O[C@@H]2C[C@H]3[C@@H]4CCC5=CC(=O)CC[C@]5(C)[C@@]4(F)[C@@H](O)C[C@]3(C)[C@@]2(O1)C(=O)CCl,-7.2
Ribociclib,1211441-98-3,CN(C)C(=O)C1=CC2=CN=C(N=C2N1C3CCCC3)NC4=NC=C(C=C4)N5CCNCC5,-7.1
Irbesartan,138402-11-6,CCCCC1=NC2(CCCC2)C(=O)N1Cc3ccc(cc3)c4ccccc4c5n[nH]nn5,-7.1
Rolapitant,552292-08-7,CC(C1=CC(=CC(=C1)C(F)(F)F)C(F)(F)F)OCC2(CCC3(CCC(=O)N3)CN2)C4=CC=CC=C4,-7.1
Demeclocycline,127-33-3,CN(C)[C@H]1[C@@H]2C[C@@H]3[C@H](O)c4c(Cl)ccc(O)c4C(=C3C(=O)[C@]2(O)C(=O)\C(=C(N)/O)C1=O)O,-7.1
Bazedoxifene,198481-32-2,Cc1c2cc(O)ccc2n(Cc3ccc(OCCN4CCCCCC4)cc3)c1c5ccc(O)cc5,-7.1
Pimecrolimus,137071-32-0,CC[C@@H]1/C=C(/C)C[C@H](C)C[C@H](OC)[C@H]2O[C@](O)([C@H](C)C[C@@H]2OC)C(=O)C(=O)N3CCCC[C@H]3C(=O)O[C@@H]([C@H](C)[C@@H](O)CC1=O)\C(C)=C\[C@@H]4CC[C@H](Cl)[C@@H](C4)OC,-7.1
Rimexolone,49697-38-3,CCC(=O)[C@@]1(C)[C@H](C)C[C@H]2[C@@H]3CCC4=CC(=O)C=C[C@]4(C)[C@H]3[C@@H](O)C[C@]12C,-7.1
"(6R,7R,10R,11R,12Z,17Z,19Z,21S)-6-[2-(Diethylamino)ethylsulfonyl]-21-hydroxy-11,19-dimethyl-10-propan-2-yl-9,26-dioxa-3,15,28-triazatricyclo[23.2.1.03,7]octacosa-1(27),12,17,19,25(28)-pentaene-2,8,14,23-tetrone",-,CCN(CC)CC[S](=O)(=O)[C@@H]1CCN2[C@@H]1C(=O)O[C@H](C(C)C)[C@H](C)\C=C/C(=O)NC/C=C\C(=C/[C@@H](O)CC(=O)Cc3occ(n3)C2=O)C,-7.1
Plerixafor,110078-46-1,C1CNCCNCCCN(CCNC1)CC2=CC=C(C=C2)CN3CCCNCCNCCCNCC3,-7.1
Ciprofloxacin,85721-33-1,OC(=O)C1=CN(C2CC2)c3cc(N4CCNCC4)c(F)cc3C1=O,-7.1
Tetracycline,60-54-8,CN(C)[C@H]1[C@@H]2C[C@H]3C(=C(O)c4c(O)cccc4[C@@]3(C)O)C(=O)[C@]2(O)C(=O)\C(=C(N)/O)C1=O,-7.1
"[4-(4-Amino-6,7-dimethoxy-2-quinazolinyl)-1-piperazinyl]-[(2S)-2-oxolanyl]methanone",-,COc1cc2nc(nc(N)c2cc1OC)N3CCN(CC3)C(=O)[C@@H]4CCCO4,-7.1
Desloratadine,100643-71-8,Clc1ccc2c(CCc3cccnc3C2=C4CCNCC4)c1,-7.1
"(3R,5S)-7-[2-(4-Fluorophenyl)-3-phenyl-4-(phenylcarbamoyl)-5-propan-2-ylpyrrol-1-yl]-3,5-dihydroxyheptanoic acid",-,CC(C)C1=C(C(=C(N1CCC(CC(CC(=O)O)O)O)C2=CC=C(C=C2)F)C3=CC=CC=C3)C(=O)NC4=CC=CC=C4,-7.1
2-Chloro-5-[(1S)-1-hydroxy-3-oxo-2H-isoindol-1-yl]benzenesulfonamide,1441368-51-9,N[S](=O)(=O)c1cc(ccc1Cl)[C@@]2(O)NC(=O)c3ccccc23,-7.1
"Chlortalidone, (R)-",1441368-45-1,C1=CC=C2C(=C1)C(=O)NC2(C3=CC(=C(C=C3)Cl)S(=O)(=O)N)O,-7.1
Ulipristal acetate,126784-99-4,CC(=O)C1(CCC2C1(CC(C3=C4CCC(=O)C=C4CCC23)C5=CC=C(C=C5)N(C)C)C)OC(=O)C,-7.1
Cefadroxil,50370-12-2,CC1=C(N2[C@H](SC1)[C@H](NC(=O)[C@H](N)c3ccc(O)cc3)C2=O)C(O)=O,-7.1
Dexamethasone,50-02-2,C[C@@H]1C[C@H]2[C@@H]3CCC4=CC(=O)C=C[C@]4(C)[C@@]3(F)[C@@H](O)C[C@]2(C)[C@@]1(O)C(=O)CO,-7.1
Fulvestrant R enantiomer,-,CC12CCC3C(C1CCC2O)C(CC4=C3C=CC(=C4)O)CCCCCCCCCS(=O)CCCC(C(F)(F)F)(F)F,-7.1
(S)-Ranolazine,-,CC1=C(C(=CC=C1)C)NC(=O)CN2CCN(CC2)CC(COC3=CC=CC=C3OC)O,-7.1
Acrivastine,87848-99-5,Cc1ccc(cc1)C(=C\CN2CCCC2)/c3cccc(\C=C\C(O)=O)n3,-7.1
"(8R,9S,10R,13S,14R,17R)-13-Ethyl-17-ethynyl-17-hydroxy-1,2,6,7,8,9,10,11,12,14,15,16-dodecahydrocyclopenta[a]phenanthren-3-one",-,CC[C@]12CC[C@H]3[C@@H](CCC4=CC(=O)CC[C@H]34)[C@H]1CC[C@@]2(O)C#C,-7.1
"(1S,4S,7Z,10S,21R)-7-Ethylidene-4,21-di(propan-2-yl)-2-oxa-12,13-dithia-5,8,20,23-tetrazabicyclo[8.7.6]tricos-16-ene-3,6,9,19,22-pentone",-,C\C=C\1NC(=O)[C@H]2CSSCCC=C[C@H](CC(=O)N[C@H](C(C)C)C(=O)N2)OC(=O)[C@@H](NC1=O)C(C)C,-7.1
Valsartan,137862-53-4,CCCCC(=O)N(Cc1ccc(cc1)c2ccccc2c3n[nH]nn3)[C@@H](C(C)C)C(O)=O,-7.1
Ixabepilone,219989-84-1,C[C@H]1CCC[C@@]2(C)O[C@H]2C[C@H](NC(=O)C[C@H](O)C(C)(C)C(=O)[C@H](C)[C@H]1O)/C(C)=C/c3csc(C)n3,-7.1
"(8R,9S,10R,13R,14R,17R)-13-Ethyl-17-ethynyl-17-hydroxy-1,2,6,7,8,9,10,11,12,14,15,16-dodecahydrocyclopenta[a]phenanthren-3-one",-,CC[C@@]12CC[C@H]3[C@@H](CCC4=CC(=O)CC[C@H]34)[C@H]1CC[C@@]2(O)C#C,-7.1
Zolpidem,82626-48-0,CN(C)C(=O)Cc1n2cc(C)ccc2nc1c3ccc(C)cc3,-7.1
Midazolam,59467-70-8,Cc1ncc2CN=C(c3ccccc3F)c4cc(Cl)ccc4n12,-7.1
Oxaprozin,21256-18-8,OC(=O)CCc1oc(c2ccccc2)c(n1)c3ccccc3,-7.1
Naratriptan,121679-13-8,CN[S](=O)(=O)CCc1ccc2[nH]cc(C3CCN(C)CC3)c2c1,-7.1
Linezolid,165800-03-3,CC(=O)NC[C@H]1CN(C(=O)O1)c2ccc(N3CCOCC3)c(F)c2,-7.1
Tazarotene,118292-40-3,CCOC(=O)c1ccc(nc1)C#Cc2ccc3SCCC(C)(C)c3c2,-7.1
"(1S,3S,7R,10S,11S,12S,16R)-7,11-Dihydroxy-8,8,10,12,16-pentamethyl-3-[(E)-1-(2-methyl-1,3-thiazol-4-yl)prop-1-en-2-yl]-17-oxa-4-azabicyclo[14.1.0]heptadecane-5,9-dione",219989-84-1,C[C@H]1CCC[C@@]2(C)O[C@H]2C[C@H](NC(=O)C[C@@H](O)C(C)(C)C(=O)[C@@H](C)[C@H]1O)\C(C)=C\c3csc(C)n3,-7.1
Glycerol phenylbutyrate,611168-24-2,C1=CC=C(C=C1)CCCC(=O)OCC(COC(=O)CCCC2=CC=CC=C2)OC(=O)CCCC3=CC=CC=C3,-7.1
"(R)-N-(3-((4-Amino-6,7-dimethoxyquinazolin-2-yl)(methyl)amino)propyl)tetrahydrofuran-2-carboxamide",123739-69-5,COc1cc2nc(nc(N)c2cc1OC)N(C)CCCNC(=O)[C@H]3CCCO3,-7.1
Calcifediol,19356-17-3,C[C@H](CCCC(C)(C)O)[C@H]1CC[C@H]2\C(CCC[C@]12C)=C\C=C3\C[C@@H](O)CCC3=C,-7.1
Estazolam,29975-16-4,Clc1ccc2n3cnnc3CN=C(c4ccccc4)c2c1,-7.1
(S)-Sertaconazole,-,C1=CC2=C(C(=C1)Cl)SC=C2COC(CN3C=CN=C3)C4=C(C=C(C=C4)Cl)Cl,-7.1
(R)-Warfarin,5543-58-8,CC(=O)C[C@H](c1ccccc1)C2=C(O)Oc3ccccc3C2=O,-7.1
Ruxolitinib,941678-49-5,C1CCC(C1)C(CC#N)N2C=C(C=N2)C3=C4C=CNC4=NC=N3,-7.1
Penicillin g,61-33-6,CC1(C(N2C(S1)C(C2=O)NC(=O)CC3=CC=CC=C3)C(=O)O)C,-7.1
CID 15677139,-,CCC(=O)OCC(=O)C1(CCC2C1(CC(C3C2CCC4=CC(=O)C=CC34C)O)C)OC(=O)OCC,-7.1
Ensulizole,27503-81-7,O[S](=O)(=O)c1ccc2nc([nH]c2c1)c3ccccc3,-7.1
Esomeprazole,119141-88-7,[Mg++].COc1ccc2[n-]c(nc2c1)[S@@+]([O-])Cc3ncc(C)c(OC)c3C.COc4ccc5[n-]c(nc5c4)[S@@+]([O-])Cc6ncc(C)c(OC)c6C,-7.1
Phentolamine,50-60-2,Cc1ccc(cc1)N(CC2=NCCN2)c3cccc(O)c3,-7.1
"Ondansetron, (3S)-",99614-58-1,CC1=NC=CN1CC2CCC3=C(C2=O)C4=CC=CC=C4N3C,-7.1
"(3R)-3-(7-Amino-3-oxo-1H-isoindol-2-yl)piperidine-2,6-dione",874946-00-6,Nc1cccc2C(=O)N(Cc12)[C@@H]3CCC(=O)NC3=O,-7.1
Indomethacin,53-86-1,COc1ccc2n(c(C)c(CC(O)=O)c2c1)C(=O)c3ccc(Cl)cc3,-7.1
S-Lenalidomide,202271-91-8,C1CC(=O)NC(=O)C1N2CC3=C(C2=O)C=CC=C3N,-7.1
(S)-Miconazole,47447-52-9,C1=CC(=C(C=C1Cl)Cl)COC(CN2C=CN=C2)C3=C(C=C(C=C3)Cl)Cl,-7.1
Cefaclor,53994-73-3,N[C@@H](C(=O)N[C@H]1[C@H]2SCC(=C(N2C1=O)C(O)=O)Cl)c3ccccc3,-7.1
Pentazocine,359-83-1,C1=CN=NN=NN=C1,-7.1
Letrozole,112809-51-5,N#Cc1ccc(cc1)C(n2cncn2)c3ccc(cc3)C#N,-7.1
"1-[(S)-2,4-Dichloro-beta-[(p-chlorobenzyl)thio]phenethyl]-1H-imidazole",-,Clc1ccc(CS[C@H](Cn2ccnc2)c3ccc(Cl)cc3Cl)cc1,-7.1
Febuxostat,144060-53-7,CC(C)COc1ccc(cc1C#N)c2sc(C(O)=O)c(C)n2,-7.1
(R)-Fluoxetine,100568-03-4,CNCCC(C1=CC=CC=C1)OC2=CC=C(C=C2)C(F)(F)F,-7.1
Frovatriptan,158747-02-5,CN[C@@H]1CCc2[nH]c3ccc(cc3c2C1)C(N)=O,-7.1
(R)-Sulconazole,-,C1=CC(=CC=C1CSC(CN2C=CN=C2)C3=C(C=C(C=C3)Cl)Cl)Cl,-7.1
Imiquimod,99011-02-6,CC(C)Cn1cnc2c(N)nc3ccccc3c12,-7.1
(S)-Ketorolac,66635-92-5,C1CN2C(=CC=C2C(=O)C3=CC=CC=C3)C1C(=O)O,-7.1
Ceftizoxime,68401-81-0,CO/N=C(C(=O)N[C@H]1[C@H]2SCC=C(N2C1=O)C(O)=O)/c3csc(N)n3,-7.1
Midecamycin,35457-80-8,CCC(=O)OC1CC(=O)OC(C)C\C=C\C=C/C(O)C(C)CC(CC=O)C(O[C@@H]2O[C@H](C)[C@@H](O[C@H]3C[C@@](C)(O)[C@H](OC(=O)CC)[C@@H](C)O3)[C@@H]([C@H]2O)N(C)C)C1OC,-7.1
Clemizole hydrochloride,1163-36-6,C1CCN(C1)CC2=NC3=CC=CC=C3N2CC4=CC=C(C=C4)Cl.Cl,-7.1
Ritodrine hydrochloride,23239-51-2,CC(C(C1=CC=C(C=C1)O)O)NCCC2=CC=C(C=C2)O.Cl,-7.1
Acemetacin,53164-05-9,COc1ccc2n(c(C)c(CC(=O)OCC(O)=O)c2c1)C(=O)c3ccc(Cl)cc3,-7.1
Adenosine-5'-triphosphate,56-65-5,C1=NC(=C2C(=N1)N(C=N2)C3C(C(C(O3)COP(=O)(O)OP(=O)(O)OP(=O)(O)O)O)O)N,-7.1
Pipoxolan hydrochloride,18174-58-8,C1CCN(CC1)CCC2OC(=O)C(O2)(C3=CC=CC=C3)C4=CC=CC=C4.Cl,-7.1
Bravelle,97048-13-0,CCC(C)C1C(=O)NC(C(=O)NC(C(=O)NC(CSSCC(C(=O)NC(C(=O)N1)CC2=CC=C(C=C2)O)N)C(=O)N3CCCC3C(=O)NC(CC(C)C)C(=O)NCC(=O)N)CC(=O)N)C(C)O,-7.1
Miconazole,22916-47-8,Clc1ccc(COC(Cn2ccnc2)c3ccc(Cl)cc3Cl)c(Cl)c1,-7.1
Cefotaxime,60846-21-1,[Na+].CO\N=C(C(=O)N[C@@H]1[C@@H]2SCC(=C(N2C1=O)C([O-])=O)COC(C)=O)\c3csc(N)n3,-7.1
Prednisolone acetate,52-21-1,CC(=O)OCC(=O)C1(CCC2C1(CC(C3C2CCC4=CC(=O)C=CC34C)O)C)O,-7.1
Betamethasone benzoate,22298-29-9,CC1CC2C3CCC4=CC(=O)C=CC4(C3(C(CC2(C1(C(=O)CO)OC(=O)C5=CC=CC=C5)C)O)F)C,-7.1
Dificid,873857-62-6,CCC1C=C(C(CC=CC=C(C(=O)OC(CC=C(C=C(C1OC2C(C(C(C(O2)(C)C)OC(=O)C(C)C)O)O)C)C)C(C)O)COC3C(C(C(C(O3)C)OC(=O)C4=C(C(=C(C(=C4O)Cl)O)Cl)CC)O)OC)O)C,-7.1
Cetirizine hydrochloride,83881-52-1,C1CN(CCN1CCOCC(=O)O)C(C2=CC=CC=C2)C3=CC=C(C=C3)Cl.Cl.Cl,-7.1
Ouabain,630-60-4,C[C@@H]1O[C@@H](O[C@H]2C[C@@H](O)[C@]3(CO)C4[C@H](O)C[C@]5(C)[C@H](CC[C@]5(O)C4CC[C@]3(O)C2)C6=CC(=O)OC6)[C@H](O)[C@H](O)[C@H]1O,-7.1
Donepezil hydrochloride,120011-70-3,COC1=C(C=C2C(=C1)CC(C2=O)CC3CCN(CC3)CC4=CC=CC=C4)OC.Cl,-7.1
Permethrin,52341-32-9,CC1(C)[C@@H](C=C(Cl)Cl)[C@H]1C(=O)OCc2cccc(Oc3ccccc3)c2,-7.1
Norfloxacin,70458-96-7,CCN1C=C(C(O)=O)C(=O)c2cc(F)c(cc12)N3CCNCC3,-7.1
Dexamethasone phosphate,312-93-6,CC1CC2C3CCC4=CC(=O)C=CC4(C3(C(CC2(C1(C(=O)COP(=O)(O)O)O)C)O)F)C,-7.1
Homochlorcyclizine,848-53-3,CN1CCCN(CC1)C(c2ccccc2)c3ccc(Cl)cc3,-7.1
Levocetirizine dihydrochloride,130018-87-0,C1CN(CCN1CCOCC(=O)O)C(C2=CC=CC=C2)C3=CC=C(C=C3)Cl.Cl.Cl,-7.1
Flupenthixol decanoate,30909-51-4,CCCCCCCCCC(=O)OCCN1CCN(CC1)CCC=C2C3=CC=CC=C3SC4=C2C=C(C=C4)C(F)(F)F,-7.1
Ethaverine hydrochloride,985-13-7,CCOC1=C(C=C(C=C1)CC2=NC=CC3=CC(=C(C=C32)OCC)OCC)OCC.Cl,-7.1
Apomorphine HCl,314-19-2,CN1CCC2=C3C1CC4=C(C3=CC=C2)C(=C(C=C4)O)O.Cl,-7.1
Fluocortolone,152-97-6,C[C@@H]1C[C@H]2[C@@H]3C[C@H](F)C4=CC(=O)C=C[C@]4(C)[C@H]3[C@@H](O)C[C@]2(C)[C@H]1C(=O)CO,-7.1
Allylestrenol,432-60-0,OC(CC=C)[C@]12CC[C@@H]3[C@H]4CCCCC4CC[C@H]3[C@@H]1CC=C2,-7.1
Nafarelin,76932-56-4,CC(C)CC(NC(=O)C(Cc1ccc2ccccc2c1)NC(=O)C(Cc3ccc(O)cc3)NC(=O)C(CO)NC(=O)C(Cc4c[nH]c5ccccc45)NC(=O)C(Cc6c[nH]cn6)NC(=O)C7CCC(=O)N7)C(=O)NC(CCCNC(N)=N)C(=O)N8CCCC8C(=O)NCC(N)=O,-7.1
Sulfamethoxypyridazine,80-35-3,COc1ccc(N[S](=O)(=O)c2ccc(N)cc2)nn1,-7.1
Pipemidic acid,51940-44-4,CCN1C=C(C(=O)C2=CN=C(N=C21)N3CCNCC3)C(=O)O,-7.1
Sparfloxacin,110871-86-8,C[C@H]1CN(C[C@@H](C)N1)c2c(F)c(N)c3C(=O)C(=CN(C4CC4)c3c2F)C(O)=O,-7.1
Oxatomide,60607-34-3,O=C1Nc2ccccc2N1CCCN3CCN(CC3)C(c4ccccc4)c5ccccc5,-7.1
Isoxsuprine hydrochloride,579-56-6,CC(COC1=CC=CC=C1)NC(C)C(C2=CC=C(C=C2)O)O.Cl,-7.1
Delsym,125-69-9,[Br-].COc1ccc2C[C@H]3[C@H]4CCCC[C@@]4(CCN3C)c2c1.[H+],-7.1
Ethyl piperidinoacetylaminobenzoate,41653-21-8,CCOC(=O)C1=CC=C(C=C1)NC(=O)CN2CCCCC2,-7.1
Dextromethorphan hydrochloride,18609-21-7,CN1CCC23CCCCC2C1CC4=C3C=C(C=C4)OC.Cl,-7.1
Fluoxetine,54910-89-3,CNCCC(Oc1ccc(cc1)C(F)(F)F)c2ccccc2,-7.1
Niflumic acid,4394-00-7,C1=CC(=CC(=C1)NC2=C(C=CC=N2)C(=O)O)C(F)(F)F,-7.1
Cefmenoxime hydrochloride,75738-58-8,CN1C(=NN=N1)SCC2=C(N3C(C(C3=O)NC(=O)C(=NOC)C4=CSC(=N4)N)SC2)C(=O)O.CN1C(=NN=N1)SCC2=C(N3C(C(C3=O)NC(=O)C(=NOC)C4=CSC(=N4)N)SC2)C(=O)O.Cl,-7.1
Vildagliptin,274901-16-5,OC12CC3CC(C1)CC(C3)(C2)NCC(=O)N4CCC[C@H]4C#N,-7.1
Testosterone isocaproate,15262-86-9,CC(C)CCC(=O)OC1CCC2C1(CCC3C2CCC4=CC(=O)CCC34C)C,-7.1
Medrogestone,977-79-7,CC(=O)C1(C)CCC2C3C=C(C)C4=CC(=O)CCC4(C)C3CCC12C,-7.1
Dobutamine,34368-04-2,CC(CCc1ccc(O)cc1)NCCc2ccc(O)c(O)c2,-7.1
Ox bile extract,8008-63-7,CC(CCC(=O)O)C1CCC2C1(C(CC3C2C(CC4C3(CCC(C4)O)C)O)O)C,-7.1
Bepotastine Besilate,190786-44-8,C1CN(CCC1OC(C2=CC=C(C=C2)Cl)C3=CC=CC=N3)CCCC(=O)O.C1=CC=C(C=C1)S(=O)(=O)O,-7.1
Eslicarbazepine Acetate,236395-14-5,CC(=O)OC1CC2=CC=CC=C2N(C3=CC=CC=C13)C(=O)N,-7.1
Pimecrolimus,137071-32-0,CC[C@@H]1/C=C(/C)C[C@H](C)C[C@H](OC)[C@H]2O[C@](O)([C@H](C)C[C@@H]2OC)C(=O)C(=O)N3CCCC[C@H]3C(=O)O[C@@H]([C@H](C)[C@@H](O)CC1=O)\C(C)=C\[C@@H]4CC[C@H](Cl)[C@@H](C4)OC,-7.1
Isavuconazole,241479-67-4,C[C@@H](c1scc(n1)c2ccc(cc2)C#N)[C@](O)(Cn3cncn3)c4cc(F)ccc4F,-7.1
Hydrocortisone,50-23-7,C[C@]12CCC(=O)C=C1CC[C@H]3[C@@H]4CC[C@](O)(C(=O)CO)[C@@]4(C)C[C@H](O)[C@H]23,-7.1
Rapamycin (Sirolimus),53123-88-9,CC1CCC2CC(C(=CC=CC=CC(CC(C(=O)C(C(C(=CC(C(=O)CC(OC(=O)C3CCCCN3C(=O)C(=O)C1(O2)O)C(C)CC4CCC(C(C4)OC)O)C)C)O)OC)C)C)C)OC,-7.1
Trilostane,13647-35-3,C[C@]12CC[C@H]3[C@@H](CC[C@@]45O[C@@H]4C(=C(C[C@]35C)C#N)O)[C@@H]1CC[C@@H]2O,-7.1
Levocetirizine,130018-77-8,OC(=O)COCCN1CCN(CC1)[C@H](c2ccccc2)c3ccc(Cl)cc3,-7.1
Ethynyl estradiol,57-63-6,CC12CCC3C(C1CCC2(C#C)O)CCC4=C3C=CC(=C4)O,-7.1
Chlortetracycline hydrochloride,64-72-2,CC1(C2CC3C(C(=O)C(=C(C3(C(=O)C2=C(C4=C(C=CC(=C41)Cl)O)O)O)O)C(=O)N)N(C)C)O.Cl,-7.1
Megestrol acetate,595-33-5,CC1=CC2C(CCC3(C2CCC3(C(=O)C)OC(=O)C)C)C4(C1=CC(=O)CC4)C,-7.1
Sparfloxacin,110871-86-8,C[C@H]1CN(C[C@@H](C)N1)c2c(F)c(N)c3C(=O)C(=CN(C4CC4)c3c2F)C(O)=O,-7.1
Azilsartan,147403-03-0,CCOC1=NC2=CC=CC(=C2N1CC3=CC=C(C=C3)C4=CC=CC=C4C5=NOC(=O)N5)C(=O)O,-7.1
Docetaxel,114977-28-5,CC(=O)O[C@@]12CO[C@@H]1C[C@H](O)[C@]3(C)[C@@H]2[C@H](OC(=O)c4ccccc4)[C@]5(O)C[C@H](OC(=O)[C@H](O)[C@@H](NC(=O)OC(C)(C)C)c6ccccc6)C(=C([C@@H](O)C3=O)C5(C)C)C,-7.1
Sulfabenzamide,127-71-9,Nc1ccc(cc1)[S](=O)(=O)NC(=O)c2ccccc2,-7.1
Fluoxetine hydrochloride,56296-78-7,CNCCC(C1=CC=CC=C1)OC2=CC=C(C=C2)C(F)(F)F.Cl,-7.1
Cinoxacin,28657-80-9,CCN1N=C(C(O)=O)C(=O)c2cc3OCOc3cc12,-7.1
Escitalopram,128196-01-0,CN(C)CCC[C@]1(OCc2cc(ccc12)C#N)c3ccc(F)cc3,-7.1
Argatroban,74863-84-6,O.C[C@@H]1CCN([C@H](C1)C(O)=O)C(=O)C(CCCN=C(N)N)N[S](=O)(=O)c2cccc3CC(C)CNc23,-7.1
Naloxone hydrochloride,357-08-4,C=CCN1CCC23C4C(=O)CCC2(C1CC5=C3C(=C(C=C5)O)O4)O.Cl,-7.1
Alfuzosin hydrochloride,81403-68-1,CN(CCCNC(=O)C1CCCO1)C2=NC3=CC(=C(C=C3C(=N2)N)OC)OC.Cl,-7.1
Cortisone acetate,50-04-4,CC(=O)OCC(=O)C1(CCC2C1(CC(=O)C3C2CCC4=CC(=O)CCC34C)C)O,-7.1
Rifabutin,72559-06-9,CO[C@H]1/C=C/O[C@@]2(C)Oc3c(C)c(O)c4C(=O)C(=C5NC6(CCN(CC6)CC(C)C)N=C5c4c3C2=O)NC(=O)C(=C\C=C\[C@H](C)[C@H](O)[C@@H](C)[C@@H](O)[C@@H](C)[C@H](OC(C)=O)[C@@H]1C)/C,-7
Tigecycline,220620-09-7,CN(C)[C@H]1[C@@H]2C[C@@H]3Cc4c(cc(NC(=O)CNC(C)(C)C)c(O)c4C(=C3C(=O)[C@]2(O)C(=O)\C(=C(N)/O)C1=O)O)N(C)C,-7
Acarbosum,56180-94-0,CC1C(C(C(C(O1)OC2C(OC(C(C2O)O)OC3C(OC(C(C3O)O)O)CO)CO)O)O)NC4C=C(C(C(C4O)O)O)CO,-7
Crizotinib,877399-52-5,CC(C1=C(C=CC(=C1Cl)F)Cl)OC2=C(N=CC(=C2)C3=CN(N=C3)C4CCNCC4)N,-7
Unii-2E18WX195X,211915-06-9,CCCCCCOC(=O)NC(=N)C1=CC=C(C=C1)NCC2=NC3=C(N2C)C=CC(=C3)C(=O)N(CCC(=O)OCC)C4=CC=CC=N4,-7
Vecuronium,86029-43-8,[Br-].CC(=O)O[C@H]1C[C@@H]2CC[C@@H]3[C@H](CC[C@@]4(C)[C@H]3C[C@@H]([C@@H]4OC(C)=O)[N+]5(C)CCCCC5)[C@@]2(C)C[C@@H]1N6CCCCC6,-7
Ticagrelor,274693-27-5,CCCSC1=NC(=C2C(=N1)N(N=N2)C3CC(C(C3O)O)OCCO)NC4CC4C5=CC(=C(C=C5)F)F,-7
Difenoxin,28782-42-5,OC(=O)C1(CCN(CC1)CCC(C#N)(c2ccccc2)c3ccccc3)c4ccccc4,-7
(S)-Indapamide,77083-53-5,CC1CC2=CC=CC=C2N1NC(=O)C3=CC(=C(C=C3)Cl)S(=O)(=O)N,-7
Atazanavir,198904-31-3,COC(=O)N[C@H](C(=O)N[C@@H](Cc1ccccc1)[C@@H](O)CN(Cc2ccc(cc2)c3ccccn3)NC(=O)[C@@H](NC(=O)OC)C(C)(C)C)C(C)(C)C,-7
Diflorasone,2557-49-5,C[C@H]1C[C@H]2[C@@H]3C[C@H](F)C4=CC(=O)C=C[C@]4(C)[C@@]3(F)[C@@H](O)C[C@]2(C)[C@@]1(O)C(=O)CO,-7
Bosutinib,380843-75-4,COc1cc(Nc2c(cnc3cc(OCCCN4CCN(C)CC4)c(OC)cc23)C#N)c(Cl)cc1Cl,-7
Vinorelbine Ditartarate,71486-22-1,CCC1=CC2CC(C3=C(CN(C2)C1)C4=CC=CC=C4N3)(C5=C(C=C6C(=C5)C78CCN9C7C(C=CC9)(C(C(C8N6C)(C(=O)OC)O)OC(=O)C)CC)OC)C(=O)OC,-7
Nefazodone,83366-66-9,[H+].[Cl-].CCC1=NN(CCCN2CCN(CC2)c3cccc(Cl)c3)C(=O)N1CCOc4ccccc4,-7
E-Cefdinir,178601-88-2,C=CC1=C(N2C(C(C2=O)NC(=O)C(=NO)C3=CSC(=N3)N)SC1)C(=O)O,-7
Etonogestrel,54048-10-1,CC[C@]12CC(=C)[C@H]3[C@@H](CCC4=CC(=O)CC[C@H]34)[C@@H]1CC[C@@]2(O)C#C,-7
Loxapine,77-10-2,CN1CCN(CC1)C2=Nc3ccccc3Oc4ccc(Cl)cc24,-7
Fosamprenavir,226700-79-4,CC(C)CN(C[C@@H](O[P](O)(O)=O)[C@H](Cc1ccccc1)NC(=O)O[C@H]2CCOC2)[S](=O)(=O)c3ccc(N)cc3,-7
"(2S,3R,4R,5R)-2-[(1S,2R,3R,4R,6S)-4,6-Diamino-3-[(2S,3S,6S)-3-amino-6-[(1R)-1-(methylamino)ethyl]oxan-2-yl]oxy-2-hydroxycyclohexyl]oxy-5-methyl-4-(methylamino)oxane-3,5-diol",-,CN[C@H](C)[C@@H]1CC[C@H](N)[C@@H](O1)O[C@@H]2[C@H](N)C[C@H](N)[C@H](O[C@@H]3OC[C@](C)(O)[C@H](NC)[C@H]3O)[C@@H]2O,-7
Aclidinium,727649-81-2,C1C[N+]2(CCC1C(C2)OC(=O)C(C3=CC=CS3)(C4=CC=CS4)O)CCCOC5=CC=CC=C5,-7
Hydrocortisone,50-23-7,C[C@]12CCC(=O)C=C1CC[C@H]3[C@@H]4CC[C@](O)(C(=O)CO)[C@@]4(C)C[C@H](O)[C@H]23,-7
Fulvestrant S enantiomer,-,CC12CCC3C(C1CCC2O)C(CC4=C3C=CC(=C4)O)CCCCCCCCCS(=O)CCCC(C(F)(F)F)(F)F,-7
Fludarabine phosphate,75607-67-9,C1=NC2=C(N=C(N=C2N1C3C(C(C(O3)COP(=O)(O)O)O)O)F)N,-7
Balsalazide,80573-04-2,OC(=O)CCNC(=O)c1ccc(N\N=C/2C=CC(=O)C(=C2)C(O)=O)cc1,-7
Amoxapine,14028-44-5,Clc1ccc2Oc3ccccc3N=C(N4CCNCC4)c2c1,-7
Clobetasol propionate,25122-46-7,CCC(=O)OC1(C(CC2C1(CC(C3(C2CCC4=CC(=O)C=CC43C)F)O)C)C)C(=O)CCl,-7
Galantamine,357-70-0,COc1ccc2CN(C)CC[C@@]34C=C[C@H](O)C[C@@H]3Oc1c24,-7
Rosuvastatin,287714-41-4,CC(C)c1nc(nc(c2ccc(F)cc2)c1CC[C@@H](O)C[C@@H](O)CC(O)=O)N(C)[S](C)(=O)=O,-7
Esmirtazapine,61337-87-9,CN1CCN2C(C1)C3=CC=CC=C3CC4=C2N=CC=C4,-7
Cyclobenzaprine,303-53-7,CN(C)CCC=C1c2ccccc2C=Cc3ccccc13,-7
Erythromycin,114-07-8,CC[C@H]1OC(=O)[C@H](C)[C@@H](O[C@H]2C[C@@](C)(OC)[C@@H](O)[C@H](C)O2)[C@H](C)[C@@H](O[C@@H]3O[C@H](C)C[C@@H]([C@H]3O)N(C)C)[C@](C)(O)C[C@@H](C)C(=O)[C@H](C)[C@@H](O)[C@]1(C)O,-7
CID 98048848,-,CC#CCC(C)C(C=CC1C(CC2C1CC(=CCCCC(=O)OCC(=O)C3=CC=CC=C3)C2)O)O,-7
(R)-Miconazole,47447-53-0,C1=CC(=C(C=C1Cl)Cl)COC(CN2C=CN=C2)C3=C(C=C(C=C3)Cl)Cl,-7
(r)-Omeprazole,119141-89-8,CC1=CN=C(C(=C1OC)C)CS(=O)C2=NC3=C(N2)C=C(C=C3)OC,-7
Flutemetamol,637003-10-2,CNC1=C(C=C(C=C1)C2=NC3=C(S2)C=C(C=C3)O)F,-7
Tolcapone,134308-13-7,Cc1ccc(cc1)C(=O)c2cc(O)c(O)c(c2)[N+]([O-])=O,-7
Cabergoline,81409-90-7,CCNC(=O)N(CCCN(C)C)C(=O)[C@@H]1C[C@H]2[C@@H](Cc3c[nH]c4cccc2c34)N(CC=C)C1,-7
Fenofibric acid,42017-89-0,CC(C)(C(=O)O)OC1=CC=C(C=C1)C(=O)C2=CC=C(C=C2)Cl,-7
Flumazenil,78755-81-4,CCOC(=O)c1ncn2c1CN(C)C(=O)c3cc(F)ccc23,-7
Escitalopram,128196-01-0,CN(C)CCC[C@]1(OCc2cc(ccc12)C#N)c3ccc(F)cc3,-7
Safinamide,133865-89-1,C[C@H](NCc1ccc(OCc2ccccc2F)cc1)C(N)=O,-7
Ambrisentan,177036-94-1,COC(C(Oc1nc(C)cc(C)n1)C(O)=O)(c2ccccc2)c3ccccc3,-7
Lisinopril,76547-98-3,O.O.NCCCC[C@H](N[C@@H](CCc1ccccc1)C(O)=O)C(=O)N2CCC[C@H]2C(O)=O,-7
"(2Z,4Z,6Z,8E)-3,7-Dimethyl-9-(2,6,6-trimethylcyclohexen-1-yl)nona-2,4,6,8-tetraenoic acid",-,CC1=C(C(CCC1)(C)C)C=CC(=CC=CC(=CC(=O)O)C)C,-7
"(2Z,4Z,6Z,8Z)-3,7-Dimethyl-9-(2,6,6-trimethylcyclohexen-1-yl)nona-2,4,6,8-tetraenoic acid",-,CC1=C(C(CCC1)(C)C)C=CC(=CC=CC(=CC(=O)O)C)C,-7
Naphazoline,835-31-4,C1CN=C(Cc2cccc3ccccc23)N1,-7
(S)-Cetirizine,130018-76-7,C1CN(CCN1CCOCC(=O)O)C(C2=CC=CC=C2)C3=CC=C(C=C3)Cl,-7
Dexrabeprazole,177795-60-7,CC1=C(C=CN=C1CS(=O)C2=NC3=CC=CC=C3N2)OCCCOC,-7
Isocarboxazid,59-63-2,Cc1onc(c1)C(=O)NNCc2ccccc2,-7
Zolmitriptan,139264-17-8,CN(C)CCc1c[nH]c2ccc(C[C@@H]3COC(=O)N3)cc12,-7
2-[2-[4-[(S)-(4-Chlorophenyl)-phenylmethyl]piperazin-1-yl]ethoxy]ethanol,-,OCCOCCN1CCN(CC1)[C@@H](c2ccccc2)c3ccc(Cl)cc3,-7
Flutamide,13311-84-7,CC(C)C(=O)Nc1ccc(c(c1)C(F)(F)F)[N+]([O-])=O,-7
"Chlorcyclizine, (S)-",118165-36-9,CN1CCN(CC1)C(C2=CC=CC=C2)C3=CC=C(C=C3)Cl,-7
2-[2-[4-[(R)-(4-Chlorophenyl)-phenylmethyl]piperazin-1-yl]ethoxy]ethanol,-,OCCOCCN1CCN(CC1)[C@H](c2ccccc2)c3ccc(Cl)cc3,-7
"Chlorcyclizine, (R)-",118165-37-0,CN1CCN(CC1)C(C2=CC=CC=C2)C3=CC=C(C=C3)Cl,-7
Metyrapone,54-36-4,CC(C)(c1cccnc1)C(=O)c2cccnc2,-7
Terazosin,63590-64-7,[H+].O.[Cl-].COc1cc2nc(nc(N)c2cc1OC)N3CCN(CC3)C(=O)C4CCCO4,-7
Chlorthalidone,77-36-1,N[S](=O)(=O)c1cc(ccc1Cl)C2(O)NC(=O)c3ccccc23,-7
Ajmalicine,483-04-5,COC(=O)C1=CO[C@@H](C)[C@H]2CN3CCc4c([nH]c5ccccc45)[C@@H]3C[C@H]12,-7
Bromazepam,1812-30-2,Brc1ccc2NC(=O)CN=C(c3ccccn3)c2c1,-7
Enoxacin,74011-58-8,CCN1C=C(C(O)=O)C(=O)c2cc(F)c(nc12)N3CCNCC3,-7
Salsalate,552-94-3,OC(=O)c1ccccc1OC(=O)c2ccccc2O,-7
Protirelin,24305-27-9,NC(=O)[C@@H]1CCCN1C(=O)[C@H](Cc2[nH]cnc2)NC(=O)[C@@H]3CCC(=O)N3,-7
Naloxone hydrochloride,357-08-4,C=CCN1CCC23C4C(=O)CCC2(C1CC5=C3C(=C(C=C5)O)O4)O.Cl,-7
Lodoxamide tromethamine,63610-09-3,C1=C(C=C(C(=C1NC(=O)C(=O)O)Cl)NC(=O)C(=O)O)C#N.C(C(CO)(CO)N)O.C(C(CO)(CO)N)O,-7
Cyclopenthiazide,742-20-1,N[S](=O)(=O)c1cc2c(NC(CC3CCCC3)N[S]2(=O)=O)cc1Cl,-7
Benzbromarone,3562-84-3,CCc1oc2ccccc2c1C(=O)c3cc(Br)c(O)c(Br)c3,-7
Nalidixic acid,389-08-2,CCN1C=C(C(=O)C2=C1N=C(C=C2)C)C(=O)O,-7
Nitrazepam,146-22-5,[O-][N+](=O)c1ccc2NC(=O)CN=C(c3ccccc3)c2c1,-7
Hexestrol diacetate,4547-76-6,CCC(C1=CC=C(C=C1)OC(=O)C)C(CC)C2=CC=C(C=C2)OC(=O)C,-7
Leucomycin V,39405-35-1,CC1CC=CC=CC(C(CC(C(C(C(CC(=O)O1)O)OC)OC2C(C(C(C(O2)C)OC3CC(C(C(O3)C)O)(C)O)N(C)C)O)CC=O)C)O,-7
Alfentanil hydrochloride,69049-06-5,CCC(=O)N(C1=CC=CC=C1)C2(CCN(CC2)CCN3C(=O)N(N=N3)CC)COC.Cl,-7
Butenafine hydrochloride,101827-46-7,CC(C)(C)C1=CC=C(C=C1)CN(C)CC2=CC=CC3=CC=CC=C32.Cl,-7
Testosterone propionate,57-85-2,CCC(=O)OC1CCC2C1(CCC3C2CCC4=CC(=O)CCC34C)C,-7
Melitracen,5118-29-6,CN(C)CCC=C1c2ccccc2C(C)(C)c3ccccc13,-7
Zuclopenthixol acetate,85721-05-7,CC(=O)OCCN1CCN(CC1)CCC=C2C3=CC=CC=C3SC4=C2C=C(C=C4)Cl,-7
Cyclandelate,456-59-7,CC1CC(CC(C)(C)C1)OC(=O)C(O)c2ccccc2,-7
Fludiazepam,3900-31-0,CN1C(=O)CN=C(c2ccccc2F)c3cc(Cl)ccc13,-7
Clopenthixol,982-24-1,C1CN(CCN1CCC=C2C3=CC=CC=C3SC4=C2C=C(C=C4)Cl)CCO,-7
Eprazinone,10402-90-1,CCOC(CN1CCN(CC1)CC(C)C(=O)c2ccccc2)c3ccccc3,-7
Rofecoxib,162011-90-7,C[S](=O)(=O)c1ccc(cc1)C2=C(C(=O)OC2)c3ccccc3,-7
Betamethasone valerate,2152-44-5,CCCCC(=O)OC1(C(CC2C1(CC(C3(C2CCC4=CC(=O)C=CC43C)F)O)C)C)C(=O)CO,-7
Alfacalcidol,41294-56-8,CC(C)CCC[C@@H](C)[C@H]1CC[C@H]2\C(CCC[C@]12C)=C\C=C3\C[C@@H](O)C[C@H](O)C3=C,-7
Mesulfen,135-58-0,Cc1ccc2Sc3ccc(C)cc3Sc2c1,-7
Etoricoxib,202409-33-4,Cc1ccc(cn1)c2ncc(Cl)cc2c3ccc(cc3)[S](C)(=O)=O,-7
Ivabradine hydrochloride,148849-67-6,CN(CCCN1CCC2=CC(=C(C=C2CC1=O)OC)OC)CC3CC4=CC(=C(C=C34)OC)OC.Cl,-7
Pridinol,511-45-5,OC(CCN1CCCCC1)(c2ccccc2)c3ccccc3,-7
Emetine dihydrochloride,316-42-7,CCC1CN2CCC3=CC(=C(C=C3C2CC1CC4C5=CC(=C(C=C5CCN4)OC)OC)OC)OC.Cl.Cl,-7
Moxifloxacin hydrochloride,186826-86-8,COC1=C2C(=CC(=C1N3CC4CCCNC4C3)F)C(=O)C(=CN2C5CC5)C(=O)O.Cl,-7
Alfuzosin,81403-80-7,COc1cc2nc(nc(N)c2cc1OC)N(C)CCCNC(=O)C3CCCO3,-7
Citalopram hydrobromide,59729-32-7,CN(C)CCCC1(C2=C(CO1)C=C(C=C2)C#N)C3=CC=C(C=C3)F.Br,-7
Azactam,78110-38-0,C[C@H]1[C@H](NC(=O)C(=N/OC(C)(C)C(O)=O)\c2csc([NH3+])n2)C(=O)N1[S]([O-])(=O)=O,-7
Mirtazapine,85650-52-8,CN1CCN2C(C1)c3ccccc3Cc4cccnc24,-7
Estradiol valerate,979-32-8,CCCCC(=O)OC1CCC2C1(CCC3C2CCC4=C3C=CC(=C4)O)C,-7
Dalbavancin Impurity,102961-72-8,CC(C)CCCCCCCCC(=O)NC1C(C(C(OC1OC2=C3C=C4C=C2OC5=C(C=C(C=C5)C(C6C(=O)NC(C7=C(C(=CC(=C7)O)OC8C(C(C(C(O8)CO)O)O)O)C9=C(C=CC(=C9)C(C(=O)N6)NC(=O)C4NC(=O)C1C2=C(C(=CC(=C2)OC2=C(C=CC(=C2)C(C(=O)NC(CC2=CC=C(O3)C=C2)C(=O)N1)NC)O)O)Cl)O)C(=O)O)O)Cl)C(=O)O)O)O,-7
Octreotide Acetate,83150-76-9,CC(C1C(=O)NC(CSSCC(C(=O)NC(C(=O)NC(C(=O)NC(C(=O)N1)CCCCN)CC2=CNC3=CC=CC=C32)CC4=CC=CC=C4)NC(=O)C(CC5=CC=CC=C5)N)C(=O)NC(CO)C(C)O)O.CC(=O)O,-7
Nandrolone,434-22-0,C[C@]12CC[C@H]3[C@@H](CCC4=CC(=O)CC[C@H]34)[C@@H]1CC[C@@H]2O,-7
Diflorasone,2557-49-5,C[C@H]1C[C@H]2[C@@H]3C[C@H](F)C4=CC(=O)C=C[C@]4(C)[C@@]3(F)[C@@H](O)C[C@]2(C)[C@@]1(O)C(=O)CO,-7
GS-7340 Tenofovir alafenamide,379270-37-8,CC(C)OC(=O)C(C)NP(=O)(COC(C)CN1C=NC2=C(N=CN=C21)N)OC3=CC=CC=C3,-7
Flunisolide,542449,O.CC1(C)O[C@@H]2CC3[C@@H]4C[C@H](F)C5=CC(=O)C=CC5(C)[C@H]4[C@@H](O)C[C@]3(C)[C@@]2(O1)C(=O)CO.CC6(C)O[C@@H]7CC8[C@@H]9C[C@H](F)C%10=CC(=O)C=CC%10(C)[C@H]9[C@@H](O)C[C@]8(C)[C@@]7(O6)C(=O)CO,-7
Cefaclor monohydrate,70356-03-5,C1C(=C(N2C(S1)C(C2=O)NC(=O)C(C3=CC=CC=C3)N)C(=O)O)Cl.O,-7
Pemirolast potassium,100299-08-9,CC1=CC=CN2C1=NC=C(C2=O)C3=NN=N[N-]3.[K+],-7
Erythromycin,114-07-8,CC[C@H]1OC(=O)[C@H](C)[C@@H](O[C@H]2C[C@@](C)(OC)[C@@H](O)[C@H](C)O2)[C@H](C)[C@@H](O[C@@H]3O[C@H](C)C[C@@H]([C@H]3O)N(C)C)[C@](C)(O)C[C@@H](C)C(=O)[C@H](C)[C@@H](O)[C@]1(C)O,-7
Cefixime,79350-37-1,Nc1scc(n1)\C(=N\OCC(O)=O)C(=O)N[C@H]2[C@H]3SCC(=C(N3C2=O)C(O)=O)C=C,-7
Moxifloxacin hydrochloride,186826-86-8,COC1=C2C(=CC(=C1N3CC4CCCNC4C3)F)C(=O)C(=CN2C5CC5)C(=O)O.Cl,-7
Depofemin,313-06-4,C[C@]12CC[C@H]3[C@@H](CCc4cc(O)ccc34)[C@@H]1CC[C@@H]2OC(=O)CCC5CCCC5,-7
Halobetasol,98651-66-2,CCC(=O)O[C@@]1([C@@H](C)CC2C3C[C@H](F)C4=CC(=O)C=CC4(C)[C@@]3(F)C(O)CC12C)C(=O)CCl,-6.9
Tiotixene,3313-26-6,CN1CCN(CC/C=C/2c3ccccc3Sc4ccc(cc24)[S](=O)(=O)N(C)C)CC1,-6.9
Paclitaxel,33069-62-4,CC(=O)O[C@H]1C(=O)[C@]2(C)[C@@H](O)C[C@H]3OC[C@@]3(OC(C)=O)C2[C@H](OC(=O)c4ccccc4)[C@]5(O)C[C@H](OC(=O)[C@H](O)[C@@H](NC(=O)c6ccccc6)c7ccccc7)C(=C1C5(C)C)C,-6.9
Morphine,57-27-2,CN1CC[C@]23[C@H]4Oc5c(O)ccc(C[C@@H]1[C@@H]2C=C[C@@H]4O)c35,-6.9
Moxifloxacin,151096-09-2,COc1c(N2C[C@@H]3CCCN[C@@H]3C2)c(F)cc4C(=O)C(=CN(C5CC5)c14)C(O)=O,-6.9
Alclometasone,67452-97-5,C[C@@H]1C[C@H]2[C@@H]3[C@H](Cl)CC4=CC(=O)C=C[C@]4(C)[C@H]3[C@@H](O)C[C@]2(C)[C@@]1(O)C(=O)CO,-6.9
Vincristine,57-22-7,CC[C@]1(O)C[C@H]2CN(CCc3c([nH]c4ccccc34)[C@@](C2)(C(=O)OC)c5cc6c(cc5OC)N(C=O)[C@H]7[C@](O)([C@H](OC(C)=O)[C@]8(CC)C=CCN9CC[C@]67[C@H]89)C(=O)OC)C1,-6.9
Podophyllotoxin,518-28-5,COc1cc(cc(OC)c1OC)[C@H]2[C@@H]3[C@H](COC3=O)[C@@H](O)c4cc5OCOc5cc24,-6.9
Methyltestosterone,58-18-4,C[C@]1(O)CC[C@H]2[C@@H]3CCC4=CC(=O)CC[C@]4(C)[C@H]3CC[C@]12C,-6.9
Desogestrel,54024-22-5,CC[C@]12CC(=C)[C@H]3[C@@H](CCC4=CCCC[C@H]34)[C@@H]1CC[C@@]2(O)C#C,-6.9
CID 124935780,-,CCC12CCC3C(C1CCC2(C#C)O)CCC4=CC(=NO)CCC34,-6.9
Elvitegravir,697761-98-1,COc1cc2N(C=C(C(O)=O)C(=O)c2cc1Cc3cccc(Cl)c3F)[C@H](CO)C(C)C,-6.9
Oxycodone,76-42-6,COc1ccc2C[C@H]3N(C)CC[C@@]45[C@@H](Oc1c24)C(=O)CC[C@@]35O,-6.9
Triamterene,396-01-0,Nc1nc(N)c2nc(c3ccccc3)c(N)nc2n1,-6.9
Cefotaxima,63527-53-7,CC(=O)OCC1=C(N2C(C(C2=O)NC(=O)C(=NOC)C3=CSC(=N3)N)SC1)C(=O)O,-6.9
Cholecalciferol,67-97-0,CC(C)CCC[C@@H](C)[C@H]1CC[C@H]2\C(CCC[C@]12C)=C\C=C3/C[C@@H](O)CCC3=C,-6.9
CID 124935778,-,CCC12CCC3C(C1CCC2(C#C)O)CCC4=CC(=NO)CCC34,-6.9
Difluprednate,23674-86-4,CCCC(=O)O[C@@]1(CC[C@H]2[C@@H]3C[C@H](F)C4=CC(=O)C=C[C@]4(C)[C@@]3(F)[C@@H](O)C[C@]12C)C(=O)COC(C)=O,-6.9
Fosphenytoin,93390-81-9,O[P](O)(=O)OCN1C(=O)NC(C1=O)(c2ccccc2)c3ccccc3,-6.9
CID 99565586,-,CCC(=O)OCC(=O)C1(CCC2C1(CC(C3C2CCC4=CC(=O)C=CC34C)O)C)OC(=O)OCC,-6.9
(S)-Gatifloxacin,-,CC1CN(CCN1)C2=C(C=C3C(=C2OC)N(C=C(C3=O)C(=O)O)C4CC4)F,-6.9
Unii-UU07rta53X,96946-49-5,C[N+]1(CCC2=CC(=C(C=C2C1CC3=CC(=C(C=C3)OC)OC)OC)OC)CCC(=O)OCCCCCOC(=O)CC[N+]4(CCC5=CC(=C(C=C5C4CC6=CC(=C(C=C6)OC)OC)OC)OC)C,-6.9
Nepafenac,78281-72-8,NC(=O)Cc1cccc(c1N)C(=O)c2ccccc2,-6.9
"Palonosetron, (3aR)-",135729-73-6,C1CC2CN(C(=O)C3=CC=CC(=C23)C1)C4CN5CCC4CC5,-6.9
Benztropine,86-13-5,CN1C2CCC1CC(C2)OC(c3ccccc3)c4ccccc4.O[S](O)(=O)=O,-6.9
Olopatadine,113806-05-6,CN(C)CC\C=C1/c2ccccc2COc3ccc(CC(O)=O)cc13,-6.9
Enalaprilat,76420-72-9,O.O.C[C@H](N[C@@H](CCc1ccccc1)C(O)=O)C(=O)N2CCC[C@H]2C(O)=O,-6.9
Chlordiazepoxide,58-25-3,CN=C1CN(O)C(=C2C=C(Cl)C=CC2=N1)c3ccccc3,-6.9
(R)-Bepotastine,-,C1CN(CCC1OC(C2=CC=C(C=C2)Cl)C3=CC=CC=N3)CCCC(=O)O,-6.9
Clocortolone,4828-27-7,C[C@@H]1CC2C3C[C@H](F)C4=CC(=O)C=CC4(C)[C@@]3(Cl)C(O)CC2(C)C1C(=O)CO,-6.9
Tolazamide,1156-19-0,Cc1ccc(cc1)[S](=O)(=O)NC(=O)NN2CCCCCC2,-6.9
Abacavir,136470-78-5,Nc1nc(NC2CC2)c3ncn([C@@H]4C[C@H](CO)C=C4)c3n1,-6.9
Eliglustat,491833-29-5,CCCCCCCC(=O)NC(CN1CCCC1)C(C2=CC3=C(C=C2)OCCO3)O,-6.9
Sertraline,79617-96-2,[Cl-].CN[C@H]1CC[C@@H](c2ccc(Cl)c(Cl)c2)c3ccccc13.[H+],-6.9
Ethynodiol diacetate,297-76-7,CC(=O)OC1CCC2C3CCC4(C(C3CCC2=C1)CCC4(C#C)OC(=O)C)C,-6.9
Capecitabine,154361-50-9,CCCCCOC(=O)NC1=NC(=O)N(C=C1F)[C@@H]2O[C@H](C)[C@@H](O)[C@H]2O,-6.9
Hexachlorophene,70-30-4,Oc1c(Cl)cc(Cl)c(Cl)c1Cc2c(O)c(Cl)cc(Cl)c2Cl,-6.9
"(2Z,4Z,6E,8E)-3,7-Dimethyl-9-(2,6,6-trimethylcyclohexen-1-yl)nona-2,4,6,8-tetraenoic acid",-,CC1=C(C(CCC1)(C)C)C=CC(=CC=CC(=CC(=O)O)C)C,-6.9
Levocetirizine,130018-77-8,OC(=O)COCCN1CCN(CC1)[C@H](c2ccccc2)c3ccc(Cl)cc3,-6.9
Tolmetin,26171-23-3,Cn1c(CC(O)=O)ccc1C(=O)c2ccc(C)cc2,-6.9
Pravastatin,81093-37-0,CC[C@H](C)C(=O)O[C@H]1C[C@H](O)C=C2C=C[C@H](C)[C@H](CC[C@@H](O)C[C@@H](O)CC(O)=O)[C@@H]12,-6.9
(S)-Rabeprazole,177795-59-4,CC1=C(C=CN=C1CS(=O)C2=NC3=CC=CC=C3N2)OCCCOC,-6.9
Tamoxifen,10540-29-1,CC/C(c1ccccc1)=C(c2ccccc2)/c3ccc(OCCN(C)C)cc3,-6.9
Trifluridine,70-00-8,OCC1OC(CC1O)N2C=C(C(=O)NC2=O)C(F)(F)F,-6.9
Naproxen,22204-53-1,COc1ccc2cc(ccc2c1)C(C)C(O)=O,-6.9
Nabumetone,42924-53-8,COc1ccc2cc(CCC(C)=O)ccc2c1,-6.9
Riluzole,1744-22-5,[H+].[Cl-].Nc1sc2cc(OC(F)(F)F)ccc2n1,-6.9
Lorazepam,846-49-1,OC1N=C(c2ccccc2Cl)c3cc(Cl)ccc3NC1=O,-6.9
Fluorometholone acetate,694485,CC1CC2C3CCC(C3(CC(C2(C4(C1=CC(=O)C=C4)C)F)O)C)(C(=O)C)OC(=O)C,-6.9
Haloperidol decanoate,74050-97-8,CCCCCCCCCC(=O)OC1(CCN(CC1)CCCC(=O)C2=CC=C(C=C2)F)C3=CC=C(C=C3)Cl,-6.9
Lomefloxacin hydrochloride,98079-52-8,CCN1C=C(C(=O)C2=CC(=C(C(=C21)F)N3CCNC(C3)C)F)C(=O)O.Cl,-6.9
Acarbose,56180-94-0,C[C@H]1O[C@H](O[C@H]2[C@H](O)[C@@H](O)[C@H](O[C@@H]2CO)O[C@H]3[C@H](O)[C@@H](O)[C@H](O)O[C@@H]3CO)[C@H](O)[C@@H](O)[C@@H]1N[C@H]4C=C(CO)[C@H](O)[C@H](O)[C@H]4O,-6.9
Cisapride,81098-60-4,O.COC1CN(CCCOc2ccc(F)cc2)CCC1NC(=O)c3cc(Cl)c(N)cc3OC,-6.9
Thiamine disulfide,67-16-3,CC1=NC=C(C(=N1)N)CN(C=O)C(=C(CCO)SSC(=C(C)N(CC2=CN=C(N=C2N)C)C=O)CCO)C,-6.9
Mesterolone,1424-00-6,C[C@H]1CC(=O)C[C@@H]2CC[C@H]3[C@@H]4CC[C@H](O)[C@@]4(C)CC[C@@H]3[C@@]12C,-6.9
Piprinhydrinate,606-90-6,CN1CCC(CC1)OC(c2ccccc2)c3ccccc3.CN4C(=O)N(C)c5nc(Cl)[nH]c5C4=O,-6.9
Phenobarbital,50-06-6,CCC1(C(=O)NC(=O)NC1=O)c2ccccc2,-6.9
Chlorcyclizine hydrochloride,1620-21-9,CN1CCN(CC1)C(C2=CC=CC=C2)C3=CC=C(C=C3)Cl.Cl,-6.9
Agomelatine,138112-76-2,COc1ccc2cccc(CCNC(C)=O)c2c1,-6.9
Daptomycin,103060-53-3,CCCCCCCCCC(=O)N[C@@H](Cc1c[nH]c2ccccc12)C(=O)N[C@@H](CC(N)=O)C(=O)N[C@@H](CC(O)=O)C(=O)NC3C(C)OC(=O)[C@H](CC(=O)c4ccccc4N)NC(=O)[C@@H](NC(=O)[C@@H](CO)NC(=O)CNC(=O)[C@H](CC(O)=O)NC(=O)[C@@H](C)NC(=O)[C@H](CC(O)=O)NC(=O)[C@H](CCCN)NC(=O)CNC3=O)C(C)CC(O)=O,-6.9
Aceclofenac,89796-99-6,OC(=O)COC(=O)Cc1ccccc1Nc2c(Cl)cccc2Cl,-6.9
Buspirone hydrochloride,33386-08-2,C1CCC2(C1)CC(=O)N(C(=O)C2)CCCCN3CCN(CC3)C4=NC=CC=N4.Cl,-6.9
Dienogest,65928-58-7,C[C@]12CCC3=C4CCC(=O)C=C4CC[C@H]3[C@@H]1CC[C@@]2(O)CC#N,-6.9
Oxazepam,604-75-1,OC1N=C(c2ccccc2)c3cc(Cl)ccc3NC1=O,-6.9
Benzoin,119-53-9,OC(c1ccccc1)C(=O)c2ccccc2,-6.9
Hydroxyzine hydrochloride,2192-20-3,C1CN(CCN1CCOCCO)C(C2=CC=CC=C2)C3=CC=C(C=C3)Cl.Cl.Cl,-6.9
Tiaprofenic acid,33005-95-7,CC(C1=CC=C(S1)C(=O)C2=CC=CC=C2)C(=O)O,-6.9
Cholestyramine,-,CCC1=CC=C(C=C1)C(C)CCC2=CC=C(C=C2)[N+](C)(C)C,-6.9
Cyproterone acetate,427-51-0,CC(=O)C1(CCC2C1(CCC3C2C=C(C4=CC(=O)C5CC5C34C)Cl)C)OC(=O)C,-6.9
Niceritrol,1449407,O=C(OCC(COC(=O)c1cccnc1)(COC(=O)c2cccnc2)COC(=O)c3cccnc3)c4cccnc4,-6.9
Piromidic acid,19562-30-2,CCN1C=C(C(=O)C2=CN=C(N=C21)N3CCCC3)C(=O)O,-6.9
Omeprazole,73590-58-6,COc1ccc2nc([nH]c2c1)[S](=O)Cc3ncc(C)c(OC)c3C,-6.9
Cinnarizine,298-57-7,C1CN(CCN1C\C=C\c2ccccc2)C(c3ccccc3)c4ccccc4,-6.9
Brotizolam,57801-81-7,Cc1nnc2CN=C(c3ccccc3Cl)c4cc(Br)sc4n12,-6.9
Lormetazepam,848-75-9,CN1C(=O)C(O)N=C(c2ccccc2Cl)c3cc(Cl)ccc13,-6.9
Cephalothin,153-61-7,CC(=O)OCC1=C(N2[C@H](SC1)[C@H](NC(=O)Cc3sccc3)C2=O)C(O)=O,-6.9
Noscapine hydrochloride,912-60-7,CN1CCC2=CC3=C(C(=C2C1C4C5=C(C(=C(C=C5)OC)OC)C(=O)O4)OC)OCO3.Cl,-6.9
Methandriol dipropionate,3593-85-9,CCC(=O)OC1CCC2(C3CCC4(C(C3CC=C2C1)CCC4(C)OC(=O)CC)C)C,-6.9
Etodolac,41340-25-4,CCc1cccc2c3CCOC(CC)(CC(O)=O)c3[nH]c12,-6.9
Oxyphencyclimine hydrochloride,125-52-0,CN1CCCN=C1COC(=O)C(C2CCCCC2)(C3=CC=CC=C3)O.Cl,-6.9
Eliglustat,491833-29-5,CCCCCCCC(=O)NC(CN1CCCC1)C(C2=CC3=C(C=C2)OCCO3)O,-6.9
Omeprazole sulfide,73590-85-9,CC1=CN=C(C(=C1OC)C)CSC2=NC3=C(N2)C=C(C=C3)OC,-6.9
Etonogestrel,54048-10-1,CC[C@]12CC(=C)[C@H]3[C@@H](CCC4=CC(=O)CC[C@H]34)[C@@H]1CC[C@@]2(O)C#C,-6.9
Alogliptin Benzoate,850649-62-6,CN1C(=O)C=C(N(C1=O)CC2=CC=CC=C2C#N)N3CCCC(C3)N.C1=CC=C(C=C1)C(=O)O,-6.9
Lithocholic acid,434-13-9,CC(CCC(=O)O)C1CCC2C1(CCC3C2CCC4C3(CCC(C4)O)C)C,-6.9
Carfilzomib (PR-171),868540-17-4,CC(C)CC(C(=O)C1(CO1)C)NC(=O)C(CC2=CC=CC=C2)NC(=O)C(CC(C)C)NC(=O)C(CCC3=CC=CC=C3)NC(=O)CN4CCOCC4,-6.9
Rabeprazole Related Compound E,117977-21-6,CC1=C(C=CN=C1CSC2=NC3=CC=CC=C3N2)OCCCOC,-6.9
Doxycycline hyclate,24390-14-5,CCO.CC1C2C(C3C(C(=O)C(=C(C3(C(=O)C2=C(C4=C1C=CC=C4O)O)O)O)C(=O)N)N(C)C)O.CC1C2C(C3C(C(=O)C(=C(C3(C(=O)C2=C(C4=C1C=CC=C4O)O)O)O)C(=O)N)N(C)C)O.O.Cl.Cl,-6.9
Naproxen,22204-53-1,COc1ccc2cc(ccc2c1)C(C)C(O)=O,-6.9
Ramelteon,196597-26-9,CCC(=O)NCC[C@@H]1CCc2ccc3OCCc3c12,-6.9
Butoconazole nitrate,64872-77-1,C1=CC(=C(C(=C1)Cl)SC(CCC2=CC=C(C=C2)Cl)CN3C=CN=C3)Cl.[N+](=O)(O)[O-],-6.9
Abacavir,136470-78-5,Nc1nc(NC2CC2)c3ncn([C@@H]4C[C@H](CO)C=C4)c3n1,-6.9
Cepazine,64544-07-6,CO/N=C(C(=O)N[C@H]1[C@H]2SCC(=C(N2C1=O)C(=O)OC(C)OC(C)=O)COC(N)=O)/c3occc3,-6.9
Podophyllotoxin,518-28-5,COc1cc(cc(OC)c1OC)[C@H]2[C@@H]3[C@H](COC3=O)[C@@H](O)c4cc5OCOc5cc24,-6.9
Minocycline hydrochloride,13614-98-7,CN(C)C1C2CC3CC4=C(C=CC(=C4C(=C3C(=O)C2(C(=C(C1=O)C(=O)N)O)O)O)O)N(C)C.Cl,-6.9
Aztreonam,78110-38-0,C[C@H]1[C@H](NC(=O)C(=N/OC(C)(C)C(O)=O)\c2csc([NH3+])n2)C(=O)N1[S]([O-])(=O)=O,-6.9
Tamoxifen citrate,54965-24-1,CCC(=C(C1=CC=CC=C1)C2=CC=C(C=C2)OCCN(C)C)C3=CC=CC=C3.C(C(=O)O)C(CC(=O)O)(C(=O)O)O,-6.9
Monobenzone,103-16-2,Oc1ccc(OCc2ccccc2)cc1,-6.9
Ranolazine dihydrochloride,95635-56-6,CC1=C(C(=CC=C1)C)NC(=O)CN2CCN(CC2)CC(COC3=CC=CC=C3OC)O.Cl.Cl,-6.9
Cefdinir,91832-40-5,Nc1scc(n1)\C(=N\O)C(=O)N[C@H]2[C@H]3SCC(=C(N3C2=O)C(O)=O)C=C,-6.9
Tipranavir,174484-41-4,CCC[C@@]1(CCc2ccccc2)CC(=O)C(=C(O)O1)[C@H](CC)c3cccc(N[S](=O)(=O)c4ccc(cn4)C(F)(F)F)c3,-6.8
Tacrolimus,104987-11-3,CO[C@@H]1C[C@@H](CC[C@H]1O)/C=C(C)/[C@H]2OC(=O)[C@@H]3CCCCN3C(=O)C(=O)[C@]4(O)O[C@H]([C@H](C[C@@H](C)CC(=C/[C@@H](CC=C)C(=O)C[C@H](O)[C@H]2C)/C)OC)[C@H](C[C@H]4C)OC,-6.8
Clozapine,5786-21-0,CN1CCN(CC1)C2=C3C=CC=CC3=Nc4ccc(Cl)cc4N2,-6.8
Minocycline,10118-90-8,CN(C)C1C2CC3CC4=C(C=CC(=C4C(=C3C(=O)C2(C(=C(C1=O)C(=O)N)O)O)O)O)N(C)C,-6.8
Darifenacin,133099-04-4,NC(=O)C(C1CCN(CCc2ccc3OCCc3c2)C1)(c4ccccc4)c5ccccc5,-6.8
Calcipotriol,112965-21-6,C[C@H](\C=C\[C@@H](O)C1CC1)[C@H]2CC[C@H]3\C(CCC[C@]23C)=C\C=C4\C[C@@H](O)C[C@H](O)C4=C,-6.8
Cabazitaxel,183133-96-2,CC1=C2C(C(=O)C3(C(CC4C(C3C(C(C2(C)C)(CC1OC(=O)C(C(C5=CC=CC=C5)NC(=O)OC(C)(C)C)O)O)OC(=O)C6=CC=CC=C6)(CO4)OC(=O)C)OC)C)OC,-6.8
Betamethasone,378-44-9,C[C@H]1C[C@H]2[C@@H]3CCC4=CC(=O)C=C[C@]4(C)[C@@]3(F)[C@@H](O)C[C@]2(C)[C@@]1(O)C(=O)CO,-6.8
CID 92851323,-,CCCCC(=O)OCC(=O)C1(CC(C2=C(C1)C(=C3C(=C2O)C(=O)C4=C(C3=O)C=CC=C4OC)O)OC5CC(C(C(O5)C)O)NC(=O)C(F)(F)F)O,-6.8
Prednisolone,50-24-8,C[C@]12C[C@H](O)[C@H]3[C@@H](CCC4=CC(=O)C=C[C@]34C)[C@@H]1CC[C@]2(O)C(=O)CO,-6.8
Trifluoperazine,117-89-5,CN1CCN(CCCN2c3ccccc3Sc4ccc(cc24)C(F)(F)F)CC1,-6.8
Levofloxacin,100986-85-4,C[C@H]1COc2c(N3CCN(C)CC3)c(F)cc4C(=O)C(=CN1c24)C(O)=O,-6.8
Cariprazine,839712-12-8,CN(C)C(=O)NC1CCC(CC1)CCN2CCN(CC2)C3=C(C(=CC=C3)Cl)Cl,-6.8
"(4R)-4-[(3S,5S,8R,9S,10S,12R,13R,14S,17S)-3,12-Dihydroxy-10,13-dimethyl-2,3,4,5,6,7,8,9,11,12,14,15,16,17-tetradecahydro-1H-cyclopenta[a]phenanthren-17-yl]pentanoic acid",-,CC(CCC(=O)O)C1CCC2C1(C(CC3C2CCC4C3(CCC(C4)O)C)O)C,-6.8
Fludrocortisone,127-31-1,C[C@]12C[C@H](O)[C@@]3(F)[C@@H](CCC4=CC(=O)CC[C@]34C)[C@@H]1CC[C@]2(O)C(=O)CO,-6.8
Tenofovir alafenamide,383365-04-6,CC(C)OC(=O)C(C)NP(=O)(COC(C)CN1C=NC2=C(N=CN=C21)N)OC3=CC=CC=C3,-6.8
"Atracurium, (1R,2R,1'R,2'S)-(+/-)-",1599467-96-5,C[N+]1(CCC2=CC(=C(C=C2C1CC3=CC(=C(C=C3)OC)OC)OC)OC)CCC(=O)OCCCCCOC(=O)CC[N+]4(CCC5=CC(=C(C=C5C4CC6=CC(=C(C=C6)OC)OC)OC)OC)C,-6.8
Dehydroepiandrosterone,53-43-0,C[C@]12CC[C@H]3[C@@H](CC=C4C[C@@H](O)CC[C@]34C)[C@@H]1CCC2=O,-6.8
(R)-Ranolazine,-,CC1=C(C(=CC=C1)C)NC(=O)CN2CCN(CC2)CC(COC3=CC=CC=C3OC)O,-6.8
Codeine,76-57-3,COc1ccc2C[C@@H]3[C@@H]4C=C[C@H](O)[C@@H]5Oc1c2[C@]45CCN3C,-6.8
Dicloxacillin,3116-76-5,Cc1onc(c1C(=O)N[C@H]2[C@H]3SC(C)(C)[C@@H](N3C2=O)C(O)=O)c4c(Cl)cccc4Cl,-6.8
Levonorgestrel oxime,53016-31-2,CCC12CCC3C(C1CCC2(C#C)O)CCC4=CC(=NO)CCC34,-6.8
Oxiconazole,64211-45-6,Clc1ccc(CO\N=C(/Cn2ccnc2)c3ccc(Cl)cc3Cl)c(Cl)c1,-6.8
Naloxone,465-65-6,Oc1ccc2C[C@H]3N(CC[C@@]45[C@@H](Oc1c24)C(=O)CC[C@@]35O)CC=C,-6.8
(S)-Warfarin,5543-57-7,CC(=O)CC(c1ccccc1)C2=C(O)Oc3ccccc3C2=O,-6.8
Calcitriol,32222-06-3,C[C@H](CCCC(C)(C)O)[C@H]1CC[C@H]2\C(CCC[C@]12C)=C\C=C3\C[C@@H](O)C[C@H](O)C3=C,-6.8
Bedaquiline,654653-93-7,CN(C)CCC(C1=CC=CC2=CC=CC=C21)(C(C3=CC=CC=C3)C4=C(N=C5C=CC(=CC5=C4)Br)OC)O,-6.8
Cefuroxim,55268-75-2,CO/N=C(C(=O)N[C@H]1[C@H]2SCC(=C(N2C1=O)C(O)=O)COC(N)=O)/c3occc3,-6.8
Beclomethasone dipropionate,1327543,CCC(=O)OCC(=O)C1(C(CC2C1(CC(C3(C2CCC4=CC(=O)C=CC43C)Cl)O)C)C)OC(=O)CC,-6.8
Buprenorphine,52485-79-7,CC(C)(C)C(C)(C1CC23CCC1(C4C25CCN(C3CC6=C5C(=C(C=C6)O)O4)CC7CC7)OC)O,-6.8
Fenofibrate,49562-28-9,CC(C)OC(=O)C(C)(C)Oc1ccc(cc1)C(=O)c2ccc(Cl)cc2,-6.8
Penicillin v,87-08-1,CC1(C(N2C(S1)C(C2=O)NC(=O)COC3=CC=CC=C3)C(=O)O)C,-6.8
Olanzapine,132539-06-1,CN1CCN(CC1)C2=C3C=C(C)SC3=Nc4ccccc4N2,-6.8
Levorphanol,77-07-6,CN1CC[C@]23CCCC[C@H]2[C@H]1Cc4ccc(O)cc34,-6.8
Brilliant Green cation,18198-35-1,CCN(CC)C1=CC=C(C=C1)C(=C2C=CC(=[N+](CC)CC)C=C2)C3=CC=CC=C3,-6.8
Bepotastine,125602-71-3,C1CN(CCC1OC(C2=CC=C(C=C2)Cl)C3=CC=CC=N3)CCCC(=O)O,-6.8
"Ondansetron, (3R)-",99614-60-5,CC1=NC=CN1CC2CCC3=C(C2=O)C4=CC=CC=C4N3C,-6.8
Hyoscine,51-34-3,[Br].CN1[C@H]2CC(C[C@H]1[C@@H]3O[C@H]23)OC(=O)[C@H](CO)c4ccccc4,-6.8
Torsemide,56211-40-6,CC(C)NC(=O)N[S](=O)(=O)c1cnccc1Nc2cccc(C)c2,-6.8
"1-[(2s)-2-[(4-Chlorobenzyl)oxy]-2-(2,4-Dichlorophenyl)ethyl]-1h-Imidazole",73094-37-8,Clc1ccc(CO[C@H](Cn2ccnc2)c3ccc(Cl)cc3Cl)cc1,-6.8
Triclocarban,101-20-2,Clc1ccc(NC(=O)Nc2ccc(Cl)c(Cl)c2)cc1,-6.8
Diazepam,439-14-5,CN1C(=O)CN=C(c2ccccc2)c3cc(Cl)ccc13,-6.8
(S)-Doxapram,179915-80-1,CCN1CC(C(C1=O)(C2=CC=CC=C2)C3=CC=CC=C3)CCN4CCOCC4,-6.8
(R)-Citalopram,128196-02-1,CN(C)CCC[C@@]1(OCc2cc(ccc12)C#N)c3ccc(F)cc3,-6.8
Lesinurad,878672-00-5,C1CC1C2=CC=C(C3=CC=CC=C23)N4C(=NN=C4Br)SCC(=O)O,-6.8
"(8R,9R,10R,13S,14R,17R)-13-Ethyl-17-ethynyl-17-hydroxy-1,2,6,7,8,9,10,11,12,14,15,16-dodecahydrocyclopenta[a]phenanthren-3-one",6533-00-2,CC[C@]12CC[C@@H]3[C@@H](CCC4=CC(=O)CC[C@H]34)[C@H]1CC[C@@]2(O)C#C,-6.8
Sulisobenzone,4065-45-6,COc1cc(O)c(cc1[S](O)(=O)=O)C(=O)c2ccccc2,-6.8
Efavirenz,154598-52-4,FC(F)(F)[C@]1(OC(=O)Nc2ccc(Cl)cc12)C#CC3CC3,-6.8
(R)-Doxapram,179915-79-8,CCN1CC(C(C1=O)(C2=CC=CC=C2)C3=CC=CC=C3)CCN4CCOCC4,-6.8
Pentosan polysulfate,37300-21-3,C1C(C(C(C(O1)OC2COC(C(C2OS(=O)(=O)O)OS(=O)(=O)O)O)OS(=O)(=O)O)OS(=O)(=O)O)O,-6.8
Protriptyline,438-60-8,CNCCCC1c2ccccc2C=Cc3ccccc13,-6.8
Tofacitinib,477600-75-2,CC1CCN(CC1N(C)C2=NC=NC3=C2C=CN3)C(=O)CC#N,-6.8
Methylene Blue cation,7060-82-4,CN(C)C1=CC2=C(C=C1)N=C3C=CC(=[N+](C)C)C=C3S2,-6.8
Fludarabine,21679-14-1,Nc1nc(F)nc2n(cnc12)[C@@H]3O[C@H](CO)[C@@H](O)[C@@H]3O,-6.8
(R)-Fenoprofen,32953-79-0,CC(C1=CC(=CC=C1)OC2=CC=CC=C2)C(=O)O,-6.8
Lodoxamide,53882-12-5,OC(=O)C(=O)Nc1cc(cc(NC(=O)C(O)=O)c1Cl)C#N,-6.8
"Gabapentin enacarbil, (R)-",1174748-45-8,CC(C)C(=O)OC(C)OC(=O)NCC1(CCCCC1)CC(=O)O,-6.8
Tamsulosin,106133-20-4,CCOc1ccccc1OCCN[C@H](C)Cc2ccc(OC)c(c2)[S](N)(=O)=O,-6.8
(R)-Mepivacaine,34811-66-0,CC1=C(C(=CC=C1)C)NC(=O)C2CCCCN2C,-6.8
(S)-Propafenone,107381-32-8,CCCNCC(COC1=CC=CC=C1C(=O)CCC2=CC=CC=C2)O,-6.8
Zuclomiphene,15690-55-8,CCN(CC)CCOc1ccc(cc1)\C(=C(Cl)\c2ccccc2)c3ccccc3,-6.8
(R)-Butaconazole,151909-76-1,C1=CC(=C(C(=C1)Cl)SC(CCC2=CC=C(C=C2)Cl)CN3C=CN=C3)Cl,-6.8
(R)-Dobutamine,61661-05-0,CC(CCC1=CC=C(C=C1)O)NCCC2=CC(=C(C=C2)O)O,-6.8
Brimonidine,59803-98-4,Brc1c(NC2=NCCN2)ccc3nccnc13,-6.8
Floxuridine,50-91-9,OC[C@H]1O[C@H](C[C@@H]1O)N2C=C(F)C(=O)NC2=O,-6.8
Osalmid,526-18-1,Oc1ccc(NC(=O)c2ccccc2O)cc1,-6.8
Cloperastine fendizoate,85187-37-7,C1CCN(CC1)CCOC(C2=CC=CC=C2)C3=CC=C(C=C3)Cl.C1=CC=C(C=C1)C2=C(C=CC(=C2)C(=O)C3=CC=CC=C3C(=O)O)O,-6.8
Diphenidol hydrochloride,3254-89-5,C1CCN(CC1)CCCC(C2=CC=CC=C2)(C3=CC=CC=C3)O.Cl,-6.8
Paramethasone acetate,1597-82-6,CC1CC2C3CC(C4=CC(=O)C=CC4(C3C(CC2(C1(C(=O)COC(=O)C)O)C)O)C)F,-6.8
Pivmecillinam,32886-97-8,CC(C)(C)C(=O)OCOC(=O)C1N2[C@H](SC1(C)C)[C@H](N=CN3CCCCCC3)C2=O,-6.8
Fusafungine,1393-87-9,CC(C)C1C(=O)OC(C(=O)N(C(C(=O)OC(C(=O)N(C(C(=O)OC(C(=O)N1C)C(C)C)C(C)C)C)C(C)C)C(C)C)C)C(C)C,-6.8
Ethaverine,486-47-5,CCOc1ccc(Cc2nccc3cc(OCC)c(OCC)cc23)cc1OCC,-6.8
Retinyl acetate,127-47-9,CC1=C(C(CCC1)(C)C)C=CC(=CC=CC(=CCOC(=O)C)C)C,-6.8
Diphenylpyraline,147-20-6,CN1CCC(CC1)OC(c2ccccc2)c3ccccc3,-6.8
Fenoterol hydrobromide,16409,CC(CC1=CC=C(C=C1)O)NCC(C2=CC(=CC(=C2)O)O)O.Br,-6.8
Lercanidipine,100427-26-7,COC(=O)C1=C(C)NC(=C(C1c2cccc(c2)[N+]([O-])=O)C(=O)OC(C)(C)CN(C)CCC(c3ccccc3)c4ccccc4)C,-6.8
Saxagliptin,361442-04-8,N[C@H](C(=O)N1[C@@H](C[C@@H]2C[C@H]12)C#N)C34CC5CC(CC(O)(C5)C3)C4.OC(=O)C(F)(F)F,-6.8
Alizapride,59338-93-1,COc1cc2n[nH]nc2cc1C(=O)NCC3CCCN3CC=C,-6.8
Dextran,9004-54-0,OC[C@H]1O[C@H](OC[C@H]2O[C@H](OC[C@@H](O)[C@@H](O)[C@H](O)[C@@H](O)C=O)[C@H](O)[C@@H](O)[C@@H]2O)[C@H](O)[C@@H](O)[C@@H]1O,-6.8
Fluocortolone caproate,303-40-2,CCCCCC(=O)OCC(=O)C1C(CC2C1(CC(C3C2CC(C4=CC(=O)C=CC34C)F)O)C)C,-6.8
Scopolamine hydrobromide,114-49-8,CN1C2CC(CC1C3C2O3)OC(=O)C(CO)C4=CC=CC=C4.Br,-6.8
Guaiazulene,489-84-9,CC(C)c1ccc(C)c2ccc(C)c2c1,-6.8
Cephapirin,21593-23-7,CC(=O)OCC1=C(N2[C@H](SC1)[C@H](NC(=O)CSc3ccncc3)C2=O)C(O)=O,-6.8
Ofloxacin,82419-36-1,CC1COc2c(N3CCN(C)CC3)c(F)cc4C(=O)C(=CN1c24)C(O)=O,-6.8
Econazole,27220-47-9,Clc1ccc(COC(Cn2ccnc2)c3ccc(Cl)cc3Cl)cc1,-6.8
Labetalol hydrochloride,32780-64-6,CC(CCC1=CC=CC=C1)NCC(C2=CC(=C(C=C2)O)C(=O)N)O.Cl,-6.8
Cyclobenzaprine hydrochloride,6202-23-9,CN(C)CCC=C1C2=CC=CC=C2C=CC3=CC=CC=C31.Cl,-6.8
Anagrelide hydrochloride,58579-51-4,C1C2=C(C=CC(=C2Cl)Cl)N=C3N1CC(=O)N3.Cl,-6.8
Zuclopenthixol decanoate,64053-00-5,CCCCCCCCCC(=O)OCCN1CCN(CC1)CCC=C2C3=CC=CC=C3SC4=C2C=C(C=C4)Cl,-6.8
Diphenylpyraline hydrochloride,132-18-3,CN1CCC(CC1)OC(C2=CC=CC=C2)C3=CC=CC=C3.Cl,-6.8
Mebhydrolin,524-81-2,CN1CCc2n(Cc3ccccc3)c4ccccc4c2C1,-6.8
Nifurtoinol,1088-92-2,OCN1C(=O)CN(\N=C\c2oc(cc2)[N+]([O-])=O)C1=O,-6.8
Sulprostone,60325-46-4,C[S](=O)(=O)NC(=O)CCC\C=C/C[C@@H]1[C@@H](\C=C\[C@@H](O)COc2ccccc2)[C@H](O)CC1=O,-6.8
Probucol,23288-49-5,CC(C)(C)c1cc(SC(C)(C)Sc2cc(c(O)c(c2)C(C)(C)C)C(C)(C)C)cc(c1O)C(C)(C)C,-6.8
Flupentixol,2709-56-0,OCCN1CCN(CC\C=C/2c3ccccc3Sc4ccc(cc24)C(F)(F)F)CC1,-6.8
Benzydamine hydrochloride,132-69-4,CN(C)CCCOC1=NN(C2=CC=CC=C21)CC3=CC=CC=C3.Cl,-6.8
Curcumin,458-37-7,COc1cc(\C=C\C(=O)CC(=O)\C=C\c2ccc(O)c(OC)c2)ccc1O,-6.8
Sulfadimethoxine,122-11-2,COc1cc(N[S](=O)(=O)c2ccc(N)cc2)nc(OC)n1,-6.8
Melitracen hydrochloride,10563-70-9,CC1(C2=CC=CC=C2C(=CCCN(C)C)C3=CC=CC=C31)C.Cl,-6.8
Bromocresol green,76-60-8,CC1=C(C(=C(C=C1C2(C3=CC=CC=C3S(=O)(=O)O2)C4=CC(=C(C(=C4C)Br)O)Br)Br)O)Br,-6.8
Asunaprevir,630420-16-5,CC(C)(C)C(C(=O)N1CC(CC1C(=O)NC2(CC2C=C)C(=O)NS(=O)(=O)C3CC3)OC4=NC=C(C5=C4C=C(C=C5)Cl)OC)NC(=O)OC(C)(C)C,-6.8
Eluxadoline,864821-90-9,CC1=CC(=CC(=C1CC(C(=O)N(CC2=CC(=C(C=C2)OC)C(=O)O)C(C)C3=NC=C(N3)C4=CC=CC=C4)N)C)C(=O)N,-6.8
Piperacetazine,3819-00-9,CC(=O)c1ccc2Sc3ccccc3N(CCCN4CCC(CCO)CC4)c2c1,-6.8
Scopolamine HBr,114-49-8,CN1C2CC(CC1C3C2O3)OC(=O)C(CO)C4=CC=CC=C4.Br,-6.8
Ambrisentan,177036-94-1,COC(C(Oc1nc(C)cc(C)n1)C(O)=O)(c2ccccc2)c3ccccc3,-6.8
Betamethasone,378-44-9,C[C@H]1C[C@H]2[C@@H]3CCC4=CC(=O)C=C[C@]4(C)[C@@]3(F)[C@@H](O)C[C@]2(C)[C@@]1(O)C(=O)CO,-6.8
Ramipril,87333-19-5,CCOC(=O)[C@H](CCc1ccccc1)N[C@@H](C)C(=O)N2[C@H]3CCC[C@H]3C[C@H]2C(O)=O,-6.8
Trifluridine,70-00-8,OCC1OC(CC1O)N2C=C(C(=O)NC2=O)C(F)(F)F,-6.8
Cefditoren pivoxil,117467-28-4,CC1=C(SC=N1)C=CC2=C(N3C(C(C3=O)NC(=O)C(=NOC)C4=CSC(=N4)N)SC2)C(=O)OCOC(=O)C(C)(C)C,-6.8
Griseofulvin,126-07-8,COC1CC(=O)C[C@@H](C)[C@]12Oc3c(Cl)c(OC)cc(OC)c3C2=O,-6.8
Riboflavin,83-88-5,Cc1cc2N=C3C(=O)NC(=O)N=C3N(CC(O)C(O)C(O)CO)c2cc1C,-6.8
Testosterone propionate,57-85-2,CCC(=O)OC1CCC2C1(CCC3C2CCC4=CC(=O)CCC34C)C,-6.8
Colchicine,64-86-8,COC1=CC=C2C(=CC1=O)[C@H](CCc3cc(OC)c(OC)c(OC)c23)NC(C)=O,-6.8
Protriptyline hydrochloride,1225-55-4,CNCCCC1C2=CC=CC=C2C=CC3=CC=CC=C13.Cl,-6.8
Norethynodrel,68-23-5,C[C@]12CC[C@H]3[C@@H](CCC4=C3CCC(=O)C4)[C@@H]1CC[C@@]2(O)C#C,-6.8
Streptomycin,57-92-1,CN[C@H]1[C@H](O)[C@@H](O)[C@H](CO)O[C@H]1O[C@H]2[C@@H](O[C@@H](C)[C@]2(O)C=O)O[C@H]3[C@H](O)[C@@H](O)[C@H](N=C(N)N)[C@@H](O)[C@@H]3N=C(N)N,-6.7
Azithromycin,83905-01-5,CC[C@H]1OC(=O)[C@H](C)[C@@H](O[C@H]2C[C@@](C)(OC)[C@@H](O)[C@H](C)O2)C(C)[C@@H](O[C@@H]3O[C@H](C)C[C@@H]([C@H]3O)N(C)C)[C@](C)(O)C[C@@H](C)CN(C)[C@H](C)[C@@H](O)[C@]1(C)O,-6.7
Fluphenazine,69-23-8,OCCN1CCN(CCCN2c3ccccc3Sc4ccc(cc24)C(F)(F)F)CC1,-6.7
Eletriptan,143322-58-1,CN1CCC[C@@H]1Cc2c[nH]c3ccc(CC[S](=O)(=O)c4ccccc4)cc23,-6.7
Desoximetasone,382-67-2,C[C@@H]1C[C@H]2[C@@H]3CCC4=CC(=O)C=C[C@]4(C)[C@@]3(F)[C@@H](O)C[C@]2(C)[C@H]1C(=O)CO,-6.7
Trandolapril,87679-37-6,CCOC(=O)[C@H](CCc1ccccc1)N[C@@H](C)C(=O)N2[C@H]3CCCC[C@@H]3C[C@H]2C(O)=O,-6.7
Unii-T58msi464G,56180-94-0,CC1C(C(C(C(O1)OC2C(OC(C(C2O)O)OC(C(CO)O)C(C(C=O)O)O)CO)O)O)NC3C=C(C(C(C3O)O)O)CO,-6.7
Quinine,130-95-0,COc1ccc2nccc([C@@H](O)[C@@H]3C[C@H]4CCN3C[C@@H]4C=C)c2c1,-6.7
Benazepril,86541-75-5,CCOC(=O)[C@H](CCc1ccccc1)N[C@H]2CCc3ccccc3N(CC(O)=O)C2=O,-6.7
Ampicillin,69-53-4,CC1(C)S[C@@H]2[C@H](NC(=O)[C@H](N)c3ccccc3)C(=O)N2[C@H]1C(O)=O,-6.7
Quetiapine,111974-69-7,OCCOCCN1CCN(CC1)C2=Nc3ccccc3Sc4ccccc24,-6.7
Prednicarbate,73771-04-7,CCOC(=O)O[C@@]1(CC[C@H]2[C@@H]3CCC4=CC(=O)C=C[C@]4(C)[C@H]3[C@@H](O)C[C@]12C)C(=O)COC(=O)CC,-6.7
Naltrexone,16590-41-3,Oc1ccc2C[C@H]3N(CC[C@@]45[C@@H](Oc1c24)C(=O)CC[C@@]35O)CC6CC6,-6.7
Fluticasone propionate,80474-14-2,CCC(=O)OC1(C(CC2C1(CC(C3(C2CC(C4=CC(=O)C=CC43C)F)F)O)C)C)C(=O)SCF,-6.7
Valbenazine,1025504-45-3,CC(C)CC1CN2CCC3=CC(=C(C=C3C2CC1OC(=O)C(C(C)C)N)OC)OC,-6.7
"(5S)-9-Chloro-5-(4-hydroxyphenyl)-2,3,4,5-tetrahydro-1H-3-benzazepine-7,8-diol",85145-23-9,Oc1ccc(cc1)[C@@H]2CNCCc3c(Cl)c(O)c(O)cc23,-6.7
"Fenoldopam, (R)-",85145-24-0,C1CNCC(C2=CC(=C(C(=C21)Cl)O)O)C3=CC=C(C=C3)O,-6.7
Panobinostat,404950-80-7,Cc1[nH]c2ccccc2c1CCNCc3ccc(\C=C\C(=O)NO)cc3,-6.7
Dilevalol,72487-32-2,C[C@H](CCc1ccccc1)NC[C@H](O)c2ccc(O)c(c2)C(N)=O,-6.7
Mycophenolate mofetil,128794-94-5,CC1=C2COC(=O)C2=C(C(=C1OC)CC=C(C)CCC(=O)OCCN3CCOCC3)O,-6.7
"1-[(2r)-2-[(4-Chlorobenzyl)oxy]-2-(2,4-Dichlorophenyl)ethyl]-1h-Imidazole",73094-39-0,Clc1ccc(CO[C@@H](Cn2ccnc2)c3ccc(Cl)cc3Cl)cc1,-6.7
"(+)-5,6,7,8-Tetrahydro-6-(propyl(2-(2-thienyl)ethyl)amino)-1-naphthol",112835-48-0,CCCN(CCc1sccc1)C2CCc3c(O)cccc3C2,-6.7
Topiramate,97240-79-4,CC1(C)O[C@@H]2CO[C@@]3(CO[S](N)(=O)=O)OC(C)(C)O[C@H]3[C@@H]2O1,-6.7
Aerovent,60205-81-4,CC(C)[N+]1(C)[C@@H]2CC[C@@H]1CC(C2)OC(=O)C(CO)c3ccccc3,-6.7
Sinequan,1668-19-5,[H+].[Cl-].CN(C)CC\C=C1/c2ccccc2COc3ccccc13,-6.7
(+)-Hyoscyamine,13269-35-7,CN1C2CCC1CC(C2)OC(=O)[C@@H](CO)c3ccccc3,-6.7
Nitazoxanide,55981-09-4,CC(=O)Oc1ccccc1C(=O)Nc2sc(cn2)[N+]([O-])=O,-6.7
Tenofovir disoproxil,201341-05-1,CC(C)OC(=O)OCOP(=O)(COC(C)CN1C=NC2=C(N=CN=C21)N)OCOC(=O)OC(C)C,-6.7
Mometasone,105102-22-5,C[C@@H]1C[C@H]2[C@@H]3CCC4=CC(=O)C=C[C@]4(C)[C@@]3(Cl)[C@@H](O)C[C@]2(C)[C@@]1(O)C(=O)CCl,-6.7
Toremifene,89778-26-7,CN(C)CCOc1ccc(cc1)\C(=C(\CCCl)c2ccccc2)c3ccccc3,-6.7
Anastrozole,120511-73-1,CC(C)(C#N)c1cc(Cn2cncn2)cc(c1)C(C)(C)C#N,-6.7
Mefenamic acid,61-68-7,CC1=C(C(=CC=C1)NC2=CC=CC=C2C(=O)O)C,-6.7
Imipramine,50-49-7,CN(C)CCCN1c2ccccc2CCc3ccccc13,-6.7
Sulfisoxazole,127-69-5,Cc1noc(N[S](=O)(=O)c2ccc(N)cc2)c1C,-6.7
(S)-Tioconazole,-,C1=CC(=C(C=C1Cl)Cl)C(CN2C=CN=C2)OCC3=C(SC=C3)Cl,-6.7
Levobunolol,47141-42-4,CC(C)(C)NC[C@H](O)COc1cccc2C(=O)CCCc12,-6.7
(R)-Ketorolac,66635-93-6,C1CN2C(=CC=C2C(=O)C3=CC=CC=C3)C1C(=O)O,-6.7
Tiagabine,115103-54-3,Cc1ccsc1C(=CCCN2CCC[C@H](C2)C(O)=O)c3sccc3C,-6.7
(S)-Fenoprofen,33028-97-6,CC(C1=CC(=CC=C1)OC2=CC=CC=C2)C(=O)O,-6.7
Ramelteon,196597-26-9,CCC(=O)NCC[C@@H]1CCc2ccc3OCCc3c12,-6.7
"(5E)-5-[(3Ar,4R,5R,6aS)-5-hydroxy-4-[(E,3S)-3-hydroxyoct-1-enyl]-3,3a,4,5,6,6a-hexahydrocyclopenta[b]furan-2-ylidene]pentanoic acid",-,CCCCCC(C=CC1C(CC2C1CC(=CCCCC(=O)O)O2)O)O,-6.7
Clomiphene,15690-57-0,CCN(CC)CCOc1ccc(cc1)\C(=C(Cl)\c2ccccc2)c3ccccc3,-6.7
Ticlopidine,55142-85-3,[H+].[Cl-].Clc1ccccc1CN2CCc3sccc3C2,-6.7
Tolbutamide,64-77-7,CCCCNC(=O)N[S](=O)(=O)c1ccc(C)cc1,-6.7
Chlorpropamide,94-20-2,CCCNC(=O)N[S](=O)(=O)c1ccc(Cl)cc1,-6.7
Sulfisomidine,515-64-0,Cc1cc(N[S](=O)(=O)c2ccc(N)cc2)nc(C)n1,-6.7
Mequitazine,29216-28-2,C1CN2CCC1C(C2)CN3c4ccccc4Sc5ccccc35,-6.7
Phenylbutazone,50-33-9,CCCCC1C(=O)N(N(C1=O)c2ccccc2)c3ccccc3,-6.7
Oxycodone hydrochloride,124-90-3,CN1CCC23C4C(=O)CCC2(C1CC5=C3C(=C(C=C5)OC)O4)O.Cl,-6.7
Oxethazaine,126-27-2,CN(C(=O)CN(CCO)CC(=O)N(C)C(C)(C)Cc1ccccc1)C(C)(C)Cc2ccccc2,-6.7
Inositol niacinate,1700877,C1=CC(=CN=C1)C(=O)OC2C(C(C(C(C2OC(=O)C3=CN=CC=C3)OC(=O)C4=CN=CC=C4)OC(=O)C5=CN=CC=C5)OC(=O)C6=CN=CC=C6)OC(=O)C7=CN=CC=C7,-6.7
Ethylmorphine hydrochloride,125-30-4,CCOC1=C2C3=C(CC4C5C3(CCN4C)C(O2)C(C=C5)O)C=C1.Cl,-6.7
Chlorquinaldol,72-80-0,Cc1ccc2c(Cl)cc(Cl)c(O)c2n1,-6.7
Baricitinib,1187594-09-7,CCS(=O)(=O)N1CC(C1)(CC#N)N2C=C(C=N2)C3=C4C=CNC4=NC=N3,-6.7
Venlafaxine,93413-69-5,COc1ccc(cc1)C(CN(C)C)C2(O)CCCCC2,-6.7
Imidapril hydrochloride,89396-94-1,CCOC(=O)C(CCC1=CC=CC=C1)NC(C)C(=O)N2C(CN(C2=O)C)C(=O)O.Cl,-6.7
Sertraline hydrochloride,79559-97-0,CNC1CCC(C2=CC=CC=C12)C3=CC(=C(C=C3)Cl)Cl.Cl,-6.7
Tolperisone hydrochloride,3644-61-9,CC1=CC=C(C=C1)C(=O)C(C)CN2CCCCC2.Cl,-6.7
Cilazapril,88768-40-5,O.CCOC(=O)[C@H](CCc1ccccc1)N[C@H]2CCCN3CCC[C@H](N3C2=O)C(O)=O,-6.7
Vortioxetine hydrobromide,960203-27-4,CC1=CC(=C(C=C1)SC2=CC=CC=C2N3CCNCC3)C.Br,-6.7
Cephaloridine,50-59-9,[O-]C(=O)C1=C(CS[C@@H]2[C@H](NC(=O)Cc3sccc3)C(=O)N12)C[n+]4ccccc4,-6.7
Valganciclovir hydrochloride,175865-59-5,CC(C)C(C(=O)OCC(CO)OCN1C=NC2=C1N=C(NC2=O)N)N.Cl,-6.7
Temazepam,846-50-4,CN1C(=O)C(O)N=C(c2ccccc2)c3cc(Cl)ccc13,-6.7
Latamoxef,64952-97-2,CO[C@]1(NC(=O)C(C(O)=O)c2ccc(O)cc2)[C@H]3OCC(=C(N3C1=O)C(O)=O)CSc4nnnn4C,-6.7
Chondroitin sulfate,9007-28-7,CC(=O)NC1C(C(C(OC1O)OS(=O)(=O)O)O)OC2C(C(C(C(O2)C(=O)O)O)O)O,-6.7
Tropicamide,1508-75-4,NC(=O)C(CO)c1ccccc1,-6.7
Levobunolol hydrochloride,27912-14-7,CC(C)(C)NCC(COC1=CC=CC2=C1CCCC2=O)O.Cl,-6.7
Acebutolol hydrochloride,34381-68-5,CCCC(=O)NC1=CC(=C(C=C1)OCC(CNC(C)C)O)C(=O)C.Cl,-6.7
Tramazoline hydrochloride,3715-90-0,C1CCC2=C(C1)C=CC=C2NC3=NCCN3.Cl,-6.7
Cetraxate hydrochloride,27724-96-5,C1CC(CCC1CN)C(=O)OC2=CC=C(C=C2)CCC(=O)O.Cl,-6.7
Tolfenamic acid,13710-19-5,CC1=C(C=CC=C1Cl)NC2=CC=CC=C2C(=O)O,-6.7
alpha-Sulfobenzylpenicillin,41744-40-5,CC1(C(N2C(S1)C(C2=O)NC(=O)C(C3=CC=CC=C3)S(=O)(=O)O)C(=O)O)C,-6.7
Cloperastine,3703-76-2,Clc1ccc(cc1)C(OCCN2CCCCC2)c3ccccc3,-6.7
Bupivacaine hydrochloride,18010-40-7,CCCCN1CCCCC1C(=O)NC2=C(C=CC=C2C)C.Cl,-6.7
Gentamicin,1403-66-3,CNC(C)C1CCC(N)C(O1)OC2C(N)CC(N)C(OC3OCC(C)(O)C(NC)C3O)C2O,-6.7
Tamsulosin hydrochloride,106463-17-6,CCOC1=CC=CC=C1OCCNC(C)CC2=CC(=C(C=C2)OC)S(=O)(=O)N.Cl,-6.7
Nalmefene hydrochloride,58895-64-0,C=C1CCC2(C3CC4=C5C2(C1OC5=C(C=C4)O)CCN3CC6CC6)O.Cl,-6.7
Azithromycin A,76801-85-9,CCC1C(C(C(N(CC(CC(C(C(C(C(C(=O)O1)C)OC2CC(C(C(O2)C)O)(C)OC)C)OC3C(C(CC(O3)C)N(C)C)O)(C)O)C)C)C)O)(C)O,-6.7
Ruxolitinib (INCB-18424) phosphate,1092939-17-7,C1CCC(C1)C(CC#N)N2C=C(C=N2)C3=C4C=CNC4=NC=N3.OP(=O)(O)O,-6.7
Lopinavir,192725-17-0,CC(C)[C@H](N1CCCNC1=O)C(=O)N[C@H](C[C@H](O)[C@H](Cc2ccccc2)NC(=O)COc3c(C)cccc3C)Cc4ccccc4,-6.7
Mometasone furoate,83919-23-7,CC1CC2C3CCC4=CC(=O)C=CC4(C3(C(CC2(C1(C(=O)CCl)OC(=O)C5=CC=CO5)C)O)Cl)C,-6.7
Mupirocin,12650-69-0,C[C@H](O)[C@H](C)[C@@H]1O[C@H]1C[C@H]2CO[C@@H](C\C(C)=C\C(=O)OCCCCCCCCC(O)=O)[C@H](O)[C@@H]2O,-6.7
Capecitabine,154361-50-9,CCCCCOC(=O)NC1=NC(=O)N(C=C1F)[C@@H]2O[C@H](C)[C@@H](O)[C@H]2O,-6.7
Gentamycin sulfate,1405-41-0,CC(C1CCC(C(O1)OC2C(CC(C(C2O)OC3C(C(C(CO3)(C)O)NC)O)N)N)N)NC,-6.7
GATIFLOXACIN,112811-59-3,COc1c(N2CCNC(C)C2)c(F)cc3C(=O)C(=CN(C4CC4)c13)C(O)=O,-6.7
Hydrocortisone acetate,50-03-3,CC(=O)OCC(=O)C1(CCC2C1(CC(C3C2CCC4=CC(=O)CCC34C)O)C)O,-6.7
Diethylstilbestrol,56-53-1,CC\C(c1ccc(O)cc1)=C(CC)/c2ccc(O)cc2,-6.7
Clindamycin phosphate,24729-96-2,CCCC1CC(N(C1)C)C(=O)NC(C2C(C(C(C(O2)SC)OP(=O)(O)O)O)O)C(C)Cl,-6.7
Warfarin sodium,129-06-6,CC(=O)CC(C1=CC=CC=C1)C2=C(C3=CC=CC=C3OC2=O)[O-].[Na+],-6.7
Erythromycin ethylsuccinate,1264-62-6,CCC1C(C(C(C(=O)C(CC(C(C(C(C(C(=O)O1)C)OC2CC(C(C(O2)C)O)(C)OC)C)OC3C(C(CC(O3)C)N(C)C)OC(=O)CCC(=O)OCC)(C)O)C)C)O)(C)O,-6.7
Ropivacaine,84057-95-4,CCCN1CCCC[C@H]1C(=O)Nc2c(C)cccc2C,-6.7
Ciprofloxacin hydrochloride,93107-08-5,C1CC1N2C=C(C(=O)C3=CC(=C(C=C32)N4CCNCC4)F)C(=O)O.Cl,-6.7
Eletriptan HBr,177834-92-3,CN1CCCC1CC2=CNC3=C2C=C(C=C3)CCS(=O)(=O)C4=CC=CC=C4.Br,-6.7
Fluticasone propionate,80474-14-2,CCC(=O)OC1(C(CC2C1(CC(C3(C2CC(C4=CC(=O)C=CC43C)F)F)O)C)C)C(=O)SCF,-6.7
(R)-Fexofenadine,-,CC(C)(C1=CC=C(C=C1)C(CCCN2CCC(CC2)C(C3=CC=CC=C3)(C4=CC=CC=C4)O)O)C(=O)O,-6.6
Vinblastine,865-21-4,CC[C@]1(O)C[C@H]2CN(CCc3c([nH]c4ccccc34)[C@@](C2)(C(=O)OC)c5cc6c(cc5OC)N(C)[C@H]7[C@](O)([C@H](OC(C)=O)[C@]8(CC)C=CCN9CC[C@]67[C@H]89)C(=O)OC)C1,-6.6
Umeclidinium,869185-19-3,C1C[N+]2(CCC1(CC2)C(C3=CC=CC=C3)(C4=CC=CC=C4)O)CCOCC5=CC=CC=C5,-6.6
Gefitinib,184475-35-2,COc1cc2ncnc(Nc3ccc(F)c(Cl)c3)c2cc1OCCCN4CCOCC4,-6.6
"Morphinanium, 17-(cyclopropylmethyl)-4,5-epoxy-3,14-dihydroxy-17-methyl-6-oxo-, (5alpha)-",916055-93-1,C[N+]1(CCC23C4C(=O)CCC2(C1CC5=C3C(=C(C=C5)O)O4)O)CC6CC6,-6.6
(S)-Carvedilol,95094-00-1,COC1=CC=CC=C1OCCNCC(COC2=CC=CC3=C2C4=CC=CC=C4N3)O,-6.6
(R)-Gatifloxacin,-,CC1CN(CCN1)C2=C(C=C3C(=C2OC)N(C=C(C3=O)C(=O)O)C4CC4)F,-6.6
"(2S,3S,4R,5R)-2-[(1S,2R,3R,4R,6S)-4,6-Diamino-3-[(2S,3S,6S)-3-amino-6-[(1R)-1-(methylamino)ethyl]oxan-2-yl]oxy-2-hydroxycyclohexyl]oxy-5-methyl-4-(methylamino)oxane-3,5-diol",-,CN[C@H](C)[C@@H]1CC[C@H](N)[C@@H](O1)O[C@@H]2[C@H](N)C[C@H](N)[C@H](O[C@@H]3OC[C@](C)(O)[C@H](NC)[C@@H]3O)[C@@H]2O,-6.6
"(2S,3S,4R,5R)-2-[(1S,2S,3R,4R,6S)-4,6-Diamino-3-[(2S,3S,6S)-3-amino-6-[(1R)-1-(methylamino)ethyl]oxan-2-yl]oxy-2-hydroxycyclohexyl]oxy-5-methyl-4-(methylamino)oxane-3,5-diol",-,CN[C@H](C)[C@@H]1CC[C@H](N)[C@@H](O1)O[C@@H]2[C@H](N)C[C@H](N)[C@H](O[C@@H]3OC[C@](C)(O)[C@H](NC)[C@@H]3O)[C@H]2O,-6.6
Halobetasol propionate,66852-54-8,CCC(=O)OC1(C(CC2C1(CC(C3(C2CC(C4=CC(=O)C=CC43C)F)F)O)C)C)C(=O)CCl,-6.6
"(1R,2S,5S)-N-[(2R)-4-Amino-1-cyclobutyl-3,4-dioxobutan-2-yl]-3-[(2S)-2-(tert-butylcarbamoylamino)-3,3-dimethylbutanoyl]-6,6-dimethyl-3-azabicyclo[3.1.0]hexane-2-carboxamide",569677-41-4,CC(C)(C)NC(=O)N[C@H](C(=O)N1C[C@H]2[C@@H]([C@H]1C(=O)N[C@H](CC3CCC3)C(=O)C(N)=O)C2(C)C)C(C)(C)C,-6.6
"(1S,3S,5S)-2-[(2S)-2-Amino-2-[(5S,7S)-3-hydroxy-1-adamantyl]acetyl]-2-azabicyclo[3.1.0]hexane-3-carbonitrile",-,N[C@H](C(=O)N1[C@@H](C[C@@H]2C[C@H]12)C#N)C34C[C@@H]5C[C@H](CC(O)(C5)C3)C4,-6.6
Simvastatin,79902-63-9,CCC(C)(C)C(=O)O[C@H]1C[C@@H](C)C=C2C=C[C@H](C)[C@H](CC[C@@H]3C[C@@H](O)CC(=O)O3)[C@@H]12,-6.6
Perphenazine,58-39-9,OCCN1CCN(CCCN2c3ccccc3Sc4ccc(Cl)cc24)CC1,-6.6
Medroxyprogesterone acetate,71-58-9,CC1CC2C(CCC3(C2CCC3(C(=O)C)OC(=O)C)C)C4(C1=CC(=O)CC4)C,-6.6
Moexipril,103775-10-6,CCOC(=O)[C@H](CCc1ccccc1)N[C@@H](C)C(=O)N2Cc3cc(OC)c(OC)cc3C[C@H]2C(O)=O,-6.6
Mitomycin,50-07-7,CO[C@@]12[C@H](COC(N)=O)C3=C(N1C[C@@H]4N[C@H]24)C(=O)C(=C(N)C3=O)C,-6.6
Butorphanol,42408-82-2,Oc1ccc2C[C@H]3N(CC[C@@]4(CCCC[C@@]34O)c2c1)CC5CCC5,-6.6
(8S)-Ipratropium,-,CC(C)[N+]1(C2CCC1CC(C2)OC(=O)C(CO)C3=CC=CC=C3)C,-6.6
Lovastatin,75330-75-5,CC[C@H](C)C(=O)O[C@H]1C[C@@H](C)C=C2C=C[C@H](C)[C@H](CC[C@@H]3C[C@@H](O)CC(=O)O3)[C@@H]12,-6.6
2-Hydroxy-5-((1S)-1-hydroxy-2-(((1S)-1-methyl-3-phenylpropyl)amino)ethyl)benzamide,83167-24-2,C[C@@H](CCc1ccccc1)NC[C@@H](O)c2ccc(O)c(c2)C(N)=O,-6.6
Clobazam,22316-47-8,CN1C(=O)CC(=O)N(c2ccccc2)c3cc(Cl)ccc13,-6.6
Doripenem,148016-81-3,C[C@@H](O)[C@@H]1[C@H]2[C@@H](C)C(=C(N2C1=O)C(O)=O)S[C@@H]3CN[C@H](CN[S](N)(=O)=O)C3,-6.6
Hyoscyamine,101-31-5,CN1C2CCC1CC(C2)OC(=O)[C@H](CO)c3ccccc3,-6.6
Treprostinil,81846-19-7,CCCCC[C@@H](O)CC[C@@H]1[C@@H](O)C[C@H]2Cc3c(C[C@@H]12)cccc3OCC(O)=O,-6.6
Triprolidine,486-12-4,Cc1ccc(cc1)\C(=C/CN2CCCC2)c3ccccn3,-6.6
Griseofulvin,126-07-8,COC1CC(=O)C[C@@H](C)[C@]12Oc3c(Cl)c(OC)cc(OC)c3C2=O,-6.6
Quazepam,36735-22-5,Fc1ccccc1C2=NCC(=S)N(CC(F)(F)F)c3ccc(Cl)cc23,-6.6
(-)-Carteolol,81102-77-4,CC(C)(C)NCC(COC1=CC=CC2=C1CCC(=O)N2)O,-6.6
Furosemide,54-31-9,N[S](=O)(=O)c1cc(C(O)=O)c(NCc2occc2)cc1Cl,-6.6
Almotriptan,154323-57-6,CN(C)CCc1c[nH]c2ccc(C[S](=O)(=O)N3CCCC3)cc12,-6.6
(R)-Propafenone,107381-31-7,CCCNCC(COC1=CC=CC=C1C(=O)CCC2=CC=CC=C2)O,-6.6
Lincomycin,154-21-2,CCCC1CC(N(C)C1)C(=O)NC(C(C)O)C2OC(SC)C(O)C(O)C2O,-6.6
Rufinamide,106308-44-5,NC(=O)c1cn(Cc2c(F)cccc2F)nn1,-6.6
(R)-Etodolac,87226-41-3,CCC1=C2C(=CC=C1)C3=C(N2)C(OCC3)(CC)CC(=O)O,-6.6
Perindopril,82834-16-0,CCC[C@H](N[C@@H](C)C(=O)N1[C@H]2CCCC[C@H]2C[C@H]1C(O)=O)C(=O)OCC,-6.6
(S)-Etodolac,87249-11-4,CCC1=C2C(=CC=C1)C3=C(N2)C(OCC3)(CC)CC(=O)O,-6.6
Retinol,68-26-8,CC(=C\CO)/C=C/C=C(C)/C=C/C1=C(C)CCCC1(C)C,-6.6
Xylometazoline,526-36-3,Cc1cc(cc(C)c1CC2=NCCN2)C(C)(C)C,-6.6
"3,5-Diamino-6-chloro-N-(diaminomethylidene)pyrazine-2-carboxamide",2609-46-3,NC(N)=NC(=O)c1nc(Cl)c(N)nc1N,-6.6
(S)-Butoconazole,151909-74-9,C1=CC(=C(C(=C1)Cl)SC(CCC2=CC=C(C=C2)Cl)CN3C=CN=C3)Cl,-6.6
Dapsone,80-08-0,Nc1ccc(cc1)[S](=O)(=O)c2ccc(N)cc2,-6.6
Benzoyl peroxide,94-36-0,C1=CC=C(C=C1)C(=O)OOC(=O)C2=CC=CC=C2,-6.6
Anagrelide,68475-42-3,Clc1ccc2NC3=NC(=O)CN3Cc2c1Cl,-6.6
Tasimelteon,609799-22-6,CCC(=O)NCC1CC1C2=C3CCOC3=CC=C2,-6.6
Dexrazoxane,24584-09-6,C[C@@H](CN1CC(=O)NC(=O)C1)N2CC(=O)NC(=O)C2,-6.6
"Luliconazole, (+)-",256424-63-2,C1C(SC(=C(C#N)N2C=CN=C2)S1)C3=C(C=C(C=C3)Cl)Cl,-6.6
Luliconazole,187164-19-8,Clc1ccc([C@@H]2CSC(/S2)=C(/C#N)n3ccnc3)c(Cl)c1,-6.6
Stavudine,3056-17-5,CC1=CN([C@@H]2O[C@H](CO)C=C2)C(=O)NC1=O,-6.6
Gemfibrozil,25812-30-0,Cc1ccc(C)c(OCCCC(C)(C)C(O)=O)c1,-6.6
Edaravone,89-25-8,CC1=NN(C(=O)C1)c2ccccc2,-6.6
Dexibuprofen,51146-56-6,CC(C)Cc1ccc(cc1)[C@H](C)C(O)=O,-6.6
Amitriptyline hydrochloride,549-18-8,CN(C)CCC=C1C2=CC=CC=C2CCC3=CC=CC=C31.Cl,-6.6
Clothiapine,2058-52-8,CN1CCN(CC1)C2=Nc3ccccc3Sc4ccc(Cl)cc24,-6.6
N-Acetyl-L-tryptophan,1218-34-4,CC(=O)N[C@@H](Cc1c[nH]c2ccccc12)C(O)=O,-6.6
Fenoprofen,29679-58-1,CC(C(O)=O)c1cccc(Oc2ccccc2)c1,-6.6
Nalorphine hydrochloride,57-29-4,C=CCN1CCC23C4C1CC5=C2C(=C(C=C5)O)OC3C(C=C4)O.Cl,-6.6
Acebutolol,37517-30-9,CCCC(=O)Nc1ccc(OCC(O)CNC(C)C)c(c1)C(C)=O,-6.6
Hyoscyamine hydrobromide,306-03-6,CN1C2CCC1CC(C2)OC(=O)C(CO)C3=CC=CC=C3.Br,-6.6
Adenosine monophosphate,61-19-8,C1=NC(=C2C(=N1)N(C=N2)C3C(C(C(O3)COP(=O)(O)O)O)O)N,-6.6
Medazepam,364854,CN1CCN=C(c2ccccc2)c3cc(Cl)ccc13,-6.6
Nimodipine,66085-59-4,COCCOC(=O)C1=C(C)NC(=C(C1c2cccc(c2)[N+]([O-])=O)C(=O)OC(C)C)C,-6.6
Homatropine,87-00-3,CN1C2CCC1CC(C2)OC(=O)C(O)c3ccccc3,-6.6
Naftifine hydrochloride,65473-14-5,CN(CC=CC1=CC=CC=C1)CC2=CC=CC3=CC=CC=C32.Cl,-6.6
Biperiden hydrochloride,1235-82-1,C1CCN(CC1)CCC(C2CC3CC2C=C3)(C4=CC=CC=C4)O.Cl,-6.6
Cinnamedrine hydrochloride,22194-13-4,CC(C(C1=CC=CC=C1)O)N(C)CC=CC2=CC=CC=C2.Cl,-6.6
Atropine,51-55-8,CN1C2CCC1CC(C2)OC(=O)C(CO)c3ccccc3,-6.6
Metampicillin,6489-97-0,CC1(C)SC2C(NC(=O)C(N=C)c3ccccc3)C(=O)N2C1C(O)=O,-6.6
Piperidolate hydrochloride,129-77-1,CCN1CCCC(C1)OC(=O)C(C2=CC=CC=C2)C3=CC=CC=C3.Cl,-6.6
Somatostatin,38916-34-6,CC(N)C(=O)NCC(=O)NC1CSSCC(NC(=O)C(CO)NC(=O)C(NC(=O)C(Cc2ccccc2)NC(=O)C(NC(=O)C(CCCCN)NC(=O)C(Cc3c[nH]c4ccccc34)NC(=O)C(Cc5ccccc5)NC(=O)C(Cc6ccccc6)NC(=O)C(CC(N)=O)NC(=O)C(CCCCN)NC1=O)C(C)O)C(C)O)C(O)=O,-6.6
Cyclacillin,3485-14-1,CC1(C)S[C@@H]2[C@H](NC(=O)C3(N)CCCCC3)C(=O)N2[C@H]1C(O)=O,-6.6
CYCLIZINE HCl,303-25-3,CN1CCN(CC1)C(C2=CC=CC=C2)C3=CC=CC=C3.Cl,-6.6
Xylometazoline hydrochloride,1218-35-5,CC1=CC(=CC(=C1CC2=NCCN2)C)C(C)(C)C.Cl,-6.6
4-Methylumbelliferone,90-33-5,CC1=CC(=O)Oc2cc(O)ccc12,-6.6
Fexofenadine hydrochloride,153439-40-8,CC(C)(C1=CC=C(C=C1)C(CCCN2CCC(CC2)C(C3=CC=CC=C3)(C4=CC=CC=C4)O)O)C(=O)O.Cl,-6.6
Thioridazine hydrochloride,130-61-0,CN1CCCCC1CCN2C3=CC=CC=C3SC4=C2C=C(C=C4)SC.Cl,-6.6
Bunazosin hydrochloride,52712-76-2,CCCC(=O)N1CCCN(CC1)C2=NC3=CC(=C(C=C3C(=N2)N)OC)OC.Cl,-6.6
Ticlopidine hydrochloride,53885-35-1,C1CN(CC2=C1SC=C2)CC3=CC=CC=C3Cl.Cl,-6.6
Hydrocortisone butyrate,13609-67-1,CCCC(=O)OC1(CCC2C1(CC(C3C2CCC4=CC(=O)CCC34C)O)C)C(=O)CO,-6.6
Ibuprofen,15687-27-1,CC(C)Cc1ccc(cc1)C(C)C(O)=O,-6.6
Noscapine,128-62-1,COc1ccc2[C@H](OC(=O)c2c1OC)[C@@H]3N(C)CCc4cc5OCOc5c(OC)c34,-6.6
Hydroflumethiazide,135-09-1,N[S](=O)(=O)c1cc2c(NCN[S]2(=O)=O)cc1C(F)(F)F,-6.6
Amorolfine hydrochloride,78613-38-4,CCC(C)(C)C1=CC=C(C=C1)CC(C)CN2CC(OC(C2)C)C.Cl,-6.6
Alminoprofen,39718-89-3,CC(C(O)=O)c1ccc(NCC(C)=C)cc1,-6.6
Fluphenazine decanoate,5002-47-1,CCCCCCCCCC(=O)OCCN1CCN(CC1)CCCN2C3=CC=CC=C3SC4=C2C=C(C=C4)C(F)(F)F,-6.6
Nimesulide,51803-78-2,C[S](=O)(=O)Nc1ccc(cc1Oc2ccccc2)[N+]([O-])=O,-6.6
Clobetasone butyrate,25122-57-0,CCCC(=O)OC1(C(CC2C1(CC(=O)C3(C2CCC4=CC(=O)C=CC43C)F)C)C)C(=O)CCl,-6.6
Riboflavin tetrabutyrate,752-56-7,CCCC(=O)OCC(C(C(CN1C2=C(C=C(C(=C2)C)C)N=C3C1=NC(=O)NC3=O)OC(=O)CCC)OC(=O)CCC)OC(=O)CCC,-6.6
Nordazepam,1088-11-5,Clc1ccc2NC(=O)CN=C(c3ccccc3)c2c1,-6.6
Quinine ethylcarbonate,83-75-0,CCOC(=O)OC(C1CC2CCN1CC2C=C)C3=C4C=C(C=CC4=NC=C3)OC,-6.6
Cabazitaxel,183133-96-2,CC1=C2C(C(=O)C3(C(CC4C(C3C(C(C2(C)C)(CC1OC(=O)C(C(C5=CC=CC=C5)NC(=O)OC(C)(C)C)O)O)OC(=O)C6=CC=CC=C6)(CO4)OC(=O)C)OC)C)OC,-6.6
Tacrolimus (FK506),104987-11-3,CC1CC(C2C(CC(C(O2)(C(=O)C(=O)N3CCCCC3C(=O)OC(C(C(CC(=O)C(C=C(C1)C)CC=C)O)C)C(=CC4CCC(C(C4)OC)O)C)O)C)OC)OC,-6.6
Daptomycin,103060-53-3,CCCCCCCCCC(=O)N[C@@H](Cc1c[nH]c2ccccc12)C(=O)N[C@@H](CC(N)=O)C(=O)N[C@@H](CC(O)=O)C(=O)NC3C(C)OC(=O)[C@H](CC(=O)c4ccccc4N)NC(=O)[C@@H](NC(=O)[C@@H](CO)NC(=O)CNC(=O)[C@H](CC(O)=O)NC(=O)[C@@H](C)NC(=O)[C@H](CC(O)=O)NC(=O)[C@H](CCCN)NC(=O)CNC3=O)C(C)CC(O)=O,-6.6
Cefotiam hydrochloride,66309-69-1,CN(C)CCN1C(=NN=N1)SCC2=C(N3C(C(C3=O)NC(=O)CC4=CSC(=N4)N)SC2)C(=O)O.Cl.Cl,-6.6
Isotretinoin,4759-48-2,CC1=C(\C=C\C(C)=C\C=C\C(C)=C/C(O)=O)C(C)(C)CCC1,-6.6
Clobetasol propionate,25122-46-7,CCC(=O)OC1(C(CC2C1(CC(C3(C2CCC4=CC(=O)C=CC43C)F)O)C)C)C(=O)CCl,-6.6
Naftifine hydrochloride,65473-14-5,CN(CC=CC1=CC=CC=C1)CC2=CC=CC3=CC=CC=C32.Cl,-6.6
Stavudine,3056-17-5,CC1=CN([C@@H]2O[C@H](CO)C=C2)C(=O)NC1=O,-6.6
Nortriptyline hydrochloride,894-71-3,CNCCC=C1C2=CC=CC=C2CCC3=CC=CC=C31.Cl,-6.6
Lovastatin,75330-75-5,CC[C@H](C)C(=O)O[C@H]1C[C@@H](C)C=C2C=C[C@H](C)[C@H](CC[C@@H]3C[C@@H](O)CC(=O)O3)[C@@H]12,-6.6
Methylprednisolone,83-43-2,C[C@H]1C[C@H]2[C@@H]3CC[C@](O)(C(=O)CO)[C@@]3(C)C[C@H](O)[C@@H]2[C@@]4(C)C=CC(=O)C=C14,-6.6
Betamethasone 17-valerate,2152-44-5,CCCCC(=O)OC1(C(CC2C1(CC(C3(C2CCC4=CC(=O)C=CC43C)F)O)C)C)C(=O)CO,-6.6
Mepivacaine hydrochloride,1722-62-9,CC1=C(C(=CC=C1)C)NC(=O)C2CCCCN2C.Cl,-6.6
Sulfameter,651-06-9,COc1cnc(N[S](=O)(=O)c2ccc(N)cc2)nc1,-6.6
Sulfamethazine,57-68-1,Cc1cc(C)nc(N[S](=O)(=O)c2ccc(N)cc2)n1,-6.6
Simvastatin,79902-63-9,CCC(C)(C)C(=O)O[C@H]1C[C@@H](C)C=C2C=C[C@H](C)[C@H](CC[C@@H]3C[C@@H](O)CC(=O)O3)[C@@H]12,-6.6
Topiramate,97240-79-4,CC1(C)O[C@@H]2CO[C@@]3(CO[S](N)(=O)=O)OC(C)(C)O[C@H]3[C@@H]2O1,-6.6
Sertraline hydrochloride,79559-97-0,CNC1CCC(C2=CC=CC=C12)C3=CC(=C(C=C3)Cl)Cl.Cl,-6.6
Linezolid,165800-03-3,CC(=O)NC[C@H]1CN(C(=O)O1)c2ccc(N3CCOCC3)c(F)c2,-6.6
Atropine,51-55-8,CN1C2CCC1CC(C2)OC(=O)C(CO)c3ccccc3,-6.6
Clofarabine,123318-82-1,Nc1nc(Cl)nc2n(cnc12)C3OC(CO)C(O)C3F,-6.6
Hydrocortisone Valerate,57524-89-7,CCCCC(=O)OC1(CCC2C1(CC(C3C2CCC4=CC(=O)CCC34C)O)C)C(=O)CO,-6.6
Iodipamide,606-17-7,OC(=O)c1c(I)cc(I)c(NC(=O)CCCCC(=O)Nc2c(I)cc(I)c(C(O)=O)c2I)c1I,-6.6
Tamsulosin hydrochloride,106463-17-6,CCOC1=CC=CC=C1OCCNC(C)CC2=CC(=C(C=C2)OC)S(=O)(=O)N.Cl,-6.6
Homatropine Bromide,51-56-9,CN1C2CCC1CC(C2)OC(=O)C(C3=CC=CC=C3)O.Br,-6.6
Toremifene,89778-26-7,CN(C)CCOc1ccc(cc1)\C(=C(\CCCl)c2ccccc2)c3ccccc3,-6.6
Ipratropium bromide monohydrate,66985-17-9,CC(C)[N+]1(C2CCC1CC(C2)OC(=O)C(CO)C3=CC=CC=C3)C.O.[Br-],-6.6
Lopinavir,192725-17-0,CC(C)[C@H](N1CCCNC1=O)C(=O)N[C@H](C[C@H](O)[C@H](Cc2ccccc2)NC(=O)COc3c(C)cccc3C)Cc4ccccc4,-6.5
Estramustine,2998-57-4,C[C@]12CC[C@H]3[C@@H](CCc4cc(OC(=O)N(CCCl)CCCl)ccc34)[C@@H]1CC[C@@H]2O,-6.5
CID 94865930,-,C1CC(CCC1OP(=O)(O)OCC(CN(CCN(CC(=O)O)CC(=O)O)CC(=O)O)N(CC(=O)O)CC(=O)O)(C2=CC=CC=C2)C3=CC=CC=C3,-6.5
Fosveset,193901-91-6,OC(=O)CN(CCN(CC(O)=O)CC(O)=O)C[C@H](CO[P](O)(=O)OC1CCC(CC1)(c2ccccc2)c3ccccc3)N(CC(O)=O)CC(O)=O,-6.5
"Atracurium, (1R,2R,1'S,2'R)-(+/-)-",112242-41-8,C[N+]1(CCC2=CC(=C(C=C2C1CC3=CC(=C(C=C3)OC)OC)OC)OC)CCC(=O)OCCCCCOC(=O)CC[N+]4(CCC5=CC(=C(C=C5C4CC6=CC(=C(C=C6)OC)OC)OC)OC)C,-6.5
Quinidine,56-54-2,COc1ccc2nccc([C@H](O)[C@H]3C[C@@H]4CCN3C[C@@H]4C=C)c2c1,-6.5
(R)-Carvedilol,95093-99-5,COC1=CC=CC=C1OCCNCC(COC2=CC=CC3=C2C4=CC=CC=C4N3)O,-6.5
Riboflavin,83-88-5,Cc1cc2N=C3C(=O)NC(=O)N=C3N(CC(O)C(O)C(O)CO)c2cc1C,-6.5
Docetaxel,114977-28-5,CC(=O)O[C@@]12CO[C@@H]1C[C@H](O)[C@]3(C)[C@@H]2[C@H](OC(=O)c4ccccc4)[C@]5(O)C[C@H](OC(=O)[C@H](O)[C@@H](NC(=O)OC(C)(C)C)c6ccccc6)C(=C([C@@H](O)C3=O)C5(C)C)C,-6.5
"(1S,3S,5S)-2-[(2S)-2-Amino-2-[(5R,7R)-3-hydroxy-1-adamantyl]acetyl]-2-azabicyclo[3.1.0]hexane-3-carbonitrile",361442-04-8,N[C@H](C(=O)N1[C@@H](C[C@@H]2C[C@H]12)C#N)C34C[C@H]5C[C@@H](CC(O)(C5)C3)C4,-6.5
Artemether,71963-77-4,CO[C@H]1O[C@@H]2O[C@@]3(C)CC[C@H]4[C@H](C)CC[C@@H]([C@H]1C)[C@@]24OO3,-6.5
Hydroxyprogesterone caproate,630-56-8,CCCCCC(=O)OC1(CCC2C1(CCC3C2CCC4=CC(=O)CCC34C)C)C(=O)C,-6.5
"(1R,2S,5S)-N-[(2S)-4-Amino-1-cyclobutyl-3,4-dioxobutan-2-yl]-3-[(2S)-2-(tert-butylcarbamoylamino)-3,3-dimethylbutanoyl]-6,6-dimethyl-3-azabicyclo[3.1.0]hexane-2-carboxamide",569677-40-3,CC(C)(C)NC(=O)N[C@H](C(=O)N1C[C@H]2[C@@H]([C@H]1C(=O)N[C@@H](CC3CCC3)C(=O)C(N)=O)C2(C)C)C(C)(C)C,-6.5
Sacubitril,149709-62-6,CCOC(=O)C(C)CC(CC1=CC=C(C=C1)C2=CC=CC=C2)NC(=O)CCC(=O)O,-6.5
"(2Z,4Z,6E,8Z)-3,7-Dimethyl-9-(2,6,6-trimethylcyclohexen-1-yl)nona-2,4,6,8-tetraenoic acid",-,CC1=C(C(CCC1)(C)C)C=CC(=CC=CC(=CC(=O)O)C)C,-6.5
Dofetilide,115256-11-6,CN(CCOc1ccc(N[S](C)(=O)=O)cc1)CCc2ccc(N[S](C)(=O)=O)cc2,-6.5
10-{2-[(2s)-1-Methylpiperidin-2-Yl]ethyl}-2-(Methylsulfanyl)-10h-Phenothiazine,-,CSc1ccc2Sc3ccccc3N(CC[C@@H]4CCCCN4C)c2c1,-6.5
Uridine triacetate,4105-38-8,CC(=O)OCC1C(C(C(O1)N2C=CC(=O)NC2=O)OC(=O)C)OC(=O)C,-6.5
Nortriptyline,72-69-5,CNCCC=C1c2ccccc2CCc3ccccc13,-6.5
Cefoxitin,35607-66-0,CO[C@]1(NC(=O)Cc2sccc2)[C@H]3SCC(=C(N3C1=O)C(O)=O)COC(N)=O,-6.5
Enalapril,75847-73-3,CCOC(=O)[C@H](CCc1ccccc1)N[C@@H](C)C(=O)N2CCC[C@H]2C(O)=O,-6.5
Dexnorgestrel,-,CCC12CCC3C(C1CCC2(C#C)OC(=O)C)CCC4=CC(=NO)CCC34,-6.5
(+)-Isradipine,84260-64-0,CC1=C(C(C(=C(N1)C)C(=O)OC(C)C)C2=CC=CC3=NON=C32)C(=O)OC,-6.5
Clofarabine,123318-82-1,Nc1nc(Cl)nc2n(cnc12)C3OC(CO)C(O)C3F,-6.5
Nandrolone decanoate,360-70-3,CCCCCCCCCC(=O)OC1CCC2C1(CCC3C2CCC4=CC(=O)CCC34)C,-6.5
Amitriptyline,50-48-6,CN(C)CCC=C1c2ccccc2CCc3ccccc13,-6.5
(R)-Colchicine,75520-89-7,CC(=O)NC1CCC2=CC(=C(C(=C2C3=CC=C(C(=O)C=C13)OC)OC)OC)OC,-6.5
Nevirapine,129618-40-2,Cc1ccnc2N(C3CC3)c4ncccc4C(=O)Nc12,-6.5
(Z)-N-Hydroxy-3-[4-[[2-(2-methyl-1H-indol-3-yl)ethylamino]methyl]phenyl]prop-2-enamide,-,Cc1[nH]c2ccccc2c1CCNCc3ccc(\C=C/C(=O)NO)cc3,-6.5
"Pyrrolidinium, 3-(((2S)-cyclopentylhydroxyphenylacetyl)oxy)-1,1-dimethyl-, (3S)-",754152-54-0,C[N+]1(CCC(C1)OC(=O)C(C2CCCC2)(C3=CC=CC=C3)O)C,-6.5
Clomipramine,303-49-1,CN(C)CCCN1c2ccccc2CCc3ccc(Cl)cc13,-6.5
Efinaconazole,164650-44-6,CC(C(CN1C=NC=N1)(C2=C(C=C(C=C2)F)F)O)N3CCC(=C)CC3,-6.5
"Pyrrolidinium, 3-((cyclopentylhydroxyphenylacetyl)oxy)-1,1-dimethyl-",740028-90-4,C[N+]1(CCC(C1)OC(=O)C(C2CCCC2)(C3=CC=CC=C3)O)C,-6.5
Zanamivir,139110-80-8,CC(=O)N[C@@H]1[C@H](C=C(O[C@H]1[C@H](O)[C@H](O)CO)C(O)=O)N=C(N)N,-6.5
"Pyrrolidinium, 3-(((2S)-cyclopentylhydroxyphenylacetyl)oxy)-1,1-dimethyl-, (3R)-",201932-04-9,C[N+]1(CCC(C1)OC(=O)C(C2CCCC2)(C3=CC=CC=C3)O)C,-6.5
Benzethonium,10172-60-8,[Cl-].CC(C)(C)CC(C)(C)c1ccc(OCCOCC[N+](C)(C)Cc2ccccc2)cc1,-6.5
(+)-Tetrabenazine,1026016-83-0,CC(C)CC1CN2CCC3=CC(=C(C=C3C2CC1=O)OC)OC,-6.5
"Pyrrolidinium, 3-(((2R)-cyclopentylhydroxyphenylacetyl)oxy)-1,1-dimethyl-, (3R)-",202185-74-8,C[N+]1(CCC(C1)OC(=O)C(C2CCCC2)(C3=CC=CC=C3)O)C,-6.5
(+)-Carteolol,75331-19-0,CC(C)(C)NCC(COC1=CC=CC2=C1CCC(=O)N2)O,-6.5
Nelarabine,121032-29-9,COc1nc(N)nc2n(cnc12)C3O[C@H](CO)[C@@H](O)[C@@H]3O,-6.5
(R)-Trimipramine,-,CC(CN1C2=CC=CC=C2CCC3=CC=CC=C31)CN(C)C,-6.5
Sulfamethoxazole,723-46-6,Cc1onc(N[S](=O)(=O)c2ccc(N)cc2)c1,-6.5
(R)-Tioconazole,-,C1=CC(=C(C=C1Cl)Cl)C(CN2C=CN=C2)OCC3=C(SC=C3)Cl,-6.5
Duloxetine,116539-59-4,CNCCC(Oc1cccc2ccccc12)c3sccc3,-6.5
Mycophenolic acid,483-60-3,CC1=C2COC(=O)C2=C(C(=C1OC)CC=C(C)CCC(=O)O)O,-6.5
(S)-Modafinil,112111-47-4,C1=CC=C(C=C1)C(C2=CC=CC=C2)S(=O)CC(=O)N,-6.5
Erlotinib,183321-74-6,[H+].[Cl-].COCCOc1cc2ncnc(Nc3cccc(c3)C#C)c2cc1OCCOC,-6.5
Tipiracil,183204-74-2,C1CC(=N)N(C1)CC2=C(C(=O)NC(=O)N2)Cl,-6.5
Levobupivacaine,27262-47-1,CCCCN1CCCC[C@H]1C(=O)Nc2c(C)cccc2C,-6.5
Hydrochlorothiazide,58-93-5,N[S](=O)(=O)c1cc2c(NCN[S]2(=O)=O)cc1Cl,-6.5
Oxybenzone,131-57-7,COc1ccc(c(O)c1)C(=O)c2ccccc2,-6.5
(R)-Acebutolol,68107-81-3,CCCC(=O)NC1=CC(=C(C=C1)OCC(CNC(C)C)O)C(=O)C,-6.5
Didanosine,69655-05-6,OC[C@@H]1CC[C@@H](O1)n2cnc3C(=O)N=CNc23,-6.5
Cyclizine,82-92-8,CN1CCN(CC1)C(c2ccccc2)c3ccccc3,-6.5
Tryptophan,73-22-3,N[C@@H](Cc1c[nH]c2ccccc12)C(O)=O,-6.5
(+)-Ethotoin,108739-43-1,CCN1C(=O)C(NC1=O)C2=CC=CC=C2,-6.5
Vitamin E,59-02-9,CC1=C(C2=C(CCC(O2)(C)CCCC(C)CCCC(C)CCCC(C)C)C(=C1O)C)C,-6.5
Phenyltoloxamine,92-12-6,CN(C)CCOc1ccccc1Cc2ccccc2,-6.5
Telbivudine,3424-98-4,CC1=CN([C@@H]2C[C@@H](O)[C@H](CO)O2)C(=O)NC1=O,-6.5
(S)-(-)-Felodipine,119945-59-4,CCOC(=O)C1=C(NC(=C(C1C2=C(C(=CC=C2)Cl)Cl)C(=O)OC)C)C,-6.5
Zonisamide,68291-97-4,N[S](=O)(=O)Cc1noc2ccccc12,-6.5
Pramoxine,140-65-8,CCCCOc1ccc(OCCCN2CCOCC2)cc1,-6.5
Erlotinib hydrochloride,183319-69-9,COCCOC1=C(C=C2C(=C1)C(=NC=N2)NC3=CC=CC(=C3)C#C)OCCOC.Cl,-6.5
Rulide,80214-83-1,CC[C@H]1OC(=O)[C@H](C)[C@@H](OC2CC(C)(OC)C(O)C(C)O2)[C@H](C)[C@@H](OC3OC(C)CC(C3O)N(C)C)[C@](C)(O)C[C@@H](C)\C(=N/OCOCCOC)[C@H](C)[C@@H](O)[C@]1(C)O,-6.5
Maprotiline hydrochloride,10347-81-6,CNCCCC12CCC(C3=CC=CC=C31)C4=CC=CC=C24.Cl,-6.5
Sulpiride,15676-16-1,CCN1CCCC1CNC(=O)c2cc(ccc2OC)[S](N)(=O)=O,-6.5
Cellulase,61788-77-0,C(C1C(C(C(C(O1)OC2C(OC(C(C2O)O)OC3C(OC(C(C3O)O)O)CO)CO)O)O)O)O,-6.5
Antazoline hydrochloride,2508-72-7,C1CN=C(N1)CN(CC2=CC=CC=C2)C3=CC=CC=C3.Cl,-6.5
Carteolol hydrochloride,51781-21-6,CC(C)(C)NCC(COC1=CC=CC2=C1CCC(=O)N2)O.Cl,-6.5
Menatetrenone,863-61-6,CC(C)=CCC/C(C)=C/CC/C(C)=C/CC/C(C)=C/CC1=C(C)C(=O)c2ccccc2C1=O,-6.5
Josamycin propionate,40922-77-8,CCC(=O)OC1C=CC=CCC(OC(=O)CC(C(C(C(CC1C)CC=O)OC2C(C(C(C(O2)C)OC3CC(C(C(O3)C)OC(=O)CC(C)C)(C)O)N(C)C)O)OC)OC(=O)C)C,-6.5
Bleomycin a2,11056-06-7,CC1=C(N=C(N=C1N)C(CC(=O)N)NCC(C(=O)N)N)C(=O)NC(C(C2=CN=CN2)OC3C(C(C(C(O3)CO)O)O)OC4C(C(C(C(O4)CO)O)OC(=O)N)O)C(=O)NC(C)C(C(C)C(=O)NC(C(C)O)C(=O)NCCC5=NC(=CS5)C6=NC(=CS6)C(=O)NCCC[S+](C)C)O,-6.5
Propiverine hydrochloride,54556-98-8,CCCOC(C1=CC=CC=C1)(C2=CC=CC=C2)C(=O)OC3CCN(CC3)C.Cl,-6.5
Clomipramine hydrochloride,17321-77-6,CN(C)CCCN1C2=CC=CC=C2CCC3=C1C=C(C=C3)Cl.Cl,-6.5
Nimustine hydrochloride,55661-38-6,CC1=NC=C(C(=N1)N)CNC(=O)N(CCCl)N=O.Cl,-6.5
Fenspiride hydrochloride,1151830,C1CN(CCC12CNC(=O)O2)CCC3=CC=CC=C3.Cl,-6.5
5-Hydroxy-L-tryptophan,895096,N[C@@H](Cc1c[nH]c2ccc(O)cc12)C(O)=O,-6.5
Amiloride,2609-46-3,NC(N)=NC(=O)c1nc(Cl)c(N)nc1N,-6.5
Dihydrodiethylstilbestrol,5635-50-7,CC\C(C1CC=C(O)C=C1)=C(CC)/c2ccc(O)cc2,-6.5
Phenazopyridine hydrochloride,136-40-3,C1=CC=C(C=C1)N=NC2=C(N=C(C=C2)N)N.Cl,-6.5
Fursultiamine hydrochloride,2105-43-3,CC1=NC=C(C(=N1)N)CN(C=O)C(=C(CCO)SSCC2CCCO2)C.Cl,-6.5
Neomycin,119-04-0,NC[C@H]1O[C@H](O[C@@H]2[C@@H](N)C[C@@H](N)[C@H](O)[C@H]2O[C@@H]3O[C@H](CO)[C@@H](O[C@H]4O[C@@H](CN)[C@@H](O)[C@H](O)[C@H]4N)[C@H]3O)[C@H](N)[C@@H](O)[C@@H]1O,-6.5
Fursultiamine,804-30-8,Cc1ncc(CN(C=O)C(/C)=C(\CCO)SSCC2CCCO2)c(N)n1,-6.5
Rosiglitazone,122320-73-4,CN(CCOc1ccc(C[C@@H]2SC(=O)NC2=O)cc1)c3ccccn3,-6.5
"1-[(3,4,5-Trimethoxyphenyl)methyl]-1,2,3,4-tetrahydroisoquinoline-6,7-diol",21650-42-0,COc1cc(CC2NCCc3cc(O)c(O)cc23)cc(OC)c1OC,-6.5
Modafinil,68693-11-8,NC(=O)C[S](=O)C(c1ccccc1)c2ccccc2,-6.5
Pyricarbate,1882-26-4,CNC(=O)OCc1cccc(COC(=O)NC)n1,-6.5
Proglumide,6620-60-6,CCCN(CCC)C(=O)C(CCC(O)=O)NC(=O)c1ccccc1,-6.5
Thiethylperazine,1420-55-9,CCSc1ccc2Sc3ccccc3N(CCCN4CCN(C)CC4)c2c1,-6.5
Testosterone Enanthate,315-37-7,CCCCCCC(=O)OC1CCC2C1(CCC3C2CCC4=CC(=O)CCC34C)C,-6.5
Didanosine,69655-05-6,OC[C@@H]1CC[C@@H](O1)n2cnc3C(=O)N=CNc23,-6.5
Latanoprost,130209-82-4,CC(C)OC(=O)CCC/C=C/C[C@H]1[C@@H](O)C[C@@H](O)[C@@H]1CC[C@@H](O)CCc2ccccc2,-6.5
Tiagabine,115103-54-3,Cc1ccsc1C(=CCCN2CCC[C@H](C2)C(O)=O)c3sccc3C,-6.5
Valganciclovir hydrochloride,175865-59-5,CC(C)C(C(=O)OCC(CO)OCN1C=NC2=C1N=C(NC2=O)N)N.Cl,-6.5
Aliskiren hemifumarate,173334-58-2,CC(C)C(CC1=CC(=C(C=C1)OC)OCCCOC)CC(C(CC(C(C)C)C(=O)NCC(C)(C)C(=O)N)O)N.CC(C)C(CC1=CC(=C(C=C1)OC)OCCCOC)CC(C(CC(C(C)C)C(=O)NCC(C)(C)C(=O)N)O)N.C(=CC(=O)O)C(=O)O,-6.5
Telbivudine,3424-98-4,CC1=CN([C@@H]2C[C@@H](O)[C@H](CO)O2)C(=O)NC1=O,-6.5
Dyclonine hydrochloride,536-43-6,CCCCOC1=CC=C(C=C1)C(=O)CCN2CCCCC2.Cl,-6.5
Artemether,71963-77-4,CO[C@H]1O[C@@H]2O[C@@]3(C)CC[C@H]4[C@H](C)CC[C@@H]([C@H]1C)[C@@]24OO3,-6.5
Nitrofurantoin,67-20-9,[O-][N+](=O)c1oc(cc1)/C=N/N2CC(=O)NC2=O,-6.5
Lincomycin hydrochloride,859-18-7,CCCC1CC(N(C1)C)C(=O)NC(C2C(C(C(C(O2)SC)O)O)O)C(C)O.Cl,-6.5
Bacitracin,1405-87-4,CCC(C)C(N)C1=NC(CS1)C(=O)N[C@@H](CC(C)C)C(=O)N[C@H](CCC(O)=O)C(=O)N[C@@H]([C@@H](C)CC)C(=O)NCCCC[C@@H]2NC(=O)[C@H](CC(N)=O)NC(=O)[C@@H](CC(O)=O)NC(=O)[C@H](Cc3[nH]cnc3)NC(=O)[C@@H](Cc4ccccc4)NC(=O)[C@@H](NC(=O)[C@@H](CCCN)NC2=O)[C@@H](C)CC,-6.5
Propafenone,54063-53-5,CCCNCC(O)COc1ccccc1C(=O)CCc2ccccc2,-6.5
Ampicillin,69-53-4,CC1(C)S[C@@H]2[C@H](NC(=O)[C@H](N)c3ccccc3)C(=O)N2[C@H]1C(O)=O,-6.5
Quinapril hydrochloride,82586-55-8,CCOC(=O)C(CCC1=CC=CC=C1)NC(C)C(=O)N2CC3=CC=CC=C3CC2C(=O)O.Cl,-6.5
Mycophenolate mofetil,115007-34-6,CC1=C2COC(=O)C2=C(C(=C1OC)CC=C(C)CCC(=O)OCCN3CCOCC3)O,-6.5
Fluphenazine hydrochloride,146-56-5,C1CN(CCN1CCCN2C3=CC=CC=C3SC4=C2C=C(C=C4)C(F)(F)F)CCO.Cl.Cl,-6.5
Nateglinide,105816-04-4,CC(C)C1CCC(CC1)C(=O)N[C@@H](Cc2ccccc2)C(O)=O,-6.4
(-)-cis-Permethrin,54774-46-8,CC1(C)[C@H](C=C(Cl)Cl)[C@@H]1C(=O)OCc2cccc(Oc3ccccc3)c2,-6.4
Clarithromycin,81103-11-9,CC[C@H]1OC(=O)[C@H](C)[C@@H](O[C@H]2C[C@@](C)(OC)[C@@H](O)[C@H](C)O2)[C@H](C)[C@@H](O[C@@H]3O[C@H](C)C[C@@H]([C@H]3O)N(C)C)[C@@](C)(C[C@@H](C)C(=O)[C@H](C)[C@@H](O)[C@]1(C)O)OC,-6.4
Adefovir dipivoxil,142340-99-6,CC(C)(C)C(=O)OCOP(=O)(COCCN1C=NC2=C(N=CN=C21)N)OCOC(=O)C(C)(C)C,-6.4
Macitentan,441798-33-0,CCCNS(=O)(=O)NC1=C(C(=NC=N1)OCCOC2=NC=C(C=N2)Br)C3=CC=C(C=C3)Br,-6.4
Entecavir,142217-69-4,O.NC1=NC(=O)c2ncn(C3C[C@H](O)[C@@H](CO)C3=C)c2N1,-6.4
Deferoxamine,70-51-9,CC(=O)N(O)CCCCCNC(=O)CCC(=O)N(O)CCCCCNC(=O)CCC(=O)N(O)CCCCCN,-6.4
Inosine,58-63-9,OC[C@H]1O[C@H]([C@H](O)[C@@H]1O)n2cnc3c(O)ncnc23,-6.4
Isotretinoin,4759-48-2,CC1=C(\C=C\C(C)=C\C=C\C(C)=C/C(O)=O)C(C)(C)CCC1,-6.4
Tolterodine,124937-51-5,CC(C)N(CC[C@@H](c1ccccc1)c2cc(C)ccc2O)C(C)C,-6.4
(-)-Tetrabenazine,-,CC(C)CC1CN2CCC3=CC(=C(C=C3C2CC1=O)OC)OC,-6.4
Lubiprostone,136790-76-6,CCCCC(F)(F)[C@@]1(O)CC[C@H]2[C@@H](CC(=O)[C@H]2CCCCCCC(O)=O)O1,-6.4
N-(4-Chlorophenyl)-N'-(isopropyl)-imidodicarbonimidic diamide,500-92-5,CC(C)N=C(N)N=C(N)NC1=CC=C(C=C1)Cl,-6.4
Esoxybutynin,119618-22-3,CCN(CC)CC#CCOC(=O)C(C1CCCCC1)(C2=CC=CC=C2)O,-6.4
Armodafinil,112111-43-0,NC(=O)C[S@@](=O)C(c1ccccc1)c2ccccc2,-6.4
Dexverapamil,38321-02-7,COc1ccc(CCN(C)CCC[C@@](C#N)(C(C)C)c2ccc(OC)c(OC)c2)cc1OC,-6.4
(2R)-N-Benzyl-N-(2-chloroethyl)-1-phenoxypropan-2-amine,-,C[C@H](COc1ccccc1)N(CCCl)Cc2ccccc2,-6.4
Pyrimethamine,58-14-0,CCc1nc(N)nc(N)c1c2ccc(Cl)cc2,-6.4
"Valganciclovir, (R)-",175865-62-0,CC(C)C(C(=O)OCC(CO)OCN1C=NC2=C1N=C(NC2=O)N)N,-6.4
(-)-Zileuton,143200-94-6,CC(C1=CC2=CC=CC=C2S1)N(C(=O)N)O,-6.4
Nitrofurantoin,67-20-9,[O-][N+](=O)c1oc(cc1)/C=N/N2CC(=O)NC2=O,-6.4
Ospemifene,128607-22-7,OCCOc1ccc(cc1)/C(=C(/CCCl)c2ccccc2)c3ccccc3,-6.4
Ropivacaine,84057-95-4,CCCN1CCCC[C@H]1C(=O)Nc2c(C)cccc2C,-6.4
Milrinone,78415-72-2,CC1=C(C=C(C#N)C(=O)N1)c2ccncc2,-6.4
Epoprostenol,35121-78-9,CCCCC[C@H](O)/C=C/[C@H]1[C@H](O)C[C@@H]2OC(/C[C@H]12)=C\CCCC(O)=O,-6.4
Diclofenac,15307-86-5,OC(=O)Cc1ccccc1Nc2c(Cl)cccc2Cl,-6.4
Maprotiline,10262-69-8,CNCCCC12CCC(c3ccccc13)c4ccccc24,-6.4
"(2r)-1-Butyl-n-(2,6-dimethylphenyl)piperidine-2-carboxamide",27262-45-9,CCCCN1CCCC[C@@H]1C(=O)Nc2c(C)cccc2C,-6.4
Lamotrigine,84057-84-1,Nc1nnc(c(N)n1)c2cccc(Cl)c2Cl,-6.4
Arbutin,497-76-7,OCC1OC(Oc2ccc(O)cc2)C(O)C(O)C1O,-6.4
Zidovudine,30516-87-1,CC1=CN([C@H]2C[C@H](N=[N+]=[N-])[C@@H](CO)O2)C(=O)NC1=O,-6.4
"(3R)-1,3-Dimethyl-3-phenylpyrrolidine-2,5-dione",-,CN1C(=O)C[C@@](C)(C1=O)c2ccccc2,-6.4
"(3S)-1,3-Dimethyl-3-phenylpyrrolidine-2,5-dione",39122-23-1,CN1C(=O)C[C@](C)(C1=O)c2ccccc2,-6.4
Dyclonine,586-60-7,[Cl].CCCCOc1ccc(cc1)C(=O)CCN2CCCCC2,-6.4
"Clofedanol, (S)-",179764-49-9,CN(C)CCC(C1=CC=CC=C1)(C2=CC=CC=C2Cl)O,-6.4
"(5R)-5-[(3,5-Dimethylphenoxy)methyl]-1,3-oxazolidin-2-one",918121-83-2,Cc1cc(C)cc(OC[C@H]2CNC(=O)O2)c1,-6.4
"Clofedanol, (R)-",179764-48-8,CN(C)CCC(C1=CC=CC=C1)(C2=CC=CC=C2Cl)O,-6.4
"Mitotane, (S)-",102976-58-9,C1=CC=C(C(=C1)C(C2=CC=C(C=C2)Cl)C(Cl)Cl)Cl,-6.4
Levomethadone,125-58-6,CCC(=O)C(CC(C)N(C)C)(c1ccccc1)c2ccccc2,-6.4
(R)-(+)-Felodipine,105618-03-9,CCOC(=O)C1=C(NC(=C(C1C2=C(C(=CC=C2)Cl)Cl)C(=O)OC)C)C,-6.4
Methyldopa,555-30-6,COC(=O)[C@@H](N)Cc1ccc(O)c(O)c1,-6.4
Sisomicin,32385-11-8,CN[C@@H]1[C@@H](O)[C@H](OC[C@]1(C)O)O[C@H]2[C@H](N)C[C@H](N)[C@@H](O[C@H]3OC(=CC[C@H]3N)CN)[C@@H]2O,-6.4
Insulin-lispro,133107-64-9,CCC(C)C(C(=O)NC(C(C)C)C(=O)NC(CCC(=O)O)C(=O)NC(CCC(=O)N)C(=O)NC(CS)C(=O)NC(CS)C(=O)NC(C(C)O)C(=O)NC(CO)C(=O)NC(C(C)CC)C(=O)NC(CS)C(=O)NC(CO)C(=O)NC(CC(C)C)C(=O)NC(CC1=CC=C(C=C1)O)C(=O)NC(CCC(=O)N)C(=O)NC(CC(C)C)C(=O)NC(CCC(=O)O)C(=O)NC(CC(=O)N)C(=O)NC(CC2=CC=C(C=C2)O)C(=O)NC(CS)C(=O)NC(CC(=O)N)C(=O)O)NC(=O)CN.CC(C)CC(C(=O)NC(CC1=CC=C(C=C1)O)C(=O)NC(CC(C)C)C(=O)NC(C(C)C)C(=O)NC(CS)C(=O)NCC(=O)NC(CCC(=O)O)C(=O)NC(CCCNC(=N)N)C(=O)NCC(=O)NC(CC2=CC=CC=C2)C(=O)NC(CC3=CC=CC=C3)C(=O)NC(CC4=CC=C(C=C4)O)C(=O)NC(C(C)O)C(=O)NC(CCCCN)C(=O)N5CCCC5C(=O)NC(C(C)O)C(=O)O)NC(=O)C(C)NC(=O)C(CCC(=O)O)NC(=O)C(C(C)C)NC(=O)C(CC(C)C)NC(=O)C(CC6=CN=CN6)NC(=O)C(CO)NC(=O)CNC(=O)C(CS)NC(=O)C(CC(C)C)NC(=O)C(CC7=CN=CN7)NC(=O)C(CCC(=O)N)NC(=O)C(CC(=O)N)NC(=O)C(C(C)C)NC(=O)C(CC8=CC=CC=C8)N,-6.4
Lincomycin hydrochloride,859-18-7,CCCC1CC(N(C1)C)C(=O)NC(C2C(C(C(C(O2)SC)O)O)O)C(C)O.Cl,-6.4
Valacyclovir hydrochloride,124832-27-5,CC(C)C(C(=O)OCCOCN1C=NC2=C1N=C(NC2=O)N)N.Cl,-6.4
Prazepam,2955-38-6,Clc1ccc2N(CC3CC3)C(=O)CN=C(c4ccccc4)c2c1,-6.4
Menadione,58-27-5,CC1=CC(=O)c2ccccc2C1=O,-6.4
Tiagabine hydrochloride,145821-59-6,CC1=C(SC=C1)C(=CCCN2CCCC(C2)C(=O)O)C3=C(C=CS3)C.Cl,-6.4
Chlophedianol hydrochloride,511-13-7,CN(C)CCC(C1=CC=CC=C1)(C2=CC=CC=C2Cl)O.Cl,-6.4
Metipranolol,22664-55-7,CC(C)NCC(O)COc1cc(C)c(OC(C)=O)c(C)c1C,-6.4
Nadolol,42200-33-9,CC(C)(C)NCC(O)COc1cccc2C[C@@H](O)[C@@H](O)Cc12,-6.4
Fusidic acid,1859240,CC1C2CCC3(C(C2(CCC1O)C)C(CC4C3(CC(C4=C(CCC=C(C)C)C(=O)O)OC(=O)C)C)O)C,-6.4
Dibucaine hydrochloride,61-12-1,CCCCOC1=NC2=CC=CC=C2C(=C1)C(=O)NCCN(CC)CC.Cl,-6.4
Nemonoxacin,378746-64-6,CC1CC(CN(C1)C2=C(C3=C(C=C2)C(=O)C(=CN3C4CC4)C(=O)O)OC)N,-6.4
Tetrabenazine,58-46-8,COc1cc2CCN3CC(CC(C)C)C(=O)CC3c2cc1OC,-6.4
Cefotiam,61622-34-2,CN(C)CCn1nnnc1SCC2=C(N3[C@H](SC2)[C@H](NC(=O)Cc4csc(N)n4)C3=O)C(O)=O,-6.4
Phenoxybenzamine hydrochloride,63-92-3,CC(COC1=CC=CC=C1)N(CCCl)CC2=CC=CC=C2.Cl,-6.4
Propafenone hydrochloride,34183-22-7,CCCNCC(COC1=CC=CC=C1C(=O)CCC2=CC=CC=C2)O.Cl,-6.4
Tipiracil hydrochloride,183204-72-0,C1CC(=N)N(C1)CC2=C(C(=O)NC(=O)N2)Cl.Cl,-6.4
Chlorprothixene hydrochloride,205059,CN(C)CCC=C1C2=CC=CC=C2SC3=C1C=C(C=C3)Cl.Cl,-6.4
Chlophedianol,791-35-5,CN(C)CCC(O)(c1ccccc1)c2ccccc2Cl,-6.4
Dibekacin,34493-98-6,NCC1CCC(N)C(O1)OC2C(N)CC(N)C(OC3OC(CO)C(O)C(N)C3O)C2O,-6.4
Hetastarch,9004-62-0,CC1C(C(C(C(O1)CO)OC2C(C(C(C(O2)COC3C(C(C(C(O3)CO)OC)O)O)OC4C(C(C(C(O4)CO)OC)O)OCCO)O)O)O)O,-6.4
Salmeterol,89365-50-4,OCc1cc(ccc1O)C(O)CNCCCCCCOCCCCc2ccccc2,-6.4
Galantamine hydrobromide,19453,CN1CCC23C=CC(CC2OC4=C(C=CC(=C34)C1)OC)O.Br,-6.4
Isradipine,75695-93-1,COC(=O)C1=C(C)NC(=C(C1c2cccc3nonc23)C(=O)OC(C)C)C,-6.4
Tretinoin,302-79-4,CC1=C(\C=C\C(C)=C\C=C\C(C)=C\C(O)=O)C(C)(C)CCC1,-6.4
Sulfamerazine,127-79-7,Cc1ccnc(N[S](=O)(=O)c2ccc(N)cc2)n1,-6.4
Nicardipine hydrochloride,54527-84-3,CC1=C(C(C(=C(N1)C)C(=O)OCCN(C)CC2=CC=CC=C2)C3=CC(=CC=C3)[N+](=O)[O-])C(=O)OC.Cl,-6.4
Paroxetine hydrochloride,78246-49-8,C1CNCC(C1C2=CC=C(C=C2)F)COC3=CC4=C(C=C3)OCO4.Cl,-6.4
Trichlormethiazide,133-67-5,N[S](=O)(=O)c1cc2c(NC(N[S]2(=O)=O)C(Cl)Cl)cc1Cl,-6.4
Etofenamate,30544-47-9,OCCOCCOC(=O)c1ccccc1Nc2cccc(c2)C(F)(F)F,-6.4
Etofibrate,31637-97-5,CC(C)(Oc1ccc(Cl)cc1)C(=O)OCCOC(=O)c2cccnc2,-6.4
Guaiacol carbonate,553-17-3,COC1=CC=CC=C1OC(=O)OC2=CC=CC=C2OC,-6.4
Ospemifene,128607-22-7,OCCOc1ccc(cc1)/C(=C(/CCCl)c2ccccc2)c3ccccc3,-6.4
Bleomycin Sulfate,9041-93-4,CC1=C(N=C(N=C1N)C(CC(=O)N)NCC(C(=O)N)N)C(=O)NC(C(C2=CN=CN2)OC3C(C(C(C(O3)CO)O)O)OC4C(C(C(C(O4)CO)O)OC(=O)N)O)C(=O)NC(C)C(C(C)C(=O)NC(C(C)O)C(=O)NCCC5=NC(=CS5)C6=NC(=CS6)C(=O)NCCC[S+](C)C)O.OS(=O)(=O)[O-],-6.4
Cilastatin,82009-34-5,CC1(C)C[C@@H]1C(=O)NC(=C\CCCCSC[C@@H](N)C(O)=O)/C(O)=O,-6.4
Tofacitinib (CP-690550) Citrate,540737-29-9,CC1CCN(CC1N(C)C2=NC=NC3=C2C=CN3)C(=O)CC#N.C(C(=O)O)C(CC(=O)O)(C(=O)O)O,-6.4
Efavirenz,154598-52-4,FC(F)(F)[C@]1(OC(=O)Nc2ccc(Cl)cc12)C#CC3CC3,-6.4
Vitamin E,59-02-9,CC1=C(C2=C(CCC(O2)(C)CCCC(C)CCCC(C)CCCC(C)C)C(=C1O)C)C,-6.4
Metaxalone,1665-48-1,Cc1cc(C)cc(OCC2CNC(=O)O2)c1,-6.4
Mycophenolic acid,24280-93-1,CC1=C2COC(=O)C2=C(C(=C1OC)CC=C(C)CCC(=O)O)O,-6.4
Nadolol,42200-33-9,CC(C)(C)NCC(O)COc1cccc2C[C@@H](O)[C@@H](O)Cc12,-6.4
Vitamin A,68-26-8,CC1=C(C(CCC1)(C)C)C=CC(=CC=CC(=CCO)C)C,-6.4
Floxuridine,50-91-9,OC[C@H]1O[C@H](C[C@@H]1O)N2C=C(F)C(=O)NC2=O,-6.4
Thiabendazole,148-79-8,[nH]1c2ccccc2nc1c3cscn3,-6.4
Sulfadoxine,2447-57-6,COc1ncnc(N[S](=O)(=O)c2ccc(N)cc2)c1OC,-6.4
Sulfapyridine,144-83-2,Nc1ccc(cc1)[S](=O)(=O)Nc2ccccn2,-6.4
Hydrocortisone butyrate,13609-67-1,CCCC(=O)OC1(CCC2C1(CC(C3C2CCC4=CC(=O)CCC34C)O)C)C(=O)CO,-6.4
Gemcitabine,95058-81-4,NC1=NC(=O)N(C=C1)[C@@H]2O[C@H](CO)[C@@H](O)C2(F)F,-6.4
Vagistat,65899-73-2,C1=CC(=C(C=C1Cl)Cl)C(CN2C=CN=C2)OCC3=C(SC=C3)Cl,-6.4
Entecavir,142217-69-4,O.NC1=NC(=O)c2ncn(C3C[C@H](O)[C@@H](CO)C3=C)c2N1,-6.4
Fluticasone furoate,397864-44-7,CC1CC2C3CC(C4=CC(=O)C=CC4(C3(C(CC2(C1(C(=O)SCF)OC(=O)C5=CC=CO5)C)O)F)C)F,-6.3
Cefepime(1+),-,C[N+]1(CCCC1)CC2=C(N3C(C(C3=O)NC(=O)C(=NOC)C4=CSC(=N4)N)SC2)C(=O)O,-6.3
"(1S,3S,5S)-2-[(2S)-2-Amino-2-[(5S,7R)-3-hydroxy-1-adamantyl]acetyl]-2-azabicyclo[3.1.0]hexane-3-carbonitrile",361442-04-8,N[C@H](C(=O)N1[C@@H](C[C@@H]2C[C@H]12)C#N)C34C[C@@H]5C[C@@H](CC(O)(C5)C3)C4,-6.3
(R)-Nicardipine,76093-35-1,CC1=C(C(C(=C(N1)C)C(=O)OCCN(C)CC2=CC=CC=C2)C3=CC(=CC=C3)[N+](=O)[O-])C(=O)OC,-6.3
(Z)-N-Methyl-N-(naphthalen-1-ylmethyl)-3-phenylprop-2-en-1-amine,-,CN(C\C=C/c1ccccc1)Cc2cccc3ccccc23,-6.3
(S)-Nicardipine,76093-36-2,CC1=C(C(C(=C(N1)C)C(=O)OCCN(C)CC2=CC=CC=C2)C3=CC(=CC=C3)[N+](=O)[O-])C(=O)OC,-6.3
Hydrocortisone butyrate,13609-67-1,CCCC(=O)OC1(CCC2C1(CC(C3C2CCC4=CC(=O)CCC34C)O)C)C(=O)CO,-6.4
Gemcitabine,95058-81-4,NC1=NC(=O)N(C=C1)[C@@H]2O[C@H](CO)[C@@H](O)C2(F)F,-6.4
Vagistat,65899-73-2,C1=CC(=C(C=C1Cl)Cl)C(CN2C=CN=C2)OCC3=C(SC=C3)Cl,-6.4
Entecavir,142217-69-4,O.NC1=NC(=O)c2ncn(C3C[C@H](O)[C@@H](CO)C3=C)c2N1,-6.4
Fluticasone furoate,397864-44-7,CC1CC2C3CC(C4=CC(=O)C=CC4(C3(C(CC2(C1(C(=O)SCF)OC(=O)C5=CC=CO5)C)O)F)C)F,-6.3
Cefepime(1+),-,C[N+]1(CCCC1)CC2=C(N3C(C(C3=O)NC(=O)C(=NOC)C4=CSC(=N4)N)SC2)C(=O)O,-6.3
"(1S,3S,5S)-2-[(2S)-2-Amino-2-[(5S,7R)-3-hydroxy-1-adamantyl]acetyl]-2-azabicyclo[3.1.0]hexane-3-carbonitrile",361442-04-8,N[C@H](C(=O)N1[C@@H](C[C@@H]2C[C@H]12)C#N)C34C[C@@H]5C[C@@H](CC(O)(C5)C3)C4,-6.3
(R)-Nicardipine,76093-35-1,CC1=C(C(C(=C(N1)C)C(=O)OCCN(C)CC2=CC=CC=C2)C3=CC(=CC=C3)[N+](=O)[O-])C(=O)OC,-6.3
(Z)-N-Methyl-N-(naphthalen-1-ylmethyl)-3-phenylprop-2-en-1-amine,-,CN(C\C=C/c1ccccc1)Cc2cccc3ccccc23,-6.3
(S)-Nicardipine,76093-36-2,CC1=C(C(C(=C(N1)C)C(=O)OCCN(C)CC2=CC=CC=C2)C3=CC(=CC=C3)[N+](=O)[O-])C(=O)OC,-6.3
Fluconazole,86386-73-4,OC(Cn1cncn1)(Cn2cncn2)c3ccc(F)cc3F,-6.3
Bopta,-,C1=CC=C(C=C1)COCC(C(=O)O)N(CCN(CCN(CC(=O)O)CC(=O)O)CC(=O)O)CC(=O)O,-6.3
Caloxetic acid,158599-72-5,CCOC1=CC=C(C=C1)CC(CN(CCN(CC(=O)O)CC(=O)O)CC(=O)O)N(CC(=O)O)CC(=O)O,-6.3
Clemastine,15686-51-8,CC(C1=CC=CC=C1)(C2=CC=C(C=C2)Cl)OCCC3CCCN3C,-6.3
Alfentanil,71195-58-9,CCN1N=NN(CCN2CCC(CC2)(COC)N(C(=O)CC)c3ccccc3)C1=O,-6.3
Oxymetazoline,1491-59-4,Cc1cc(c(O)c(C)c1CC2=NCCN2)C(C)(C)C,-6.3
Fesoterodine,286930-02-7,CC(C)C(=O)OC1=C(C=C(C=C1)CO)C(CCN(C(C)C)C(C)C)C2=CC=CC=C2,-6.3
Cladribine,4291-63-8,Nc1nc(Cl)nc2n(cnc12)[C@H]3C[C@H](O)[C@@H](CO)O3,-6.3
Chlorothiazide,58-94-6,N[S](=O)(=O)c1cc2c(NC=N[S]2(=O)=O)cc1Cl,-6.3
(-)-Verapamil,36622-29-4,CC(C)C(CCCN(C)CCC1=CC(=C(C=C1)OC)OC)(C#N)C2=CC(=C(C=C2)OC)OC,-6.3
Peramivir,229614-56-6,CCC(CC)C(C1C(CC(C1O)C(=O)O)N=C(N)N)NC(=O)C,-6.3
Disofenin,65717-97-7,CC(C)c1cccc(C(C)C)c1NC(=O)CN(CC(O)=O)CC(O)=O,-6.3
2-[[5-Methoxy-1-[4-(trifluoromethyl)phenyl]pentylidene]amino]oxyethanamine,54739-18-3,COCCCCC(=NOCCN)c1ccc(cc1)C(F)(F)F,-6.3
Procarbazine,671-16-9,CNNCc1ccc(cc1)C(=O)NC(C)C,-6.3
"Fluvoxamine, (Z)-",89035-92-7,COCCCCC(=NOCCN)C1=CC=C(C=C1)C(F)(F)F,-6.3
Florbetaben unlabelled,902142-97-6,CNC1=CC=C(C=C1)C=CC2=CC=C(C=C2)OCCOCCOCCF,-6.3
Ciclopirox,29342-05-0,CC1=CC(=O)N(O)C(=C1)C2CCCCC2.NCCO,-6.3
(R)-(+)-Atenolol,56715-13-0,CC(C)NCC(COC1=CC=C(C=C1)CC(=O)N)O,-6.3
Minoxidil,38304-91-5,NC1=CC(=NC(=N)N1O)N2CCCCC2,-6.3
Atomoxetine,83015-26-3,CNCC[C@@H](Oc1ccccc1C)c2ccccc2,-6.3
(R)-Ethotoin,41807-37-8,CCN1C(=O)C(NC1=O)C2=CC=CC=C2,-6.3
(R)-Cyclopentolate,204990-62-5,CN(C)CCOC(=O)C(C1=CC=CC=C1)C2(CCCC2)O,-6.3
Tenofovir,147127-20-6,C[C@H](Cn1cnc2c(N)ncnc12)OC[P](O)(O)=O,-6.3
"N-(Diaminomethylidene)-2-(2,6-dichlorophenyl)acetamide",29110-47-2,NC(N)=NC(=O)Cc1c(Cl)cccc1Cl,-6.3
(R)-Betaxolol,91878-53-4,CC(C)NCC(COC1=CC=C(C=C1)CCOCC2CC2)O,-6.3
(+)-Pentobarbital,21045-50-1,[Na+].CCC[C@@H](C)C1(CC)C(=O)NC(=O)[N-]C1=O,-6.3
Nifedipine,21829-25-4,COC(=O)C1=C(C)NC(=C(C1c2ccccc2[N+]([O-])=O)C(=O)OC)C,-6.3
"5-Ethyl-5-[(2s)-pentan-2-yl]pyrimidine-2,4,6(1h,3h,5h)-trione",5767-32-8,CCC[C@H](C)C1(CC)C(=O)NC(=O)NC1=O,-6.3
Pyrilamine,91-84-9,COc1ccc(CN(CCN(C)C)c2ccccn2)cc1,-6.3
Propoxyphene,469-62-5,CCC(=O)O[C@@](Cc1ccccc1)([C@H](C)CN(C)C)c2ccccc2,-6.3
Droxidopa,3916-18-5,NC(C(O)c1ccc(O)c(O)c1)C(O)=O,-6.3
Benzophenone,119-61-9,O=C(c1ccccc1)c2ccccc2,-6.3
(R)-Bupropion,437723-96-1,C[C@@H](NC(C)(C)C)C(=O)c1cccc(Cl)c1,-6.3
(S)-Carisoprodol,-,CCCC(C)(COC(=O)N)COC(=O)NC(C)C,-6.3
Hexylresorcinol,136-77-6,CCCCCCOc1cccc(O)c1,-6.3
Dipivefrin hydrochloride,64019-93-8,CC(C)(C)C(=O)OC1=C(C=C(C=C1)C(CNC)O)OC(=O)C(C)(C)C.Cl,-6.3
Benidipine hydrochloride,91599-74-5,CC1=C(C(C(=C(N1)C)C(=O)OC2CCCN(C2)CC3=CC=CC=C3)C4=CC(=CC=C4)[N+](=O)[O-])C(=O)OC.Cl,-6.3
Retinal,116-31-4,CC(=C\C=O)/C=C/C=C(C)/C=C/C1=C(C)CCCC1(C)C,-6.3
Carbazochrome,69-81-8,CN1CC(O)C2=CC(=N/NC(N)=O)/C(=O)C=C12,-6.3
Clopamide,636-54-4,C[C@@H]1CCC[C@H](C)N1NC(=O)c2ccc(Cl)c(c2)[S](N)(=O)=O,-6.3
Nitrendipine,39562-70-4,CCOC(=O)C1=C(C)NC(=C(C1c2cccc(c2)[N+]([O-])=O)C(=O)OC)C,-6.3
Quinine hydrochloride,130-89-2,COC1=CC2=C(C=CN=C2C=C1)C(C3CC4CCN3CC4C=C)O.Cl,-6.3
Zotepine,26615-21-4,CN(C)CCOC1=Cc2ccccc2Sc3ccc(Cl)cc13,-6.3
Sulfamethizole,144-82-1,Cc1sc(N[S](=O)(=O)c2ccc(N)cc2)nn1,-6.3
Diethylstilbestrol,56-53-1,CC\C(c1ccc(O)cc1)=C(CC)/c2ccc(O)cc2,-6.3
Pipotiazine,39860-99-6,CN(C)[S](=O)(=O)c1ccc2Sc3ccccc3N(CCCN4CCC(CCO)CC4)c2c1,-6.3
Ticarcillin,34787-01-4,[Na+].[Na+].CC1(C)S[C@@H]2[C@H](NC(=O)[C@H](C([O-])=O)c3cscc3)C(=O)N2[C@H]1C([O-])=O,-6.3
Benserazide,322-35-0,NC(CO)C(=O)NNCc1ccc(O)c(O)c1O,-6.3
Tiaramide hydrochloride,35941-71-0,C1CN(CCN1CCO)C(=O)CN2C3=C(C=CC(=C3)Cl)SC2=O.Cl,-6.3
Dextrin,9004-53-9,OC[C@H]1OC(O[C@H]2[C@H](O)[C@@H](O)C(O[C@@H]2CO)O[C@H]3[C@H](O)[C@@H](O)[C@@H](O)O[C@@H]3CO)[C@H](O)[C@@H](O)[C@@H]1O,-6.3
Chlorprothixene,113-59-7,CN(C)CC\C=C/1c2ccccc2Sc3ccc(Cl)cc13,-6.3
Pipethanate,4546-39-8,OC(C(=O)OCCN1CCCCC1)(c2ccccc2)c3ccccc3,-6.3
TAS-102,733030-01-8,C1CC(=N)N(C1)CC2=C(C(=O)NC(=O)N2)Cl.C1C(C(OC1N2C=C(C(=O)NC2=O)C(F)(F)F)CO)O.Cl,-6.3
Droxidopa,23651-95-8,NC(C(O)c1ccc(O)c(O)c1)C(O)=O,-6.3
Luliconazole,187164-19-8,Clc1ccc([C@@H]2CSC(/S2)=C(/C#N)n3ccnc3)c(Cl)c1,-6.3
Panobinostat (LBH589),404950-80-7,CC1=C(C2=CC=CC=C2N1)CCNCC3=CC=C(C=C3)C=CC(=O)NO,-6.3
Entacapone,130929-57-6,CCN(CC)C(=O)/C(=C/c1cc(O)c(O)c(c1)[N+]([O-])=O)C#N,-6.3
Tenofovir,147127-20-6,C[C@H](Cn1cnc2c(N)ncnc12)OC[P](O)(O)=O,-6.3
Dacogen,2353-33-5,NC1=NC(=O)N(C=N1)C2CC(O)C(CO)O2,-6.3
Silodosin,160970-54-7,C[C@H](Cc1cc2CCN(CCCO)c2c(c1)C(N)=O)NCCOc3ccccc3OCC(F)(F)F,-6.3
Procarbazine hydrochloride,366-70-1,CC(C)NC(=O)C1=CC=C(C=C1)CNNC.Cl,-6.3
Clarithromycin,81103-11-9,CC[C@H]1OC(=O)[C@H](C)[C@@H](O[C@H]2C[C@@](C)(OC)[C@@H](O)[C@H](C)O2)[C@H](C)[C@@H](O[C@@H]3O[C@H](C)C[C@@H]([C@H]3O)N(C)C)[C@@](C)(C[C@@H](C)C(=O)[C@H](C)[C@@H](O)[C@]1(C)O)OC,-6.3
Terbinafine hydrochloride,78628-80-5,CC(C)(C)C#CC=CCN(C)CC1=CC=CC2=CC=CC=C21.Cl,-6.3
Tobramycin,32986-56-4,NC[C@H]1O[C@H](O[C@@H]2[C@@H](N)C[C@@H](N)[C@H](O[C@H]3O[C@H](CO)[C@@H](O)[C@H](N)[C@H]3O)[C@H]2O)[C@H](N)C[C@@H]1O,-6.3
Desipramine hydrochloride,58-28-6,CNCCCN1C2=CC=CC=C2CCC3=CC=CC=C31.Cl,-6.3
Dirithromycin,62013-04-1,CC[C@H]1OC(=O)[C@H](C)[C@@H](O[C@H]2C[C@@](C)(OC)[C@@H](O)[C@H](C)O2)[C@H](C)[C@@H](O[C@@H]3O[C@H](C)C[C@@H]([C@H]3O)N(C)C)[C@](C)(O)C[C@@H](C)[C@@H]4N[C@@H](COCCOC)O[C@H]([C@H]4C)[C@]1(C)O,-6.3
Euquinine,83-75-0,CCOC(=O)OC(C1CC2CCN1CC2C=C)C3=C4C=C(C=CC4=NC=C3)OC,-6.3
Sulfaguanidine,57-67-0,NC(N)=N[S](=O)(=O)c1ccc(N)cc1,-6.3
Zileuton,111406-87-2,CC(C1=CC2=CC=CC=C2S1)N(C(=O)N)O,-6.3
Acarbose,56180-94-0,C[C@H]1O[C@H](O[C@H]2[C@H](O)[C@@H](O)[C@H](O[C@@H]2CO)O[C@H]3[C@H](O)[C@@H](O)[C@H](O)O[C@@H]3CO)[C@H](O)[C@@H](O)[C@@H]1N[C@H]4C=C(CO)[C@H](O)[C@H](O)[C@H]4O,-6.3
Chlorprothixene,113-59-7,CN(C)CC\C=C/1c2ccccc2Sc3ccc(Cl)cc13,-6.3
(R)-Rosiglitazone,163860-16-0,CN(CCOC1=CC=C(C=C1)CC2C(=O)NC(=O)S2)C3=CC=CC=N3,-6.2
Cisatracurium,96946-41-7,COc1ccc(C[C@@H]2c3cc(OC)c(OC)cc3CC[N@+]2(C)CCC(=O)OCCCCCOC(=O)CC[N@@+]4(C)CCc5cc(OC)c(OC)cc5[C@H]4Cc6ccc(OC)c(OC)c6)cc1OC.[O-][S](=O)(=O)c7ccccc7.[O-][S](=O)(=O)c8ccccc8,-6.2
Tobramycin,32986-56-4,NC[C@H]1O[C@H](O[C@@H]2[C@@H](N)C[C@@H](N)[C@H](O[C@H]3O[C@H](CO)[C@@H](O)[C@H](N)[C@H]3O)[C@H]2O)[C@H](N)C[C@@H]1O,-6.2
"(1S)-2-(Dibutylamino)-1-[(9Z)-2,7-dichloro-9-[(4-chlorophenyl)methylidene]fluoren-4-yl]ethanol",-,CCCCN(CCCC)C[C@@H](O)c1cc(Cl)cc2\C(=C/c3ccc(Cl)cc3)c4cc(Cl)ccc4c12,-6.2
(s)-Salmeterol,-,C1=CC=C(C=C1)CCCCOCCCCCCNCC(C2=CC(=C(C=C2)O)CO)O,-6.2
10-{2-[(2r)-1-Methylpiperidin-2-Yl]ethyl}-2-(Methylsulfanyl)-10h-Phenothiazine,-,CSc1ccc2Sc3ccccc3N(CC[C@H]4CCCCN4C)c2c1,-6.2
Rotigotine,99755-59-6,CCCN(CCc1sccc1)C2CCc3c(O)cccc3C2,-6.2
Tiotropium,186691-13-4,C[N+]1(C2CC(CC1C3C2O3)OC(=O)C(C4=CC=CS4)(C5=CC=CS5)O)C,-6.2
Naftifine,65472-88-0,CN(C\C=C\c1ccccc1)Cc2cccc3ccccc23,-6.2
"(1R)-2-(Dibutylamino)-1-[(9Z)-2,7-dichloro-9-[(4-chlorophenyl)methylidene]fluoren-4-yl]ethanol",-,CCCCN(CCCC)C[C@H](O)c1cc(Cl)cc2\C(=C/c3ccc(Cl)cc3)c4cc(Cl)ccc4c12,-6.2
Eprosartan,133040-01-4,CCCCc1ncc(\C=C(/Cc2sccc2)C(O)=O)n1Cc3ccc(cc3)C(O)=O,-6.2
"(3R)-6-Chloro-3-(chloromethyl)-2-methyl-1,1-dioxo-3,4-dihydro-1lambda6,2,4-benzothiadiazine-7-sulfonamide",-,CN1[C@H](CCl)Nc2cc(Cl)c(cc2[S]1(=O)=O)[S](N)(=O)=O,-6.2
"(3R,11Bs)-9,10-dimethoxy-3-(2-methylpropyl)-1,3,4,6,7,11b-hexahydrobenzo[a]quinolizin-2-one",-,CC(C)CC1CN2CCC3=CC(=C(C=C3C2CC1=O)OC)OC,-6.2
"(2S,4R)-N-[(1R,2R)-2-Chloro-1-[(2R,3R,4S,5R,6R)-3,4,5-trihydroxy-6-methylsulfanyloxan-2-yl]propyl]-1-methyl-4-propylpyrrolidine-2-carboxamide",-,CCC[C@@H]1C[C@H](N(C)C1)C(=O)N[C@@H]([C@@H](C)Cl)[C@H]2O[C@H](SC)[C@H](O)[C@@H](O)[C@H]2O,-6.2
Desipramine,50-47-5,CNCCCN1c2ccccc2CCc3ccccc13,-6.2
CID 98048850,-,CC#CCC(C)C(C=CC1C(CC2C1CC(=CCCCC(=O)OCC(=O)C3=CC=CC=C3)C2)O)O,-6.2
Trimethobenzamide,138-56-7,COc1cc(cc(OC)c1OC)C(=O)NCc2ccc(OCCN(C)C)cc2,-6.2
Diltiazem,42399-41-7,COc1ccc(cc1)[C@@H]2Sc3ccccc3N(CCN(C)C)C(=O)[C@@H]2OC(C)=O,-6.2
Dexivacaine,24358-84-7,CN1CCCC[C@H]1C(=O)Nc2c(C)cccc2C,-6.2
CID 6338286,-,CCOC1=CC=C(C=C1)CC(CN(CCN(CC(=O)O)CC(=O)O)CC(=O)O)N(CC(=O)O)CC(=O)O,-6.2
Pentostatin,53910-25-1,OC[C@H]1O[C@H](C[C@@H]1O)n2cnc3[C@H](O)CN=CNc23,-6.2
Unii-G97US9fryv,67346-51-4,CC(CC1=CC=C(C=C1)OC)NCC(C2=CC(=C(C=C2)O)NC=O)O,-6.2
Arformoterol,67346-49-0,COc1ccc(C[C@@H](C)NC[C@H](O)c2ccc(O)c(NC=O)c2)cc1,-6.2
Avibactam,396731-14-9,C1CC(N2CC1N(C2=O)OS(=O)(=O)O)C(=O)N,-6.2
"Acebutolol, (S)-",68107-82-4,CCCC(=O)NC1=CC(=C(C=C1)OCC(CNC(C)C)O)C(=O)C,-6.2
(+)-Promethazine,-,CC(CN1C2=CC=CC=C2SC3=CC=CC=C31)N(C)C,-6.2
Carbidopa,28860-95-9,C[C@@](Cc1ccc(O)c(O)c1)(NN)C(O)=O,-6.2
Vilanterol,503068-34-6,C1=CC(=C(C(=C1)Cl)COCCOCCCCCCNCC(C2=CC(=C(C=C2)O)CO)O)Cl,-6.2
Chloramphenicol,56-75-7,OCC(NC(=O)C(Cl)Cl)C(O)c1ccc(cc1)[N+]([O-])=O,-6.2
Unoprostone,120373-36-6,CCCCCCCC(=O)CC[C@H]1[C@H](O)C[C@H](O)[C@@H]1C\C=C\CCCC(O)=O,-6.2
Valacyclovir,124832-26-4,CC(C)[C@H](N)C(=O)OCCOCn1cnc2C(=O)N=C(N)Nc12,-6.2
"(5S)-5-[(3,5-Dimethylphenoxy)methyl]-1,3-oxazolidin-2-one",-,Cc1cc(C)cc(OC[C@@H]2CNC(=O)O2)c1,-6.2
(S)-Metipranolol,-,CC1=CC(=C(C(=C1OC(=O)C)C)C)OCC(CNC(C)C)O,-6.2
(R)-Esmolol,117405-53-5,CC(C)NCC(COC1=CC=C(C=C1)CCC(=O)OC)O,-6.2
(S)-Esmolol,115729-56-1,CC(C)NCC(COC1=CC=C(C=C1)CCC(=O)OC)O,-6.2
Lacosamide,175481-36-4,COC[C@@H](NC(C)=O)C(=O)NCc1ccccc1,-6.2
Fospropofol,258516-89-1,CC(C)C1=C(C(=CC=C1)C(C)C)OCOP(=O)(O)O,-6.2
Azathioprine,446-86-6,Cn1cnc(c1Sc2ncnc3nc[nH]c23)[N+]([O-])=O,-6.2
(R)-Metipranolol,-,CC1=CC(=C(C(=C1OC(=O)C)C)C)OCC(CNC(C)C)O,-6.2
Lisdexamfetamine,608137-32-2,CC(CC1=CC=CC=C1)NC(=O)C(CCCCN)N,-6.2
Diphenhydramine,58-73-1,CN(C)CCOC(c1ccccc1)c2ccccc2,-6.2
Levobetaxolol,93221-48-8,CC(C)NC[C@H](O)COc1ccc(CCOCC2CC2)cc1,-6.2
Levodopa,59-92-7,N[C@@H](Cc1ccc(O)c(O)c1)C(O)=O,-6.2
Albendazole,54965-21-8,CCCSc1ccc2nc(NC(=O)OC)[nH]c2c1,-6.2
(S)-N-(2-Methylphenyl)-2-(propylamino)propanamide,14289-31-7,CCCN[C@@H](C)C(=O)Nc1ccccc1C,-6.2
(2Z)-(2R)-2-Ethylhexyl 3-(4-methoxyphenyl)-2-propenoate,-,CCCCC(CC)COC(=O)C=CC1=CC=C(C=C1)OC,-6.2
Famotidine,76824-35-6,NC(N)=Nc1scc(CSCCC(N)=N[S](N)(=O)=O)n1,-6.2
Thonzylamine,91-85-0,COc1ccc(CN(CCN(C)C)c2ncccn2)cc1,-6.2
Pirfenidone,53179-13-8,CC1=CN(C(=O)C=C1)c2ccccc2,-6.2
Levalbuterol,34391-04-3,CC(C)(C)NC[C@H](O)c1ccc(O)c(CO)c1,-6.2
(S)-Albuterol,34271-50-6,CC(C)(C)NCC(C1=CC(=C(C=C1)O)CO)O,-6.2
"(2R,3S)-2-Amino-3-(3,4-dihydroxyphenyl)-3-hydroxypropanoic acid",23651-95-8,C1=CC(=C(C=C1C(C(C(=O)O)N)O)O)O,-6.2
Ropinirole,91374-21-9,CCCN(CCC)CCc1cccc2NC(=O)Cc12,-6.2
8-Hydroxyquinoline,148-24-3,Oc1cccc2cccnc12,-6.2
Clioquinol,130-26-7,Oc1c(I)cc(Cl)c2cccnc12,-6.2
Benzonatate,104-31-4,CCCCNc1ccc(cc1)C(=O)OCCOCCOCCOCCOCCOCCOCCOCCOCCOC,-6.2
Trimeprazine,84-96-8,CC(CN(C)C)CN1c2ccccc2Sc3ccccc13,-6.2
Pindolol,13523-86-9,CC(C)NCC(O)COc1cccc2[nH]ccc12,-6.2
Felodipine,72509-76-3,CCOC(=O)C1=C(C)NC(=C(C1c2cccc(Cl)c2Cl)C(=O)OC)C,-6.2
Tramadol hydrochloride,36282-47-0,CN(C)CC1CCCCC1(C2=CC(=CC=C2)OC)O.Cl,-6.2
Guanosine,118-00-3,NC1=Nc2n(cnc2C(=O)N1)[C@@H]3O[C@H](CO)[C@@H](O)[C@H]3O,-6.2
Coenzyme A,85-61-0,CC(C)(COP(=O)(O)OP(=O)(O)OCC1C(C(C(O1)N2C=NC3=C(N=CN=C32)N)O)OP(=O)(O)O)C(C(=O)NCCC(=O)NCCS)O,-6.2
Pramoxine hydrochloride,637-58-1,CCCCOC1=CC=C(C=C1)OCCCN2CCOCC2.Cl,-6.2
Moclobemide,71320-77-9,Clc1ccc(cc1)C(=O)NCCN2CCOCC2,-6.2
Epirizole,18694-40-1,COc1cc(C)nc(n1)n2nc(C)cc2OC,-6.2
Phenazopyridine,94-78-0,Nc1ccc(N=Nc2ccccc2)c(N)n1,-6.2
Pepcid,76824-35-6,NC(N)=Nc1scc(CSCCC(N)=N[S](N)(=O)=O)n1,-6.2
Dothiepin hydrochloride,897-15-4,CN(C)CCC=C1C2=CC=CC=C2CSC3=CC=CC=C31.Cl,-6.2
Carbinoxamine,486-16-8,CN(C)CCOC(c1ccc(Cl)cc1)c2ccccn2,-6.2
Viloxazine hydrochloride,35604-67-2,CCOC1=CC=CC=C1OCC2CNCCO2.Cl,-6.2
Betaxolol hydrochloride,63659-19-8,CC(C)NCC(COC1=CC=C(C=C1)CCOCC2CC2)O.Cl,-6.2
Alclofenac,22131-79-9,OC(=O)Cc1ccc(OCC=C)c(Cl)c1,-6.2
Betaxolol,63659-18-7,CC(C)NCC(O)COc1ccc(CCOCC2CC2)cc1,-6.2
Mitotane,53-19-0,ClC(Cl)C(c1ccc(Cl)cc1)c2ccccc2Cl,-6.2
Icodextrin,5051-62-7,OC[C@H]1OC(O[C@H]2[C@H](O)[C@@H](O)C(O[C@@H]2CO)O[C@H]3[C@H](O)[C@@H](O)[C@@H](O)O[C@@H]3CO)[C@H](O)[C@@H](O)[C@@H]1O,-6.2
Dimetotiazine,7456-24-8,CC(CN1c2ccccc2Sc3ccc(cc13)[S](=O)(=O)N(C)C)N(C)C,-6.2
Oxymetazoline hydrochloride,151615,CC1=CC(=C(C(=C1CC2=NCCN2)C)O)C(C)(C)C.Cl,-6.2
Doxepin Hydrochloride,1229-29-4,CN(C)CCC=C1C2=CC=CC=C2COC3=CC=CC=C31.Cl,-6.2
Chlorpheniramine,132-22-9,CN(C)CCC(c1ccc(Cl)cc1)c2ccccn2.OC(=O)\C=C/C(O)=O,-6.2
Hydralazine hydrochloride,304-20-1,C1=CC=C2C(=C1)C=NN=C2NN.Cl,-6.2
Hydroxyethyl starch,9005-27-0,C(COCC1C(C(C(C(O1)OCCO)OCCO)OCCO)OCCO)O.C(C1C(C(C(C(O1)O)O)O)O)O,-6.2
Nefopam hydrochloride,23327-57-3,CN1CCOC(C2=CC=CC=C2C1)C3=CC=CC=C3.Cl,-6.2
Macitentan,441798-33-0,CCCNS(=O)(=O)NC1=C(C(=NC=N1)OCCOC2=NC=C(C=N2)Br)C3=CC=C(C=C3)Br,-6.2
Cladribine,4291-63-8,Nc1nc(Cl)nc2n(cnc12)[C@H]3C[C@H](O)[C@@H](CO)O3,-6.2
Hydralazine hydrochloride,304-20-1,C1=CC=C2C(=C1)C=NN=C2NN.Cl,-6.2
Doxepin hydrochloride,1229-29-4,CN(C)CCC=C1C2=CC=CC=C2COC3=CC=CC=C31.Cl,-6.2
Tazobactam acid,89786-04-9,CC1(C(N2C(S1(=O)=O)CC2=O)C(=O)O)CN3C=CN=N3,-6.2
Chloramphenicol,56-75-7,OCC(NC(=O)C(Cl)Cl)C(O)c1ccc(cc1)[N+]([O-])=O,-6.2
Tiotropium bromide,136310-93-5,C[N+]1(C2CC(CC1C3C2O3)OC(=O)C(C4=CC=CS4)(C5=CC=CS5)O)C.[Br-],-6.2
Amikacin,37517-28-5,NCC[C@H](O)C(=O)N[C@@H]1C[C@H](N)[C@@H](O[C@H]2O[C@H](CN)[C@@H](O)[C@H](O)[C@H]2O)[C@H](O)[C@H]1O[C@H]3O[C@H](CO)[C@@H](O)[C@H](N)[C@H]3O,-6.2
Levodopa,59-92-7,N[C@@H](Cc1ccc(O)c(O)c1)C(O)=O,-6.2
Molindone hydrochloride,15622-65-8,CCC1=C(NC2=C1C(=O)C(CC2)CN3CCOCC3)C.Cl,-6.2
Capitrol,773-76-2,Oc1c(Cl)cc(Cl)c2cccnc12,-6.2
Cefotetan,69712-56-7,CO[C@]1(NC(=O)C2S\C(S2)=C(\C(N)=O)C(O)=O)[C@H]3SCC(=C(N3C1=O)C(O)=O)CSc4nnnn4C,-6.1
Carfilzomib,868540-17-4,CC(C)CC(C(=O)C1(CO1)C)NC(=O)C(CC2=CC=CC=C2)NC(=O)C(CC(C)C)NC(=O)C(CCC3=CC=CC=C3)NC(=O)CN4CCOCC4,-6.1
"(7R,8S,9S,13S,14S,17S)-13-Methyl-7-[9-[(S)-4,4,5,5,5-pentafluoropentylsulfinyl]nonyl]-6,7,8,9,11,12,14,15,16,17-decahydrocyclopenta[a]phenanthrene-3,17-diol",-,C[C@]12CC[C@H]3[C@H]([C@H](CCCCCCCCC[S@](=O)CCCC(F)(F)C(F)(F)F)Cc4cc(O)ccc34)[C@@H]1CC[C@@H]2O,-6.1
Amikacin,37517-28-5,NCC[C@H](O)C(=O)N[C@@H]1C[C@H](N)[C@@H](O[C@H]2O[C@H](CN)[C@@H](O)[C@H](O)[C@H]2O)[C@H](O)[C@H]1O[C@H]3O[C@H](CO)[C@@H](O)[C@H](N)[C@H]3O,-6.1
(-)-trans-Permethrin,54774-47-9,CC1(C)[C@@H](C=C(Cl)Cl)[C@@H]1C(=O)OCc2cccc(Oc3ccccc3)c2,-6.1
Prochlorperazine,58-38-8,CN1CCN(CCCN2c3ccccc3Sc4ccc(Cl)cc24)CC1,-6.1
trans-Permethrin,51877-74-8,CC1(C)[C@H](C=C(Cl)Cl)[C@H]1C(=O)OCc2cccc(Oc3ccccc3)c2,-6.1
Latanoprost,130209-82-4,CC(C)OC(=O)CCC/C=C/C[C@H]1[C@@H](O)C[C@@H](O)[C@@H]1CC[C@@H](O)CCc2ccccc2,-6.1
Bumetanide,28395-03-1,CCCCNc1cc(cc(c1Oc2ccccc2)[S](N)(=O)=O)C(O)=O,-6.1
"(6S)-2-Amino-6-[(1R,2R)-1,2-dihydroxypropyl]-5,6,7,8-tetrahydro-3H-pteridin-4-one",-,C[C@@H](O)[C@H](O)[C@@H]1CNC2=C(N1)C(=O)NC(=N2)N,-6.1
"(6S)-2-Amino-6-[(1S,2R)-1,2-dihydroxypropyl]-5,6,7,8-tetrahydro-3H-pteridin-4-one",-,C[C@@H](O)[C@@H](O)[C@@H]1CNC2=C(N1)C(=O)NC(=N2)N,-6.1
Sapropterin,62989-33-7,C[C@H](O)[C@H](O)[C@H]1CNC2=C(N1)C(=O)N=C(N)N2,-6.1
"(6S)-2-Amino-6-[(1R,2S)-1,2-dihydroxypropyl]-5,6,7,8-tetrahydro-3H-pteridin-4-one",-,C[C@H](O)[C@H](O)[C@@H]1CNC2=C(N1)C(=O)NC(=N2)N,-6.1
Emedastine,87233-61-2,CCOCCn1c2ccccc2nc1N3CCCN(C)CC3,-6.1
"(6S)-2-Amino-6-[(1S,2S)-1,2-dihydroxypropyl]-5,6,7,8-tetrahydro-3H-pteridin-4-one",-,C[C@H](O)[C@@H](O)[C@@H]1CNC2=C(N1)C(=O)NC(=N2)N,-6.1
Amiodarone,1951-25-3,CCCCc1oc2ccccc2c1C(=O)c3cc(I)c(OCCN(CC)CC)c(I)c3,-6.1
"(3S,11Bs)-tetrabenazine",58-46-8,CC(C)CC1CN2CCC3=CC(=C(C=C3C2CC1=O)OC)OC,-6.1
(S)-Trimipramine,-,CC(CN1C2=CC=CC=C2CCC3=CC=CC=C31)CN(C)C,-6.1
CID 98048845,-,CC#CCC(C)C(C=CC1C(CC2C1CC(=CCCCC(=O)OCC(=O)C3=CC=CC=C3)C2)O)O,-6.1
Hydralazine,86-54-4,NNc1nncc2ccccc12,-6.1
Unii-ZP145530CI,67346-50-3,CC(CC1=CC=C(C=C1)OC)NCC(C2=CC(=C(C=C2)O)NC=O)O,-6.1
Trimethoprim,738-70-5,COc1cc(Cc2cnc(N)nc2N)cc(OC)c1OC,-6.1
(2s)-n-Ethyl-3-hydroxy-2-phenyl-n-(pyridin-4-ylmethyl)propanamide,92934-64-0,CCN(Cc1ccncc1)C(=O)[C@H](CO)c2ccccc2,-6.1
"(5R)-3-Ethyl-2-methyl-5-(morpholin-4-ylmethyl)-1,5,6,7-tetrahydroindol-4-one",-,CCc1c(C)[nH]c2CC[C@H](CN3CCOCC3)C(=O)c12,-6.1
Foradil,67346-48-9,O.COc1ccc(C[C@@H](C)NC[C@H](O)c2ccc(O)c(NC=O)c2)cc1.COc3ccc(C[C@@H](C)NC[C@H](O)c4ccc(O)c(NC=O)c4)cc3.OC(=O)\C=C\C(O)=O,-6.1
Lactulose,4618-18-2,OC[C@H]1O[C@@H](O[C@@H]2[C@@H](CO)O[C@](O)(CO)[C@H]2O)[C@H](O)[C@@H](O)[C@H]1O,-6.1
Sulfadiazine,68-35-9,Nc1ccc(cc1)[S](=O)(=O)Nc2ncccn2,-6.1
(S)-Chloroquine,58175-86-3,CCN(CC)CCC[C@H](C)Nc1ccnc2cc(Cl)ccc12,-6.1
"N4-(7-Chloro-quinolin-4-YL)-N1,N1-diethyl-pentane-1,4-diamine",58175-87-4,CCN(CC)CCCC(C)Nc1ccnc2cc(Cl)ccc12,-6.1
"(1S,2S,3S,4R)-3-[(1R)-1-Acetamido-2-ethylbutyl]-4-(diaminomethylideneamino)-2-hydroxycyclopentane-1-carboxylic acid",-,CCC(CC)C(C1C(CC(C1O)C(=O)O)N=C(N)N)NC(=O)C,-6.1
Clopidogrel,113665-84-2,COC(=O)[C@@H](N1CCc2sccc2C1)c3ccccc3Cl,-6.1
(R)-Tropicamide,92934-63-9,NC(=O)[C@@H](CO)c1ccccc1,-6.1
Florbetapir,938435-69-9,CNC1=CC=C(C=C1)C=CC2=CN=C(C=C2)OCCOCCOCCF,-6.1
Methyl (S)-phenyl[(S)-piperidin-2-yl]acetate,20748-11-2,COC(=O)C(C1CCCCN1)C2=CC=CC=C2,-6.1
Methyl (R)-phenyl[(S)-piperidin-2-yl]acetate,52703-69-2,COC(=O)C(C1CCCCN1)C2=CC=CC=C2,-6.1
"5-[Acetyl-[(2S)-2,3-dihydroxypropyl]amino]-1-N,3-N-bis[(2S)-2,3-dihydroxypropyl]-2,4,6-triiodobenzene-1,3-dicarboxamide",-,CC(=O)N(C[C@H](O)CO)c1c(I)c(C(=O)NC[C@H](O)CO)c(I)c(C(=O)NC[C@H](O)CO)c1I,-6.1
Methyl (S)-phenyl[(R)-piperidin-2-yl]acetate,-,COC(=O)C(C1CCCCN1)C2=CC=CC=C2,-6.1
Sucrose,57-50-1,OC[C@H]1O[C@H](O[C@]2(CO)O[C@H](CO)[C@@H](O)[C@@H]2O)[C@H](O)[C@@H](O)[C@@H]1O,-6.1
"1-N-[(2S)-2,3-Dihydroxypropyl]-3-N-[(2R)-2,3-dihydroxypropyl]-2,4,6-triiodo-5-[(2-methoxyacetyl)amino]-3-N-methylbenzene-1,3-dicarboxamide",-,COCC(=O)Nc1c(I)c(C(=O)NC[C@H](O)CO)c(I)c(c1I)C(=O)N(C)C[C@@H](O)CO,-6.1
"(11R,16S)-Misoprostol",-,CCCCC(C)(CC=CC1C(CC(=O)C1CCCCCCC(=O)OC)O)O,-6.1
Famciclovir,104227-87-4,CC(=O)OCC(CCn1cnc2cnc(N)nc12)COC(C)=O,-6.1
Esatenolol,93379-54-5,CC(C)NC[C@H](O)COc1ccc(CC(N)=O)cc1,-6.1
Dexmedetomidine,113775-47-6,C[C@H](c1[nH]cnc1)c2cccc(C)c2C,-6.1
Dexsotalol,30236-32-9,CC(C)NC[C@@H](O)c1ccc(N[S](C)(=O)=O)cc1,-6.1
(R)-Carbinoxamine,59811-40-4,CN(C)CCOC(C1=CC=C(C=C1)Cl)C2=CC=CC=N2,-6.1
Rotoxamine,5560-77-0,CN(C)CCO[C@@H](c1ccc(Cl)cc1)c2ccccn2,-6.1
Dextromethadone,5653-80-5,CCC(=O)C(CC(C)N(C)C)(c1ccccc1)c2ccccc2,-6.1
Dexbrompheniramine,132-21-8,CN(C)CC[C@@H](c1ccc(Br)cc1)c2ccccn2,-6.1
Temozolomide,85622-93-1,CN1N=Nc2n(cnc2C(N)=O)C1=O,-6.1
Amidate,33125-97-2,CCOC(=O)c1cncn1C(C)c2ccccc2,-6.1
Remifentanil,132875-61-7,CCC(=O)N(c1ccccc1)C2(CCN(CCC(=O)OC)CC2)C(=O)OC,-6.1
Alitretinoin,1241893,CC1=C(\C=C\C(C)=C\C=C\C(C)=C\C(O)=O)C(C)(C)CCC1,-6.1
(R)-Octinoxate,5466-77-3,CCCCC(CC)COC(=O)C=CC1=CC=C(C=C1)OC,-6.1
(S)-Methocarbamol,-,COC1=CC=CC=C1OCC(COC(=O)N)O,-6.1
Cidofovir,113852-37-2,O.O.NC1=NC(=O)N(C[C@@H](CO)OC[P](O)(O)=O)C=C1,-6.1
Tizanidine,51322-75-9,Clc1ccc2nsnc2c1NC3=NCCN3,-6.1
"5-[(1R)-2-(Tert-butylamino)-1-hydroxyethyl]benzene-1,3-diol",-,CC(C)(C)NC[C@H](O)c1cc(O)cc(O)c1,-6.1
(+)-Terbutaline,-,CC(C)(C)NCC(C1=CC(=CC(=C1)O)O)O,-6.1
(R)-(-)-Ibuprofen,51146-57-7,CC(C)Cc1ccc(cc1)[C@@H](C)C(O)=O,-6.1
Tyrosine,60-18-4,N[C@@H](Cc1ccc(O)cc1)C(O)=O,-6.1
Phenylalanine,63-91-2,N[C@@H](Cc1ccccc1)C(O)=O,-6.1
Clavulanic acid,58001-44-8,C1C2N(C1=O)C(C(=CCO)O2)C(=O)O,-6.1
Tetracaine,94-24-6,CCCCNc1ccc(cc1)C(=O)OCCN(C)C,-6.1
Spectinomycin dihydrochloride,21736-83-4,CC1CC(=O)C2(C(O1)OC3C(C(C(C(C3O2)NC)O)NC)O)O.Cl.Cl,-6.1
Amiloride hydrochloride,17440-83-4,C1(=C(N=C(C(=N1)Cl)N)N)C(=O)N=C(N)N.Cl,-6.1
Cyclopentolate hydrochloride,5870-29-1,CN(C)CCOC(=O)C(C1=CC=CC=C1)C2(CCCC2)O.Cl,-6.1
Sulfacarbamide,547-44-4,NC(=O)N[S](=O)(=O)c1ccc(N)cc1,-6.1
Clorprenaline hydrochloride,6933-90-0,CC(C)NCC(C1=CC=CC=C1Cl)O.Cl,-6.1
Nifuratel,4936-47-4,CSCC1CN(\N=C/c2oc(cc2)[N+]([O-])=O)C(=O)O1,-6.1
Vidarabine,5536-17-4,Nc1ncnc2n(cnc12)C3OC(CO)C(O)C3O,-6.1
Dinoprost,551-11-1,CCCCCC(O)/C=C/C1C(O)CC(O)C1C\C=C\CCCC(O)=O,-6.1
Kanamycin,59-01-8,NCC1OC(OC2C(N)CC(N)C(OC3OC(CO)C(O)C(N)C3O)C2O)C(O)C(O)C1O,-6.1
Coenzyme Q10,303-98-0,CC1=C(C(=O)C(=C(C1=O)OC)OC)CC=C(C)CCC=C(C)CCC=C(C)CCC=C(C)CCC=C(C)CCC=C(C)CCC=C(C)CCC=C(C)CCC=C(C)CCC=C(C)C,-6.1
Thiamphenicol,847-25-6,C[S](=O)(=O)c1ccc(cc1)[C@@H](O)[C@@H](CO)NC(=O)C(Cl)Cl,-6.1
Roxatidine acetate hydrochloride,93793-83-0,CC(=O)OCC(=O)NCCCOC1=CC=CC(=C1)CN2CCCCC2.Cl,-6.1
Esmolol hydrochloride,81161-17-3,CC(C)NCC(COC1=CC=C(C=C1)CCC(=O)OC)O.Cl,-6.1
Mebeverine hydrochloride,2753-45-9,CCN(CCCCOC(=O)C1=CC(=C(C=C1)OC)OC)C(C)CC2=CC=C(C=C2)OC.Cl,-6.1
Tiaramide,32527-55-2,OCCN1CCN(CC1)C(=O)CN2C(=O)Sc3ccc(Cl)cc23,-6.1
Tizanidine hydrochloride,64461-82-1,C1CN=C(N1)NC2=C(C=CC3=NSN=C32)Cl.Cl,-6.1
Pantethine,16816-67-4,CC(C)(CO)[C@@H](O)C(=O)NCCC(=O)NCCSSCCNC(=O)CCNC(=O)[C@H](O)C(C)(C)CO,-6.1
Bisoprolol,66722-44-9,CC(C)NCC(O)COc1ccc(COCCOC(C)C)cc1,-6.1
Bithionol,97-18-7,Oc1c(Cl)cc(Cl)cc1Sc2cc(Cl)cc(Cl)c2O,-6.1
Pivmecillinam hydrochloride,32887-03-9,CC1(C(N2C(S1)C(C2=O)N=CN3CCCCCC3)C(=O)OCOC(=O)C(C)(C)C)C.Cl,-6.1
Amisulpride,71675-85-9,CCN1CCCC1CNC(=O)c2cc(c(N)cc2OC)[S](=O)(=O)CC,-6.1
Gefarnate,51-77-4,CC(C)=CCC/C(C)=C/CC\C(C)=C\CCC(=O)OC\C=C(C)\CCC=C(C)C,-6.1
Aminoglutethimide,125-84-8,CCC1(CCC(=O)NC1=O)c2ccc(N)cc2,-6.1
Isopropamide,7492-32-2,[OH-].[I].CC(C)[N+](C)(CCC(C(N)=O)(c1ccccc1)c2ccccc2)C(C)C,-6.1
Propranolol hydrochloride,318-98-9,CC(C)NCC(COC1=CC=CC2=CC=CC=C21)O.Cl,-6.1
Bambuterol hydrochloride,81732-46-9,CC(C)(C)NCC(C1=CC(=CC(=C1)OC(=O)N(C)C)OC(=O)N(C)C)O.Cl,-6.1
Tetroxoprim,53808-87-0,COCCOc1c(OC)cc(Cc2cnc(N)nc2N)cc1OC,-6.1
Flurazepam hydrochloride,1172-18-5,CCN(CC)CCN1C(=O)CN=C(C2=C1C=CC(=C2)Cl)C3=CC=CC=C3F.Cl.Cl,-6.1
Bupropion hydrochloride,31677-93-7,CC(C(=O)C1=CC(=CC=C1)Cl)NC(C)(C)C.Cl,-6.1
Bendamustine hydrochloride,3543-75-7,CN1C2=C(C=C(C=C2)N(CCCl)CCCl)N=C1CCCC(=O)O.Cl,-6.1
Lumefantrine,82186-77-4,CCCCN(CCCC)CC(O)c1cc(Cl)cc2\C(=C\c3ccc(Cl)cc3)c4cc(Cl)ccc4c12,-6.1
Capsaicin,404-86-4,COc1cc(CNC(=O)CCCC\C=C\C(C)C)ccc1O,-6.1
Propitocaine hydrochloride,1786-81-8,CCCNC(C)C(=O)NC1=CC=CC=C1C.Cl,-6.1
Furazolidone,67-45-8,[O-][N+](=O)c1oc(cc1)\C=N\N2CCOC2=O,-6.1
Benzyl benzoate,120-51-4,C1=CC=C(C=C1)COC(=O)C2=CC=CC=C2,-6.1
Proparacaine hydrochloride,1452000,CCCOC1=C(C=C(C=C1)C(=O)OCCN(CC)CC)N.Cl,-6.1
Loteprednol etabonate,82034-46-6,CCOC(=O)OC1(CCC2C1(CC(C3C2CCC4=CC(=O)C=CC34C)O)C)C(=O)OCCl,-6.1
Mitoxantrone hydrochloride,70476-82-3,C1=CC(=C2C(=C1NCCNCCO)C(=O)C3=C(C=CC(=C3C2=O)O)O)NCCNCCO.Cl.Cl,-6.1
"(2S,3R,4R,5R)-2-[(1S,2S,3R,4R,6S)-4,6-Diamino-3-[(2S,3S,6S)-3-amino-6-[(1R)-1-(methylamino)ethyl]oxan-2-yl]oxy-2-hydroxycyclohexyl]oxy-5-methyl-4-(methylamino)oxane-3,5-diol",-,CN[C@H](C)[C@@H]1CC[C@H](N)[C@@H](O1)O[C@@H]2[C@H](N)C[C@H](N)[C@H](O[C@@H]3OC[C@](C)(O)[C@H](NC)[C@H]3O)[C@H]2O,-6
Flurazepam,17617-23-1,CCN(CC)CCN1C(=O)CN=C(c2ccccc2F)c3cc(Cl)ccc13,-6
CID 98048851,-,CC#CCC(C)C(C=CC1C(CC2C1CC(=CCCCC(=O)OCC(=O)C3=CC=CC=C3)C2)O)O,-6
"(3S)-6-Chloro-3-(chloromethyl)-2-methyl-1,1-dioxo-3,4-dihydro-1lambda6,2,4-benzothiadiazine-7-sulfonamide",-,CN1[C@@H](CCl)Nc2cc(Cl)c(cc2[S]1(=O)=O)[S](N)(=O)=O,-6
Entacapone,130929-57-6,CCN(CC)C(=O)/C(=C/c1cc(O)c(O)c(c1)[N+]([O-])=O)C#N,-6
Tazobactam,89786-04-9,C[C@]1(Cn2ccnn2)[C@@H](N3[C@@H](CC3=O)[S]1(=O)=O)C(O)=O,-6
Dichlorphenamide,120-97-8,N[S](=O)(=O)c1cc(Cl)c(Cl)c(c1)[S](N)(=O)=O,-6
"2-[(1R)-1,2,3,4-Tetrahydronaphthalen-1-yl]-4,5-dihydro-1H-imidazole",-,C1C[C@@H](C2=NCCN2)c3ccccc3C1,-6
"2-[(1S)-1,2,3,4-Tetrahydronaphthalen-1-yl]-4,5-dihydro-1H-imidazole",-,C1C[C@H](C2=NCCN2)c3ccccc3C1,-6
Clindamycin,18323-44-9,CCC[C@@H]1C[C@H](N(C)C1)C(=O)NC(C(C)Cl)[C@H]2O[C@H](SC)[C@H](O)[C@@H](O)[C@H]2O,-6
Adenosine,58-61-7,Nc1ncnc2n(cnc12)[C@@H]3O[C@H](CO)[C@@H](O)[C@H]3O,-6
Naloxegol,854601-70-0,COCCOCCOCCOCCOCCOCCOCCOC1CCC2(C3CC4=C5C2(C1OC5=C(C=C4)O)CCN3CC=C)O,-6
Terbinafine,91161-71-6,CN(C\C=C\C#CC(C)(C)C)Cc1cccc2ccccc12,-6
Vorinostat,149647-78-9,ONC(=O)CCCCCCC(=O)Nc1ccccc1,-6
"(5S)-3-Ethyl-2-methyl-5-(morpholin-4-ylmethyl)-1,5,6,7-tetrahydroindol-4-one",-,CCc1c(C)[nH]c2CC[C@@H](CN3CCOCC3)C(=O)c12,-6
1-(Isopropylamino)-3-(1-naphthyloxy)-2-propanol,839938,CC(C)NCC(O)COc1cccc2ccccc12,-6
Dexpropranolol,5051-22-9,CC(C)NC[C@@H](O)COc1cccc2ccccc12,-6
(S)-Nisoldipine,-,CC1=C(C(C(=C(N1)C)C(=O)OCC(C)C)C2=CC=CC=C2[N+](=O)[O-])C(=O)OC,-6
Fluvoxamine,54739-18-3,COCCCC\C(=N/OCCN)c1ccc(cc1)C(F)(F)F.OC(=O)\C=C/C(O)=O,-6
(S)-Nimodipine,77940-93-3,CC1=C(C(C(=C(N1)C)C(=O)OC(C)C)C2=CC(=CC=C2)[N+](=O)[O-])C(=O)OCCOC,-6
Dexmethylphenidate,40431-64-9,COC(=O)[C@@H]([C@H]1CCCCN1)c2ccccc2,-6
Tetraxetan,60239-18-1,OC(=O)CN1CCN(CCN(CCN(CC1)CC(O)=O)CC(O)=O)CC(O)=O,-6
Ioflupane,155797-99-2,COC(=O)C1C2CCC(N2CCCF)CC1C3=CC=C(C=C3)I,-6
Rizatriptan,144034-80-0,CN(C)CCc1c[nH]c2ccc(Cn3cncn3)cc12,-6
(S)-Cyclopentolate,204990-63-6,CN(C)CCOC(=O)C(C1=CC=CC=C1)C2(CCCC2)O,-6
Levamlodipine,103129-82-4,CCOC(=O)C1=C(NC(=C(C1C2=CC=CC=C2Cl)C(=O)OC)C)COCCN,-6
Dexchlorpheniramine,25523-97-1,CN(C)CC[C@@H](c1ccc(Cl)cc1)c2ccccn2,-6
Iloprost R-isomer,74843-13-3,CC#CCC(C)C(C=CC1C(CC2C1CC(=CCCCC(=O)O)C2)O)O,-6
Felbamate,25451-15-4,NC(=O)OCC(COC(N)=O)c1ccccc1,-6
(-)-Chlorpheniramine,32188-09-3,CN(C)CCC(C1=CC=C(C=C1)Cl)C2=CC=CC=N2,-6
Ethacrynic acid,58-54-8,CCC(=C)C(=O)C1=C(C(=C(C=C1)OCC(=O)O)Cl)Cl,-6
"Mitotane, (R)-",164203-73-0,C1=CC=C(C(=C1)C(C2=CC=C(C=C2)Cl)C(Cl)Cl)Cl,-6
Diazoxide,364-98-7,CC1=N[S](=O)(=O)c2cc(Cl)ccc2N1,-6
(2Z)-(2S)-2-Ethylhexyl 3-(4-methoxyphenyl)-2-propenoate,1640292-97-2,CCCCC(CC)COC(=O)C=CC1=CC=C(C=C1)OC,-6
(R)-Ketamine,33643-49-1,CN[C@]1(CCCCC1=O)c2ccccc2Cl,-6
Proparacaine,499-67-2,CCCOc1ccc(cc1N)C(=O)OCCN(CC)CC,-6
Esketamine,33643-46-8,CN[C@@]1(CCCCC1=O)c2ccccc2Cl,-6
Lorcaserin,616202-92-7,CC1CNCCC2=C1C=C(C=C2)Cl,-6
(R)-Methocarbamol,-,COC1=CC=CC=C1OCC(COC(=O)N)O,-6
(S)-Octinoxate,5466-77-3,CCCCC(CC)COC(=O)C=CC1=CC=C(C=C1)OC,-6
"5-[(2R)-Butan-2-yl]-5-ethyl-1,3-diazinane-2,4,6-trione",-,CC[C@@H](C)C1(CC)C(=O)NC(=O)NC1=O,-6
"5-[(2S)-Butan-2-yl]-5-ethyl-1,3-diazinane-2,4,6-trione",-,CC[C@H](C)C1(CC)C(=O)NC(=O)NC1=O,-6
Rivastigmine,123441-03-2,CCN(C)C(=O)Oc1cccc(c1)[C@H](C)N(C)C,-6
(S)-Orciprenaline,155418-87-4,CC(C)NCC(C1=CC(=CC(=C1)O)O)O,-6
(S)-Bupropion,324548-43-8,C[C@H](NC(C)(C)C)C(=O)c1cccc(Cl)c1,-6
Sulbactam,68373-14-8,CC1(C)[C@@H](N2[C@@H](CC2=O)[S]1(=O)=O)C(O)=O,-6
"(S)-4-(1-Hydroxy-2-(isopropylamino)ethyl)benzene-1,2-diol",388717,CC(C)NC[C@@H](O)c1ccc(O)c(O)c1,-6
Levisoprenaline,51-31-0,CC(C)NC[C@H](O)c1ccc(O)c(O)c1,-6
Aminohippuric acid,61-78-9,C1=CC(=CC=C1C(=O)NCC(=O)O)N,-6
(R)-Carisoprodol,-,CCCC(C)(COC(=O)N)COC(=O)NC(C)C,-6
Chlorambucil,305-03-3,OC(=O)CCCc1ccc(cc1)N(CCCl)CCCl,-6
8-Bromotheophylline,10381-75-6,CN1C(=O)N(C)c2nc(Br)[nH]c2C1=O,-6
Docosahexaenoic acid,6217-54-5,CCC=CCC=CCC=CCC=CCC=CCC=CCCC(=O)O,-6
Thymol,89-83-8,CC(C)c1ccc(C)cc1O,-6
Nicotine,54-11-5,CN1CCCC1c2cccnc2,-6
(+)-Nicotine,25162-00-9,CN1CCCC1c2cccnc2,-6
Sotalol hydrochloride,959-24-0,CC(C)NCC(C1=CC=C(C=C1)NS(=O)(=O)C)O.Cl,-6
Cefmetazole,56796-20-4,CO[C@]1(NC(=O)CSCC#N)[C@H]2SCC(=C(N2C1=O)C(O)=O)CSc3nnnn3C,-6
Netilmicin,56391-56-1,CCN[C@@H]1C[C@H](N)[C@@H](O[C@H]2OC(=CC[C@H]2N)CN)[C@H](O)[C@H]1O[C@H]3OC[C@](C)(O)[C@H](NC)[C@H]3O,-6
Disopyramide,671200,CC(C)N(CCC(C(N)=O)(c1ccccc1)c2ccccn2)C(C)C,-6
Nitrofurazone,59-87-0,NC(=O)N/N=C/c1oc(cc1)[N+]([O-])=O,-6
Bromelain,9001-00-7,CC1C(C(C(C(O1)OC2C(C(OC(C2OC3C(C(C(C(O3)CO)OC4C(C(C(C(O4)COC5C(C(C(C(O5)CO)O)O)O)O)O)OC6C(C(C(CO6)O)O)O)O)NC(=O)C)CO)O)NC(=O)C)O)O)O,-6
Isoaminile citrate,28416-66-2,CC(C)C(CC(C)N(C)C)(C#N)C1=CC=CC=C1.C(C(=O)O)C(CC(=O)O)(C(=O)O)O,-6
Clofibrate,637-07-0,CCOC(=O)C(C)(C)Oc1ccc(Cl)cc1,-6
Imipramine hydrochloride,113-52-0,CN(C)CCCN1C2=CC=CC=C2CCC3=CC=CC=C31.Cl,-6
Chlormezanone,80-77-3,CN1C(c2ccc(Cl)cc2)[S](=O)(=O)CCC1=O,-6
Uridine,58-96-8,OC[C@H]1O[C@H]([C@H](O)[C@@H]1O)N2C=CC(=O)NC2=O,-6
Coumarin,91-64-5,O=C1Oc2ccccc2C=C1,-6
Dicyclomine hydrochloride,67-92-5,CCN(CC)CCOC(=O)C1(CCCCC1)C2CCCCC2.Cl,-6
Bamipine dihydrochloride,61732-85-2,CN1CCC(CC1)N(CC2=CC=CC=C2)C3=CC=CC=C3.Cl.Cl,-6
Bupranolol hydrochloride,15148-80-8,CC1=CC(=C(C=C1)Cl)OCC(CNC(C)(C)C)O.Cl,-6
Racecadotril,81110-73-8,CC(=O)SCC(Cc1ccccc1)C(=O)NCC(=O)OCc2ccccc2,-6
Cortisol octanoate,6678-14-4,CCCCCCCC(=O)OCC(=O)C1(CCC2C1(CC(C3C2CCC4=CC(=O)CCC34C)O)C)O,-6
Tromantadine hydrochloride,41544-24-5,CN(C)CCOCC(=O)NC12CC3CC(C1)CC(C3)C2.Cl,-6
Gemcitabine hydrochloride,122111-03-9,C1=CN(C(=O)N=C1N)C2C(C(C(O2)CO)O)(F)F.Cl,-6
Cleocin,21462-39-5,[Cl-].CCC[C@@H]1CC(N(C)C1)C(=O)N[C@H]([C@H](C)Cl)C2O[C@H](SC)[C@H](O)[C@@H](O)[C@H]2O.[H+],-6
Lacidipine,103890-78-4,CCOC(=O)C1=C(C)NC(=C(C1c2ccccc2\C=C\C(=O)OC(C)(C)C)C(=O)OCC)C,-6
Mephenoxalone,70-07-5,COc1ccccc1OCC2CNC(=O)O2,-6
Dorzolamide hydrochloride,130693-82-2,CCNC1CC(S(=O)(=O)C2=C1C=C(S2)S(=O)(=O)N)C.Cl,-6
Nateglinide,105816-04-4,CC(C)C1CCC(CC1)C(=O)N[C@@H](Cc2ccccc2)C(O)=O,-6
Sulbactam,68373-14-8,CC1(C)[C@@H](N2[C@@H](CC2=O)[S]1(=O)=O)C(O)=O,-6
Prednisolone,50-24-8,C[C@]12C[C@H](O)[C@H]3[C@@H](CCC4=CC(=O)C=C[C@]34C)[C@@H]1CC[C@]2(O)C(=O)CO,-6
Vidarabine,5536-17-4,Nc1ncnc2n(cnc12)C3OC(CO)C(O)C3O,-6
Promethazine,60-87-7,CC(CN1c2ccccc2Sc3ccccc13)N(C)C,-6
Sibutramine,106650-56-0,CC(C)CC(N(C)C)C1(CCC1)c2ccc(Cl)cc2,-6
Zalcitabine,7481-89-2,NC1=NC(=O)N(C=C1)[C@H]2CC[C@@H](CO)O2,-6
"(3S,6Z,9S,12R,16S)-6-Ethylidene-3,12-di(propan-2-yl)-16-[(E)-4-sulfanylbut-1-enyl]-9-(sulfanylmethyl)-1-oxa-4,7,10-triazacyclohexadecane-2,5,8,11,14-pentone",-,C\C=C\1NC(=O)[C@@H](CS)NC(=O)[C@H](CC(=O)C[C@H](OC(=O)[C@@H](NC1=O)C(C)C)\C=C\CCS)C(C)C,-5.9
Dipyridamole,58-32-2,OCCN(CCO)c1nc(N2CCCCC2)c3nc(nc(N4CCCCC4)c3n1)N(CCO)CCO,-5.9
"Valganciclovir, (S)-",175865-64-2,CC(C)C(C(=O)OCC(CO)OCN1C=NC2=C1N=C(NC2=O)N)N,-5.9
(2S)-N-Benzyl-N-(2-chloroethyl)-1-phenoxypropan-2-amine,-,C[C@@H](COc1ccccc1)N(CCCl)Cc2ccccc2,-5.9
Ribavirin,36791-04-5,NC(=O)c1ncn(n1)[C@@H]2O[C@H](CO)[C@@H](O)[C@H]2O,-5.9
Liothyronine,1823692,O.[Na+].N[C@@H](Cc1cc(I)c(Oc2ccc(O)c(I)c2)c(I)c1)C([O-])=O,-5.9
Cinacalcet,226256-56-0,C[C@@H](NCCCc1cccc(c1)C(F)(F)F)c2cccc3ccccc23,-5.9
(R)-Nimodipine,77940-92-2,CC1=C(C(C(=C(N1)C)C(=O)OC(C)C)C2=CC(=CC=C2)[N+](=O)[O-])C(=O)OCCOC,-5.9
"Hydroxychloroquine, (S)-",137433-24-0,CCN(CCCC(C)NC1=C2C=CC(=CC2=NC=C1)Cl)CCO,-5.9
Primidone,125-33-7,CCC1(C(=O)NCNC1=O)c2ccccc2,-5.9
"(2S)-N,N-Dimethyl-1-phenothiazin-10-ylpropan-2-amine",-,C[C@@H](CN1c2ccccc2Sc3ccccc13)N(C)C,-5.9
(R)-Hydroxychloroquine,137433-23-9,CCN(CCO)CCC[C@@H](C)Nc1ccnc2cc(Cl)ccc12,-5.9
Sumatriptan,103628-46-2,CN[S](=O)(=O)Cc1ccc2[nH]cc(CCN(C)C)c2c1,-5.9
Triclosan,3380-34-5,Oc1cc(Cl)ccc1Oc2ccc(Cl)cc2Cl,-5.9
Picric acid,88-89-1,C1=C(C=C(C(=C1[N+](=O)[O-])O)[N+](=O)[O-])[N+](=O)[O-],-5.9
N-Acetyl-L-tyrosine,537-55-3,CC(=O)N[C@@H](Cc1ccc(O)cc1)C(O)=O,-5.9
Iloprost S-isomer,74843-14-4,CC#CCC(C)C(C=CC1C(CC2C1CC(=CCCCC(=O)O)C2)O)O,-5.9
Pentoxifylline,1677687,Cn1cnc2N(C)C(=O)N(CCCCC(C)=O)C(=O)c12,-5.9
(S)-(-)-Pindolol,26328-11-0,CC(C)NCC(COC1=CC=CC2=C1C=CN2)O,-5.9
(R)-Venlafaxine,93413-46-8,CN(C)CC(C1=CC=C(C=C1)OC)C2(CCCCC2)O,-5.9
"N,N-Dimethyl-2-[(R)-(2-methylphenyl)-phenylmethoxy]ethanamine",-,CN(C)CCO[C@H](c1ccccc1)c2ccccc2C,-5.9
Tramadol,27203-92-5,[Cl-].COc1cccc(c1)[C@@]2(O)CCCC[C@@H]2CN(C)C.[H+],-5.9
(+)-Secobarbital,22328-94-5,CCC[C@@H](C)C1(CC=C)C(=O)NC(=O)NC1=O,-5.9
(r)-Bisoprolol,111051-40-2,CC(C)NCC(COC1=CC=C(C=C1)COCCOC(C)C)O,-5.9
Thiamine,70-16-6,[Cl-].Cc1ncc(C[n+]2csc(CCO)c2C)c(N)n1,-5.9
"Propanamide, N-(2-methylphenyl)-2-(propylamino)-, (R)-",14289-32-8,CCCNC(C)C(=O)NC1=CC=CC=C1C,-5.9
"(2E,4E,6Z,8Z)-3,7-Dimethyl-9-(2,6,6-trimethylcyclohexen-1-yl)nona-2,4,6,8-tetraenoic acid",-,CC1=C(C(CCC1)(C)C)C=CC(=CC=CC(=CC(=O)O)C)C,-5.9
"Quinoline, 8-(4-amino-1-methylbutylamino)-6-methoxy-, d-",57152-56-4,CC(CCCN)NC1=C2C(=CC(=C1)OC)C=CC=N2,-5.9
(S)-Venlafaxine,93413-44-6,CN(C)CC(C1=CC=C(C=C1)OC)C2(CCCCC2)O,-5.9
(R)-Metoprolol,81024-43-3,CC(C)NCC(COC1=CC=C(C=C1)CCOC)O,-5.9
Lidocaine,137-58-6,CCN(CC)CC(=O)Nc1c(C)cccc1C,-5.9
(R)-Orciprenaline,-,CC(C)NCC(C1=CC(=CC(=C1)O)O)O,-5.9
Fingolimod,162359-55-9,CCCCCCCCC1=CC=C(C=C1)CCC(CO)(CO)N,-5.9
Metaraminol,54-49-9,C[C@H](N)[C@H](O)c1cccc(O)c1,-5.9
Cellulose,9004-34-6,C(C1C(C(C(C(O1)OC2C(OC(C(C2O)O)O)CO)O)O)O)O,-5.9
Nisoldipine,63675-72-9,COC(=O)C1=C(C)NC(=C(C1c2ccccc2[N+]([O-])=O)C(=O)OCC(C)C)C,-5.9
Prosultiamine,59-58-5,CCCSSC(\CCO)=C(/C)N(Cc1cnc(C)nc1N)C=O,-5.9
Nitroxoline,4008-48-4,Oc1ccc(c2cccnc12)[N+]([O-])=O,-5.9
Proxyphylline,603-00-9,CC(O)Cn1cnc2N(C)C(=O)N(C)C(=O)c12,-5.9
Morinamide hydrochloride,1473-73-0,C1COCCN1CNC(=O)C2=NC=CN=C2.Cl,-5.9
Vitamin E Nicotinate,43119-47-7,CC1=C(C(=C(C2=C1OC(CC2)(C)CCCC(C)CCCC(C)CCCC(C)C)C)OC(=O)C3=CN=CC=C3)C,-5.9
D-Fructose,7660-25-5,OC[C@@H](O)[C@@H](O)[C@H](O)C(=O)CO,-5.9
Alprenolol hydrochloride,13707-88-5,CC(C)NCC(COC1=CC=CC=C1CC=C)O.Cl,-5.9
Propyphenazone,479-92-5,CC(C)C1=C(C)N(C)N(c2ccccc2)C1=O,-5.9
beta-Maltose,133-99-3,OCC1OC(OC2C(O)C(O)C(O)OC2CO)C(O)C(O)C1O,-5.9
Nisoldipine,63675-72-9,COC(=O)C1=C(C)NC(=C(C1c2ccccc2[N+]([O-])=O)C(=O)OCC(C)C)C,-5.9
Prosultiamine,59-58-5,CCCSSC(\CCO)=C(/C)N(Cc1cnc(C)nc1N)C=O,-5.9
Nitroxoline,4008-48-4,Oc1ccc(c2cccnc12)[N+]([O-])=O,-5.9
Proxyphylline,603-00-9,CC(O)Cn1cnc2N(C)C(=O)N(C)C(=O)c12,-5.9
Morinamide hydrochloride,1473-73-0,C1COCCN1CNC(=O)C2=NC=CN=C2.Cl,-5.9
Vitamin E Nicotinate,43119-47-7,CC1=C(C(=C(C2=C1OC(CC2)(C)CCCC(C)CCCC(C)CCCC(C)C)C)OC(=O)C3=CN=CC=C3)C,-5.9
D-Fructose,7660-25-5,OC[C@@H](O)[C@@H](O)[C@H](O)C(=O)CO,-5.9
Alprenolol hydrochloride,13707-88-5,CC(C)NCC(COC1=CC=CC=C1CC=C)O.Cl,-5.9
Propyphenazone,479-92-5,CC(C)C1=C(C)N(C)N(c2ccccc2)C1=O,-5.9
beta-Maltose,133-99-3,OCC1OC(OC2C(O)C(O)C(O)OC2CO)C(O)C(O)C1O,-5.9
Lidocaine hydrochloride,73-78-9,CCN(CC)CC(=O)NC1=C(C=CC=C1C)C.Cl,-5.9
Levamisole,14769-73-4,C1CN2C[C@@H](N=C2S1)c3ccccc3,-5.9
Dimenhydrinate,523-87-5,CN(C)CCOC(c1ccccc1)c2ccccc2.CN3C(=O)N(C)c4nc(Cl)[nH]c4C3=O,-5.9
Trihexyphenidyl hydrochloride,52-49-3,C1CCC(CC1)C(CCN2CCCCC2)(C3=CC=CC=C3)O.Cl,-5.9
Baclofen,1134-47-0,NCC(CC(O)=O)c1ccc(Cl)cc1,-5.9
Sodium polystyrene sulfonate,98-70-4,C=CC1=CC=C(C=C1)S(=O)(=O)O,-5.9
Lorcaserin,616202-92-7,CC1CNCCC2=C1C=C(C=C2)Cl,-5.9
Nandrolone decanoate,360-70-3,CCCCCCCCCC(=O)OC1CCC2C1(CCC3C2CCC4=CC(=O)CCC34)C,-5.9
Tapentadol hydrochloride,175591-09-0,CCC(C1=CC(=CC=C1)O)C(C)CN(C)C.Cl,-5.9
Lacosamide,175481-36-4,COC[C@@H](NC(C)=O)C(=O)NCc1ccccc1,-5.9
Zanamivir,139110-80-8,CC(=O)N[C@@H]1[C@H](C=C(O[C@H]1[C@H](O)[C@H](O)CO)C(O)=O)N=C(N)N,-5.9
Cinacalcet hydrochloride,364782-34-3,CC(C1=CC=CC2=CC=CC=C21)NCCCC3=CC(=CC=C3)C(F)(F)F.Cl,-5.9
Zidovudine,30516-87-1,CC1=CN([C@H]2C[C@H](N=[N+]=[N-])[C@@H](CO)O2)C(=O)NC1=O,-5.9
Mylosar,320-67-2,NC1=NC(=O)N(C=N1)[C@@H]2O[C@H](CO)[C@@H](O)[C@H]2O,-5.9
Orphenadrine hydrochloride,341-69-5,CC1=CC=CC=C1C(C2=CC=CC=C2)OCCN(C)C.Cl,-5.9
Celiprolol hydrochloride,57470-78-7,CCN(CC)C(=O)NC1=CC(=C(C=C1)OCC(CNC(C)(C)C)O)C(=O)C.Cl,-5.9
Ribavirin,36791-04-5,NC(=O)c1ncn(n1)[C@@H]2O[C@H](CO)[C@@H](O)[C@H]2O,-5.9
(1S)-1-Cyclohexyl-1-phenyl-3-(piperidin-1-yl)propan-1-ol,-,O[C@@](CCN1CCCCC1)(C2CCCCC2)c3ccccc3,-5.8
(2S)-2-[2-[2-[Bis(carboxymethyl)amino]ethyl-(carboxymethyl)amino]ethyl-(carboxymethyl)amino]-3-phenylmethoxypropanoic acid,-,C1=CC=C(C=C1)COCC(C(=O)O)N(CCN(CCN(CC(=O)O)CC(=O)O)CC(=O)O)CC(=O)O,-5.8
Iopamidol,60166-93-0,CC(O)C(=O)Nc1c(I)c(C(=O)NC(CO)CO)c(I)c(C(=O)NC(CO)CO)c1I,-5.8
Pentamidine,100-33-4,NC(=N)c1ccc(OCCCCCOc2ccc(cc2)C(N)=N)cc1,-5.8
(15S)-15-Methyl-PGF2alpha,58551-69-2,CCCCC[C@](C)(O)/C=C/C1[C@H](O)C[C@H](O)C1C\C=C/CCCC(O)=O,-5.8
Cytarabine,147-94-4,NC1=NC(=O)N(C=C1)[C@@H]2O[C@H](CO)[C@@H](O)[C@@H]2O,-5.8
Sufentanil,56030-54-7,CCC(=O)N(c1ccccc1)C2(CCN(CCc3sccc3)CC2)COC,-5.8
Gemcitabine,95058-81-4,NC1=NC(=O)N(C=C1)[C@@H]2O[C@H](CO)[C@@H](O)C2(F)F,-5.8
"(11R,16R)-Misoprostol",-,CCCCC(C)(CC=CC1C(CC(=O)C1CCCCCCC(=O)OC)O)O,-5.8
Cilastatin,82009-34-5,CC1(C)C[C@@H]1C(=O)NC(=C\CCCCSC[C@@H](N)C(O)=O)/C(O)=O,-5.8
"Methanesulfonamide, N-(4-(1-hydroxy-2-((1-methylethyl)amino)ethyl)phenyl)-, (R)-",30236-31-8,CC(C)NCC(C1=CC=C(C=C1)NS(=O)(=O)C)O,-5.8
Imipenem,64221-86-9,O.C[C@H](O)[C@@H]1[C@H]2CC(=C(N2C1=O)C(O)=O)SCCN=CN,-5.8
Decitabine,2353-33-5,NC1=NC(=O)N(C=N1)C2CC(O)C(CO)O2,-5.8
Bendamustine,16506-27-7,Cn1c(CCCC(O)=O)nc2cc(ccc12)N(CCCl)CCCl,-5.8
Procainamide,51-06-9,CCN(CC)CCNC(=O)c1ccc(N)cc1,-5.8
(+)-O-Desmethylvenlafaxine,142761-12-4,CN(C)CC(C1=CC=C(C=C1)O)C2(CCCCC2)O,-5.8
"(2Z,4E,6Z,8Z)-3,7-Dimethyl-9-(2,6,6-trimethylcyclohexen-1-yl)nona-2,4,6,8-tetraenoic acid",-,CC1=C(C(CCC1)(C)C)C=CC(=CC=CC(=CC(=O)O)C)C,-5.8
(-)-O-Desmethylvenlafaxine,142761-11-3,CN(C)CC(C1=CC=C(C=C1)O)C2(CCCCC2)O,-5.8
Risedronic acid,105462-24-6,C1=CC(=CN=C1)CC(O)(P(=O)(O)O)P(=O)(O)O,-5.8
"N,N-Dimethyl-2-[(1R)-1-phenyl-1-(2-pyridinyl)ethoxy]ethanamine",-,CN(C)CCO[C@](C)(c1ccccc1)c2ccccn2,-5.8
Ganciclovir,82410-32-0,NC1=NC(=O)c2ncn(COC(CO)CO)c2N1,-5.8
(S)-Metoprolol,81024-42-2,CC(C)NCC(COC1=CC=C(C=C1)CCOC)O,-5.8
Levomilnacipran,96847-54-0,CCN(CC)C(=O)C1(CC1CN)C2=CC=CC=C2,-5.8
Isosorbide dinitrate,87-33-2,C1C(C2C(O1)C(CO2)O[N+](=O)[O-])O[N+](=O)[O-],-5.8
Neostigmine,59-99-4,CN(C)C(=O)Oc1cccc(c1)[N+](C)(C)C,-5.8
Antapentan,634-03-7,C[C@H]1[C@@H](OCCN1C)c2ccccc2,-5.8
"cis-3,4-Dimethyl-2-phenylmorpholine",-,C[C@@H]1[C@@H](OCCN1C)c2ccccc2,-5.8
"(2R,3S)-3,4-Dimethyl-2-phenylmorpholine",-,C[C@H]1[C@H](OCCN1C)c2ccccc2,-5.8
(S)-4-Amino-3-(4-chlorophenyl)butanoic acid,66514-99-6,C1=CC(=CC=C1C(CC(=O)O)CN)Cl,-5.8
Eugenol,97-53-0,COc1cc(CC=C)ccc1O,-5.8
Rasagiline,136236-51-6,C#CCN[C@@H]1CCc2ccccc12,-5.8
trans-2-Phenylcyclopropylamine,155-09-9,N[C@@H]1C[C@H]1c2ccccc2,-5.8
"(1S,2S)-2-Phenylcyclopropan-1-amine",-,N[C@H]1C[C@H]1c2ccccc2,-5.8
cis-2-Phenylcyclopropylamine,13531-35-6,N[C@@H]1C[C@@H]1c2ccccc2,-5.8
Dyphylline,479-18-5,CN1C(=O)N(C)c2ncn(CC(O)CO)c2C1=O,-5.8
Methylphenidate hydrochloride,298-59-9,COC(=O)C(C1CCCCN1)C2=CC=CC=C2.Cl,-5.8
Leucomycin A3,16846-24-5,CC1CC=CC=CC(C(CC(C(C(C(CC(=O)O1)OC(=O)C)OC)OC2C(C(C(C(O2)C)OC3CC(C(C(O3)C)OC(=O)CC(C)C)(C)O)N(C)C)O)CC=O)C)O,-5.8
Carisoprodol,78-44-4,CCCC(C)(COC(N)=O)COC(=O)NC(C)C,-5.8
Propoxyphene hydrochloride,1639-60-7,CCC(=O)OC(CC1=CC=CC=C1)(C2=CC=CC=C2)C(C)CN(C)C.Cl,-5.8
Vitamin A palmitate,79-81-2,CCCCCCCCCCCCCCCC(=O)OCC=C(C)C=CC=C(C)C=CC1=C(CCCC1(C)C)C,-5.8
Erythromycin lactobionate,3847-29-8,CCC1C(C(C(C(=O)C(CC(C(C(C(C(C(=O)O1)C)OC2CC(C(C(O2)C)O)(C)OC)C)OC3C(C(CC(O3)C)N(C)C)O)(C)O)C)C)O)(C)O.C(C1C(C(C(C(O1)OC(C(CO)O)C(C(C(=O)O)O)O)O)O)O)O,-5.8
Pipotiazine palmitate,37517-26-3,CCCCCCCCCCCCCCCC(=O)OCCC1CCN(CC1)CCCN2C3=CC=CC=C3SC4=C2C=C(C=C4)S(=O)(=O)N(C)C,-5.8
Isoproterenol hydrochloride,51-30-9,CC(C)NCC(C1=CC(=C(C=C1)O)O)O.Cl,-5.8
Atenolol,29122-68-7,CC(C)NCC(O)COc1ccc(CC(N)=O)cc1,-5.8
Flomoxef,99665-00-6,[Na].CO[C@]1(NC(=O)CSC(F)(F)F)[C@H]2OCC(=C(N2C1=O)C(O)=O)CSc3nnnn3CCO,-5.8
Idoxuridine,54-42-2,OC[C@H]1O[C@H](C[C@@H]1O)N2C=C(I)C(=O)NC2=O,-5.8
Quinacrine,83-89-6,CCN(CC)CCCC(C)NC1=C2C=C(C=CC2=NC3=C1C=CC(=C3)Cl)OC,-5.8
Tetracaine hydrochloride,136-47-0,CCCCNC1=CC=C(C=C1)C(=O)OCCN(C)C.Cl,-5.8
Betaine glucuronate,32087-68-6,C[N+](C)(C)CC(=O)OC1C(C(C(C(O1)C(=O)[O-])O)O)O,-5.8
Tenonitrozole,3810-35-3,[O-][N+](=O)c1sc(NC(=O)c2sccc2)nc1,-5.8
Anethole trithione,532-11-6,COC1=CC=C(C=C1)C2=CC(=S)SS2,-5.8
Levomepromazine,60-99-1,COc1ccc2Sc3ccccc3N(C[C@H](C)CN(C)C)c2c1,-5.8
Isopropyl unoprostone,120373-24-2,CCCCCCCC(=O)CCC1C(CC(C1CC=CCCCC(=O)OC(C)C)O)O,-5.8
Pilocarpine hydrochloride,54-71-7,CCC1C(COC1=O)CC2=CN=CN2C.Cl,-5.8
Chlorcarvacrol,5665-94-1,CC(C)c1cc(O)c(C)cc1Cl,-5.8
Pantothenic acid,79-83-4,CC(C)(CO)C(C(=O)NCCC(=O)O)O,-5.8
Dexmedetomidine,113775-47-6,C[C@H](c1[nH]cnc1)c2cccc(C)c2C,-5.8
Uridine,58-96-8,OC[C@H]1O[C@H]([C@H](O)[C@@H]1O)N2C=CC(=O)NC2=O,-5.8
Guanfacine hydrochloride,29110-48-3,C1=CC(=C(C(=C1)Cl)CC(=O)N=C(N)N)Cl.Cl,-5.8
Fulvestrant,129453-61-8,C[C@]12CC[C@H]3[C@@H]([C@H](CCCCCCCCC[S](=O)CCCC(F)(F)C(F)(F)F)Cc4cc(O)ccc34)[C@@H]1CC[C@@H]2O,-5.8
Desvenlafaxine,93413-62-8,CN(C)CC(c1ccc(O)cc1)C2(O)CCCCC2,-5.8
Streptozocin,18883-66-4,CN(N=O)C(=O)N[C@H]1[C@@H](O)O[C@H](CO)[C@@H](O)[C@@H]1O,-5.8
Cytarabine,147-94-4,NC1=NC(=O)N(C=C1)[C@@H]2O[C@H](CO)[C@@H](O)[C@@H]2O,-5.8
Tripelennamine hydrochloride,154-69-8,CN(C)CCN(CC1=CC=CC=C1)C2=CC=CC=N2.Cl,-5.8
Rasagiline,136236-51-6,C#CCN[C@@H]1CCc2ccccc12,-5.8
Glutathione,70-18-8,N[C@@H](CCC(=O)N[C@@H](CS)C(=O)NCC(O)=O)C(O)=O,-5.8
Furacilin,59-87-0,NC(=O)N/N=C/c1oc(cc1)[N+]([O-])=O,-5.8
Fenipentol,583-03-9,CCCCC(O)c1ccccc1,-5.8
Venlafaxine hydrochloride,99300-78-4,CN(C)CC(C1=CC=C(C=C1)OC)C2(CCCCC2)O.Cl,-5.8
Darunavir,206361-99-1,CC(C)CN(C[C@@H](O)[C@H](Cc1ccccc1)NC(=O)O[C@H]2CO[C@H]3OCC[C@@H]23)[S](=O)(=O)c4ccc(N)cc4,-5.7
Paromomycin,7542-37-2,NC[C@@H]1O[C@H](O[C@H]2[C@@H](O)[C@@H](O[C@@H]2CO)O[C@@H]3[C@@H](O)[C@H](N)C[C@H](N)[C@H]3O[C@H]4O[C@H](CO)[C@@H](O)[C@H](O)[C@H]4N)[C@H](N)[C@@H](O)[C@@H]1O,-5.7
(r)-Oxybutynin,119618-21-2,CCN(CC)CC#CCOC(=O)C(C1CCCCC1)(C2=CC=CC=C2)O,-5.7
(r)-Salmeterol,-,C1=CC=C(C=C1)CCCCOCCCCCCNCC(C2=CC(=C(C=C2)O)CO)O,-5.7
Levothyroxine,51-48-9,NC(Cc1cc(I)c(Oc2cc(I)c(O)c(I)c2)c(I)c1)C(O)=O,-5.7
Streptozocin,66395-18-4,CN(N=O)C(=O)N[C@H]1[C@@H](O)O[C@H](CO)[C@@H](O)[C@@H]1O,-5.7
Dorzolamide,120279-96-1,CCN[C@H]1C[C@H](C)[S](=O)(=O)c2sc(cc12)[S](N)(=O)=O,-5.7
Dinoprostone,363-24-6,CCCCC[C@H](O)/C=C/[C@H]1[C@H](O)CC(=O)[C@@H]1C\C=C/CCCC(O)=O,-5.7
"1-N-[(2R)-2,3-Dihydroxypropyl]-3-N-[(2S)-2,3-dihydroxypropyl]-2,4,6-triiodo-5-[(2-methoxyacetyl)amino]-3-N-methylbenzene-1,3-dicarboxamide",-,COCC(=O)Nc1c(I)c(C(=O)NC[C@@H](O)CO)c(I)c(c1I)C(=O)N(C)C[C@H](O)CO,-5.7
CID 124933656,-,CC(COCC1C(C(C(C(O1)OC2C(OC(C(C2OCC(C)O)OCC(C)O)OCC(C)O)COCC(C)O)OCC(C)O)OCC(C)O)OCC(C)O)O,-5.7
"5-[Acetyl-[(2S)-2,3-dihydroxypropyl]amino]-1-N,3-N-bis[(2R)-2,3-dihydroxypropyl]-2,4,6-triiodobenzene-1,3-dicarboxamide",-,CC(=O)N(C[C@H](O)CO)c1c(I)c(C(=O)NC[C@@H](O)CO)c(I)c(C(=O)NC[C@@H](O)CO)c1I,-5.7
"5-[Acetyl-[(2S)-2,3-dihydroxypropyl]amino]-1-N-[(2S)-2,3-dihydroxypropyl]-3-N-[(2R)-2,3-dihydroxypropyl]-2,4,6-triiodobenzene-1,3-dicarboxamide",-,CC(=O)N(C[C@H](O)CO)c1c(I)c(C(=O)NC[C@H](O)CO)c(I)c(C(=O)NC[C@@H](O)CO)c1I,-5.7
CID 124933657,-,CC(COCC1C(C(C(C(O1)OC2C(OC(C(C2OCC(C)O)OCC(C)O)OCC(C)O)COCC(C)O)OCC(C)O)OCC(C)O)OCC(C)O)O,-5.7
"5-[Acetyl-[(2S)-2,3-dihydroxypropyl]amino]-3-N-[(2R)-2,3-dihydroxypropyl]-1-N-(2-hydroxyethyl)-2,4,6-triiodobenzene-1,3-dicarboxamide",-,CC(=O)N(C[C@H](O)CO)c1c(I)c(C(=O)NCCO)c(I)c(C(=O)NC[C@@H](O)CO)c1I,-5.7
(s)-Bisoprolol,99103-03-4,CC(C)NCC(COC1=CC=C(C=C1)COCCOC(C)C)O,-5.7
Metoclopramide,364-62-5,CCN(CC)CCNC(=O)c1cc(Cl)c(N)cc1OC,-5.7
Capsaicin,404-86-4,COc1cc(CNC(=O)CCCC\C=C\C(C)C)ccc1O,-5.7
(R)-Dyphylline,72376-78-4,CN1C2=C(C(=O)N(C1=O)C)N(C=N2)CC(CO)O,-5.7
Azacitidine,320-67-2,NC1=NC(=O)N(C=N1)[C@@H]2O[C@H](CO)[C@@H](O)[C@H]2O,-5.7
"7-[(2S)-2,3-Dihydroxypropyl]-1,3-dimethyl-3,7-dihydro-1H-purine-2,6-dione",72376-77-3,CN1C(=O)N(C)c2ncn(C[C@H](O)CO)c2C1=O,-5.7
(+)-Pheniramine,-,CN(C)CCC(C1=CC=CC=C1)C2=CC=CC=N2,-5.7
"(3R)-N,N-Dimethyl-3-phenyl-3-pyridin-2-ylpropan-1-amine",-,CN(C)CC[C@H](c1ccccc1)c2ccccn2,-5.7
Apraclonidine,66711-21-5,Nc1cc(Cl)c(NC2=NCCN2)c(Cl)c1,-5.7
Dicyclomine,77-19-0,CCN(CC)CCOC(=O)C1(CCCCC1)C2CCCCC2,-5.7
Penciclovir,39809-25-1,NC1=NC(=O)c2ncn(CCC(CO)CO)c2N1,-5.7
Benzphetamine,156-08-1,CC(Cc1ccccc1)N(C)Cc2ccccc2,-5.7
"1-N,3-N-Bis[(2S)-2,3-dihydroxypropyl]-2,4,6-triiodo-5-[(2-methoxyacetyl)amino]-3-N-methylbenzene-1,3-dicarboxamide",-,COCC(=O)Nc1c(I)c(C(=O)NC[C@H](O)CO)c(I)c(c1I)C(=O)N(C)C[C@H](O)CO,-5.7
Metyrosine,672-87-7,C[C@](N)(Cc1ccc(O)cc1)C(O)=O,-5.7
Biotin,58-85-5,OC(=O)CCCCC1SCC2NC(=O)NC12,-5.7
"(2R,3R)-3,4-Dimethyl-2-phenylmorpholine",-,C[C@@H]1[C@H](OCCN1C)c2ccccc2,-5.7
Arbaclofen,69308-37-8,C1=CC(=CC=C1C(CC(=O)O)CN)Cl,-5.7
Aspirin,50-78-2,CC(=O)Oc1ccccc1C(O)=O,-5.7
Pramipexole,104632-26-0,CCCN[C@@H]1CCc2nc(N)sc2C1,-5.7
"(1S,2R)-2-Phenylcyclopropanamine",155-09-9,N[C@H]1C[C@@H]1c2ccccc2,-5.7
beta-L-Fructofuranose,41579-20-8,OC[C@@H]1O[C@@](O)(CO)[C@H](O)[C@H]1O,-5.7
Nicorandil,65141-46-0,[O-][N+](=O)OCCNC(=O)c1cccnc1,-5.7
Chlorpromazine hydrochloride,69-09-0,CN(C)CCCN1C2=CC=CC=C2SC3=C1C=C(C=C3)Cl.Cl,-5.7
Caspofungin,162808-62-0,CCC(C)CC(C)CCCCCCCCC(=O)N[C@H]1C[C@@H](O)[C@@H](NCCN)NC(=O)[C@@H]2CCCN2C(=O)[C@@H](NC(=O)[C@@H](NC(=O)[C@@H]3C[C@@H](O)CN3C(=O)[C@@H](NC1=O)[C@@H](C)O)[C@H](O)[C@@H](O)c4ccc(O)cc4)[C@H](O)CCN,-5.7
Castor oil,8001-79-4,CCCCCCC(CC=CCCCCCCCC(=O)OCC(COC(=O)CCCCCCCC=CCC(CCCCCC)O)OC(=O)CCCCCCCC=CCC(CCCCCC)O)O,-5.7
Carboquone,24279-91-2,COC(COC(N)=O)C1=C(N2CC2)C(=O)C(=C(N3CC3)C1=O)C,-5.7
Etomidate,15301-65-2,CCOC(=O)c1cncn1C(C)c2ccccc2,-5.7
Polymixin B,1404-26-8,CCC(C)CCCCC(=O)NC(CCN)C(=O)NC(C(C)O)C(=O)NC(CCN)C(=O)NC1CCNC(=O)C(NC(=O)C(NC(=O)C(NC(=O)C(NC(=O)C(NC(=O)C(NC1=O)CCN)CC2=CC=CC=C2)CC(C)C)CCN)CCN)C(C)O,-5.7
Cyclosporin A,59865-13-3,CCC1C(=O)N(CC(=O)N(C(C(=O)NC(C(=O)N(C(C(=O)NC(C(=O)NC(C(=O)N(C(C(=O)N(C(C(=O)N(C(C(=O)N(C(C(=O)N1)C(C(C)CC=CC)O)C)C(C)C)C)CC(C)C)C)CC(C)C)C)C)C)CC(C)C)C)C(C)C)CC(C)C)C)C,-5.7
Octotiamine,137-86-0,COC(=O)CCCCC(CCSSC(\CCO)=C(/C)N(Cc1cnc(C)nc1N)C=O)SC(C)=O,-5.7
Inositol,87-89-8,OC1C(O)C(O)C(O)C(O)C1O,-5.7
Benactyzine hydrochloride,57-37-4,CCN(CC)CCOC(=O)C(C1=CC=CC=C1)(C2=CC=CC=C2)O.Cl,-5.7
Rasagiline mesylate,161735-79-1,CS(=O)(=O)O.C#CCNC1CCC2=CC=CC=C12,-5.7
Amlodipine,88150-42-9,CCOC(=O)C1=C(COCCN)NC(=C(C1c2ccccc2Cl)C(=O)OC)C,-5.7
Sulfathiazole,72-14-0,Nc1ccc(cc1)[S](=O)(=O)Nc2sccn2,-5.7
Proxibarbal,2537-29-3,CC(O)CC1(CC=C)C(=O)NC(=O)NC1=O,-5.7
N-Methylephedrine,17605-71-9,CC(C(O)c1ccccc1)N(C)C,-5.7
Methocarbamol,532-03-6,COc1ccccc1OCC(O)COC(N)=O,-5.7
Metoclopramide hydrochloride,7232-21-5,CCN(CC)CCNC(=O)C1=CC(=C(C=C1OC)N)Cl.Cl,-5.7
Dexmedetomidine hydrochloride,145108-58-3,CC1=C(C(=CC=C1)C(C)C2=CN=CN2)C.Cl,-5.7
Pyridoxal phosphate,54-47-7,CC1=NC=C(C(=C1O)C=O)COP(=O)(O)O,-5.7
Aminopyrine,58-15-1,CN(C)C1=C(C)N(C)N(c2ccccc2)C1=O,-5.7
Milnacipran hydrochloride,101152-94-7,CCN(CC)C(=O)C1(CC1CN)C2=CC=CC=C2.Cl,-5.7
Metoprolol,51384-51-1,COCCc1ccc(OCC(O)CNC(C)C)cc1,-5.7
Apronalide,528-92-7,CC(C)C(CC=C)C(=O)NC(N)=O,-5.7
Articaine HCl,23964-57-0,CCCNC(C)C(=O)NC1=C(SC=C1C)C(=O)OC.Cl,-5.7
Tolazoline hydrochloride,59-97-2,C1CN=C(N1)CC2=CC=CC=C2.Cl,-5.7
Iopamidol,60166-93-0,CC(O)C(=O)Nc1c(I)c(C(=O)NC(CO)CO)c(I)c(C(=O)NC(CO)CO)c1I,-5.7
Pramipexole,104632-26-0,CCCN[C@@H]1CCc2nc(N)sc2C1,-5.7
Valacyclovir hydrochloride,124832-27-5,CC(C)C(C(=O)OCCOCN1C=NC2=C1N=C(NC2=O)N)N.Cl,-5.7
DL-Adrenalin,329-65-7,CNCC(C1=CC(=C(C=C1)O)O)O,-5.7
Dendrid,54-42-2,OCC1OC(CC1O)N2C=C(I)C(=O)NC2=O,-5.7
Lactulose,4618-18-2,OC[C@H]1O[C@@H](O[C@@H]2[C@@H](CO)O[C@](O)(CO)[C@H]2O)[C@H](O)[C@@H](O)[C@H]1O,-5.7
Promazine hydrochloride,53-60-1,CN(C)CCCN1C2=CC=CC=C2SC3=CC=CC=C31.Cl,-5.7
Octocrilene,6197-30-4,CCCCC(CC)COC(=O)C(C#N)=C(c1ccccc1)c2ccccc2,-5.7
Ivabradine,155974-00-8,COc1cc2CCN(CCCN(C)C[C@H]3Cc4cc(OC)c(OC)cc34)C(=O)Cc2cc1OC,-5.6
Tirofiban,144494-65-5,CCCC[S](=O)(=O)N[C@@H](Cc1ccc(OCCCCC2CCNCC2)cc1)C(O)=O,-5.6
Chlorpromazine,50-53-3,CN(C)CCCN1c2ccccc2Sc3ccc(Cl)cc13,-5.6
(R)-Nisoldipine,-,CC1=C(C(C(=C(N1)C)C(=O)OCC(C)C)C2=CC=CC=C2[N+](=O)[O-])C(=O)OC,-5.6
"5-[Acetyl-[(2R)-2,3-dihydroxypropyl]amino]-1-N-[(2S)-2,3-dihydroxypropyl]-3-N-[(2R)-2,3-dihydroxypropyl]-2,4,6-triiodobenzene-1,3-dicarboxamide",-,CC(=O)N(C[C@@H](O)CO)c1c(I)c(C(=O)NC[C@H](O)CO)c(I)c(C(=O)NC[C@@H](O)CO)c1I,-5.6
"5-[Acetyl-[(2R)-2,3-dihydroxypropyl]amino]-1-N,3-N-bis[(2S)-2,3-dihydroxypropyl]-2,4,6-triiodobenzene-1,3-dicarboxamide",-,CC(=O)N(C[C@@H](O)CO)c1c(I)c(C(=O)NC[C@H](O)CO)c(I)c(C(=O)NC[C@H](O)CO)c1I,-5.6
Alprostadil,745-65-3,CCCCC[C@H](O)/C=C/[C@H]1[C@H](O)CC(=O)[C@@H]1CCCCCCC(O)=O,-5.6
(+)-Timolol,26839-76-9,CC(C)(C)NCC(COC1=NSN=C1N2CCOCC2)O,-5.6
Oseltamivir,196618-13-0,CCOC(=O)C1=C[C@@H](OC(CC)CC)[C@H](NC(C)=O)[C@@H](N)C1,-5.6
Emtricitabine,143491-54-7,NC1=NC(=O)N(C=C1F)[C@@H]2CS[C@H](CO)O2,-5.6
Butalbital,77-26-9,CC(C)CC1(CC=C)C(=O)NC(=O)NC1=O,-5.6
Milnacipran,92623-85-3,[Cl-].CCN(CC)C(=O)[C@@]1(C[C@@H]1CN)c2ccccc2.[H+],-5.6
(R)-(+)-Pindolol,68374-35-6,CC(C)NCC(COC1=CC=CC2=C1C=CN2)O,-5.6
Acyclovir,59277-89-3,NC1=NC(=O)c2ncn(COCCO)c2N1,-5.6
Acetazolamide,59-66-5,CC(=O)Nc1sc(nn1)[S](N)(=O)=O,-5.6
Levonordefrin,829-74-3,C[C@H](N)[C@H](O)c1ccc(O)c(O)c1,-5.6
Methazolamide,554-57-4,CN1N=C(SC1=NC(C)=O)[S](N)(=O)=O,-5.6
Clonidine,4205-90-7,Clc1cccc(Cl)c1NC2=NCCN2,-5.6
Lomustine,13010-47-4,ClCCN(N=O)C(=O)NC1CCCCC1,-5.6
Epinephrine,51-43-4,CNC[C@H](O)c1ccc(O)c(O)c1,-5.6
Norepinephrine,51-41-2,NCC(O)c1ccc(O)c(O)c1,-5.6
Cimetidine,51481-61-9,CN=C(NCCSCc1nc[nH]c1C)NC#N,-5.6
Chlorzoxazone,95-25-0,Clc1ccc2OC(=O)Nc2c1,-5.6
(2R)-2-(Diethylamino)-1-phenylpropan-1-one,-,CCN(CC)[C@H](C)C(=O)c1ccccc1,-5.6
Pseudoephedrine,90-82-4,CN[C@@H](C)[C@@H](O)c1ccccc1,-5.6
Levamfetamine,156-34-3,C[C@@H](N)Cc1ccccc1,-5.6
Carglumic acid,1188-38-1,C(CC(=O)O)C(C(=O)O)NC(=O)N,-5.6
Dextroamphetamine,51-64-9,C[C@H](N)Cc1ccccc1,-5.6
Vanillyl butyl ether,82654-98-6,CCCCOCC1=CC(=C(C=C1)O)OC,-5.6
Midodrine hydrochloride,43218-56-0,COC1=CC(=C(C=C1)OC)C(CNC(=O)CN)O.Cl,-5.6
Phenylephrine hydrochloride,61-76-7,CNCC(C1=CC(=CC=C1)O)O.Cl,-5.6
Iloprost,78919-13-8,CC#CCC(C)[C@H](O)/C=C/C1[C@H](O)C[C@@H]2CC(/C[C@H]12)=C\CCCC(O)=O,-5.6
Pyrantel pamoate,22204-24-6,CN1CCCN=C1C=CC2=CC=CS2.C1=CC=C2C(=C1)C=C(C(=C2CC3=C(C(=CC4=CC=CC=C43)C(=O)O)O)O)C(=O)O,-5.6
Buflomedil hydrochloride,35543-24-9,COC1=CC(=C(C(=C1)OC)C(=O)CCCN2CCCC2)OC.Cl,-5.6
Tipepidine hibenzate,31139-87-4,CN1CCCC(=C(C2=CC=CS2)C3=CC=CS3)C1.C1=CC=C(C(=C1)C(=O)C2=CC=C(C=C2)O)C(=O)O,-5.6
Simfibrate,14929-11-4,CC(C)(Oc1ccc(Cl)cc1)C(=O)OCCCOC(=O)C(C)(C)Oc2ccc(Cl)cc2,-5.6
Vitamin E acetate,58-95-7,CC1=C(C(=C(C2=C1OC(CC2)(C)CCCC(C)CCCC(C)CCCC(C)C)C)OC(=O)C)C,-5.6
Bromhexine hydrochloride,611-75-6,CN(CC1=C(C(=CC(=C1)Br)Br)N)C2CCCCC2.Cl,-5.6
Fennel,-,CCCCCCCCCCCC=CCCCCC(=O)O.CC=CC1=CC=C(C=C1)OC.CC1=C(C=C2CCC(OC2=C1C)(C)CCCC(C)CCCC(C)CCCC(C)C)O,-5.6
Methoxyphenamine hydrochloride,1347292,CC(CC1=CC=CC=C1OC)NC.Cl,-5.6
Metaproterenol,586-06-1,CC(C)NCC(O)c1cc(O)cc(O)c1,-5.6
Ephedrine hydrochloride,50-98-6,CC(C(C1=CC=CC=C1)O)NC.Cl,-5.6
Pseudoephedrine hydrochloride,345-78-8,CC(C(C1=CC=CC=C1)O)NC.Cl,-5.6
Tegafur,17902-23-7,FC1=CN(C2CCCO2)C(=O)NC1=O,-5.6
Azulene,275-51-4,c1ccc2cccc2cc1,-5.6
Mexiletine hydrochloride,1267397,CC1=C(C(=CC=C1)C)OCC(C)N.Cl,-5.6
Epinephrine hydrochloride,55-31-2,CNCC(C1=CC(=C(C=C1)O)O)O.Cl,-5.6
Emtricitabine,143491-57-0,NC1=NC(=O)N(C=C1F)[C@@H]2CS[C@H](CO)O2,-5.6
Tirofiban hydrochloride monohydrate,150915-40-5,CCCCS(=O)(=O)NC(CC1=CC=C(C=C1)OCCCCC2CCNCC2)C(=O)O.O.Cl,-5.6
Isosorbide dinitrate,87-33-2,C1C(C2C(O1)C(CO2)O[N+](=O)[O-])O[N+](=O)[O-],-5.6
Oxybutynin hydrochloride,1508-65-2,CCN(CC)CC#CCOC(=O)C(C1CCCCC1)(C2=CC=CC=C2)O.Cl,-5.6
Carbaglu,1188-38-1,C(CC(=O)O)C(C(=O)O)NC(=O)N,-5.6
Aliskiren,173334-57-1,COCCCOc1cc(C[C@@H](C[C@H](N)[C@@H](O)C[C@@H](C(C)C)C(=O)NCC(C)(C)C(N)=O)C(C)C)ccc1OC,-5.5
Timolol,26839-75-8,CC(C)(C)NC[C@H](O)COc1nsnc1N2CCOCC2,-5.5
Brinzolamide,138890-62-7,CCN[C@H]1CN(CCCOC)[S](=O)(=O)c2sc(cc12)[S](N)(=O)=O,-5.5
(R)-Amlodipine,103129-81-3,CCOC(=O)C1=C(NC(=C(C1C2=CC=CC=C2Cl)C(=O)OC)C)COCCN,-5.5
"5-[Acetyl-[(2S)-2,3-dihydroxypropyl]amino]-3-N-[(2S)-2,3-dihydroxypropyl]-1-N-(2-hydroxyethyl)-2,4,6-triiodobenzene-1,3-dicarboxamide",-,CC(=O)N(C[C@H](O)CO)c1c(I)c(C(=O)NCCO)c(I)c(C(=O)NC[C@H](O)CO)c1I,-5.5
"(3R,5R)-3,5-Dimethyladamantan-1-amine",-,C[C@@]12CC3C[C@](C)(C1)CC(N)(C3)C2,-5.5
"(3S,5S)-3,5-Dimethyladamantan-1-amine",-,C[C@]12CC3C[C@@](C)(C1)CC(N)(C3)C2,-5.5
"(3R,5S)-3,5-Dimethyl-1-adamantanamine",-,C[C@@]12CC3C[C@@](C)(C1)CC(N)(C3)C2,-5.5
Sulfacetamide,144-80-9,CC(=O)N[S](=O)(=O)c1ccc(N)cc1,-5.5
Lamivudine,134678-17-4,NC1=NC(=O)N(C=C1)[C@@H]2CS[C@H](CO)O2,-5.5
"2-Amino-N-[(2S)-2-(2,5-dimethoxyphenyl)-2-hydroxyethyl]acetamide",-,COc1ccc(OC)c(c1)[C@H](O)CNC(=O)CN,-5.5
Salicylamide,65-45-2,NC(=O)c1ccccc1O,-5.5
Piperonyl butoxide,51-03-6,CCCCOCCOCCOCC1=CC2=C(C=C1CCC)OCO2,-5.5
Ascorbic acid,50-81-7,C(C(C1C(=C(C(=O)O1)O)O)O)O,-5.5
D-Camphor,76-22-2,CC1(C)[C@H]2CC[C@@]1(C)C(=O)C2,-5.5
Methyl 4-methylsalicylate,4670-56-8,CC1=CC(=C(C=C1)C(=O)OC)O,-5.5
Mesalamine,89-57-6,Nc1ccc(O)c(c1)C(O)=O,-5.5
Phenylephrine,59-42-7,CNC[C@H](O)c1cccc(O)c1,-5.5
(2S)-2-(Diethylamino)-1-phenylpropan-1-one,-,CCN(CC)[C@@H](C)C(=O)c1ccccc1,-5.5
Acetaminophen,103-90-2,CC(=O)Nc1ccc(O)cc1,-5.5
Etidronic acid,2809-21-4,CC(O)(P(=O)(O)O)P(=O)(O)O,-5.5
Ephedrine,299-42-3,CN[C@@H](C)[C@H](O)c1ccccc1,-5.5
Benzocaine,94-09-7,CCOC(=O)c1ccc(N)cc1,-5.5
"(2R)-1-(2,6-Dimethylphenoxy)propan-2-amine",94991-73-8,C[C@@H](N)COc1c(C)cccc1C,-5.5
"(S)-1-(2,6-Dimethylphenoxy)propan-2-amine",94991-72-7,C[C@H](N)COc1c(C)cccc1C,-5.5
Methyl salicylate,119-36-8,COC(=O)C1=CC=CC=C1O,-5.5
4-Hydroxy-dextroamphetamine,1693-66-9,CC(CC1=CC=C(C=C1)O)N,-5.5
4-[(2R)-2-Aminopropyl]phenol,-,C[C@@H](N)Cc1ccc(O)cc1,-5.5
Methamphetamine,537-46-2,CN[C@@H](C)Cc1ccccc1,-5.5
Levmetamfetamine,33817-09-3,CN[C@H](C)Cc1ccccc1,-5.5
Phentermine,122-09-8,CC(C)(N)Cc1ccccc1,-5.5
Panthenol,16485-10-2,CC(C)(CO)[C@@H](O)C(=O)NCCCO,-5.5
Saccharin,81-07-2,O=C1N[S](=O)(=O)c2ccccc12,-5.5
Perindopril arginine,612548-45-5,CCCC(C(=O)OCC)NC(C)C(=O)N1C2CCCCC2CC1C(=O)O.C(CC(C(=O)O)N)CN=C(N)N,-5.5
Sultamicillin tosylate,83105-70-8,CC1=CC=C(C=C1)S(=O)(=O)O.CC1(C(N2C(S1)C(C2=O)NC(=O)C(C3=CC=CC=C3)N)C(=O)OCOC(=O)C4C(S(=O)(=O)C5N4C(=O)C5)(C)C)C,-5.5
Ethenzamide,938-73-8,CCOc1ccccc1C(N)=O,-5.5
Oxeladin,468-61-1,CCN(CC)CCOCCOC(=O)C(CC)(CC)c1ccccc1,-5.5
Camphor,76-22-2,CC1(C)C2CCC1(C)C(=O)C2,-5.5
Cassia oil,8007-80-5,CC=CC1=CC=CC=C1.COC1=C(C=CC(=C1)CC=C)O,-5.5
Oxybutynin,5633-20-5,CCN(CC)CC#CCOC(=O)C(O)(C1CCCCC1)c2ccccc2,-5.5
Procainamide hydrochloride,614-39-1,CCN(CC)CCNC(=O)C1=CC=C(C=C1)N.Cl,-5.5
Pentaerythritol tetranitrate,78-11-5,C(C(CO[N+](=O)[O-])(CO[N+](=O)[O-])CO[N+](=O)[O-])O[N+](=O)[O-],-5.5
Norephedrine,37577-28-9,C[C@@H](N)[C@@H](O)c1ccccc1,-5.5
Benoxinate hydrochloride,5987-82-6,CCCCOC1=C(C=CC(=C1)C(=O)OCCN(CC)CC)N.Cl,-5.5
Methylcellulosum,-,COCC1C(C(C(C(O1)OC2C(OC(C(C2OC)OC)OC3C(OC(C(C3OC)OC)OC)COC)COC)OC)OC)OC,-5.5
Limonene,138-86-3,CC(=C)C1CCC(=CC1)C,-5.5
Glucurolactone,32449-92-6,O[C@@H](C=O)[C@H]1OC(=O)[C@@H](O)[C@H]1O,-5.5
Protionamide,14222-60-7,CCCc1cc(ccn1)C(N)=S,-5.5
Memantine hydrochloride,41100-52-1,CC12CC3CC(C1)(CC(C3)(C2)N)C.Cl,-5.5
Methoxyphenamine,93-30-1,CNC(C)Cc1ccccc1OC,-5.5
Butyl 4-aminobenzoate,94-25-7,CCCCOC(=O)C1=CC=C(C=C1)N,-5.5
Edoxaban,912273-65-5,CN1CCC2=C(C1)SC(=N2)C(=O)NC3CC(CCC3NC(=O)C(=O)NC4=NC=C(C=C4)Cl)C(=O)N(C)C,-5.5
Melphalan,148-82-3,NC(Cc1ccc(cc1)N(CCCl)CCCl)C(O)=O,-5.5
Iopromide,73334-07-3,COCC(=O)Nc1c(I)c(C(=O)NCC(O)CO)c(I)c(c1I)C(=O)N(C)CC(O)CO,-5.5
Milnacipran hydrochloride,101152-94-7,CCN(CC)C(=O)C1(CC1CN)C2=CC=CC=C2.Cl,-5.5
Vitamin K1,84-80-0,CC1=C(C(=O)C2=CC=CC=C2C1=O)CC=C(C)CCCC(C)CCCC(C)CCCC(C)C,-5.5
Levamisole hydrochloride,16595-80-5,C1CSC2=NC(CN21)C3=CC=CC=C3.Cl,-5.5
Lamivudine,134678-17-4,NC1=NC(=O)N(C=C1)[C@@H]2CS[C@H](CO)O2,-5.5
Phenylephrine hydrochloride,61-76-7,CNCC(C1=CC(=CC=C1)O)O.Cl,-5.5
Brinzolamide,138890-62-7,CCN[C@H]1CN(CCCOC)[S](=O)(=O)c2sc(cc12)[S](N)(=O)=O,-5.5
Sorafenib tosylate,475207-59-1,CC1=CC=C(C=C1)S(=O)(=O)O.CNC(=O)C1=NC=CC(=C1)OC2=CC=C(C=C2)NC(=O)NC3=CC(=C(C=C3)Cl)C(F)(F)F,-5.5
Vitamin K1,84-80-0,CC1=C(C(=O)C2=CC=CC=C2C1=O)CC=C(C)CCCC(C)CCCC(C)CCCC(C)C,-5.4
"5-[Acetyl-[(2R)-2,3-dihydroxypropyl]amino]-3-N-[(2S)-2,3-dihydroxypropyl]-1-N-(2-hydroxyethyl)-2,4,6-triiodobenzene-1,3-dicarboxamide",-,CC(=O)N(C[C@@H](O)CO)c1c(I)c(C(=O)NCCO)c(I)c(C(=O)NC[C@H](O)CO)c1I,-5.4
CID 124933655,-,CC(COCC1C(C(C(C(O1)OC2C(OC(C(C2OCC(C)O)OCC(C)O)OCC(C)O)COCC(C)O)OCC(C)O)OCC(C)O)OCC(C)O)O,-5.4
CID 124933658,-,CC(COCC1C(C(C(C(O1)OC2C(OC(C(C2OCC(C)O)OCC(C)O)OCC(C)O)COCC(C)O)OCC(C)O)OCC(C)O)OCC(C)O)O,-5.4
"Methanesulfonamide, N-(4-((1S)-4-(ethylheptylamino)-1-hydroxybutyl)phenyl)-",136591-58-7,CCCCCCCN(CC)CCCC(C1=CC=C(C=C1)NS(=O)(=O)C)O,-5.4
"N,N-Dimethyl-2-[(1S)-1-phenyl-1-(2-pyridinyl)ethoxy]ethanamine",-,CN(C)CCO[C@@](C)(c1ccccc1)c2ccccn2,-5.4
Thonzonium,25466-36-8,CCCCCCCCCCCCCCCC[N+](C)(C)CCN(CC1=CC=C(C=C1)OC)C2=NC=CC=N2,-5.4
Mafenide,138-39-6,NCc1ccc(cc1)[S](N)(=O)=O,-5.4
"Acetamide,2-amino-n-[2-(2,5-dimethoxyphenyl)-2-hydroxyethyl]-,(r)-",-,COC1=CC(=C(C=C1)OC)C(CNC(=O)CN)O,-5.4
Propofol,2078-54-8,CC(C)c1cccc(C(C)C)c1O,-5.4
(1R)-1-(Adamantan-1-yl)ethan-1-amine,-,C[C@@H](N)C12CC3CC(CC(C3)C1)C2,-5.4
(1S)-1-(Adamantan-1-yl)ethan-1-amine,-,C[C@H](N)C12CC3CC(CC(C3)C1)C2,-5.4
Phenelzine,51-71-8,[Cl].NNCCc1ccccc1,-5.4
Tapentadol,175591-23-8,CC[C@H]([C@@H](C)CN(C)C)c1cccc(O)c1,-5.4
Chloroprocaine,133-16-4,CCN(CC)CCOC(=O)c1ccc(N)cc1Cl,-5.4
Meprobamate,57-53-4,CCCC(C)(COC(N)=O)COC(N)=O,-5.4
Ranitidine,66357-35-5,CNC(/NCCSCc1oc(CN(C)C)cc1)=C\[N+]([O-])=O,-5.4
Pyrantel,15686-83-6,CN1CCCN=C1\C=C\c2sccc2,-5.4
l-Menthol,89-78-1,CC(C)[C@@H]1CC[C@@H](C)C[C@H]1O,-5.4
Tinidazole,19387-91-8,CC[S](=O)(=O)CCn1c(C)ncc1[N+]([O-])=O,-5.4
Edrophonium,312-48-1,CC[N+](C)(C)c1cccc(O)c1,-5.4
Dexpanthenol,81-13-0,CC(C)(CO)[C@@H](O)C(=O)NCCCO,-5.4
Levetiracetam,102767-28-2,CC[C@H](N1CCCC1=O)C(N)=O,-5.4
Perflutren,76-19-7,FC(F)(F)C(F)(F)C(F)(F)F,-5.4
Caffeine,58-08-2,Cn1cnc2N(C)C(=O)N(C)C(=O)c12,-5.4
Pyridostigmine,155-97-5,CN(C)C(=O)Oc1ccc[n+](C)c1,-5.4
Flucytosine,2022-85-7,NC1=C(F)C=NC(=O)N1,-5.4
Nimorazole,6506-37-2,[O-][N+](=O)c1cncn1CCN2CCOCC2,-5.4
Nikethamide,59-26-7,CCN(CC)C(=O)c1cccnc1,-5.4
Iodoquinol,83-73-8,Oc1ccc(OI)cc1,-5.4
Arginine Hydrochloride,1119-34-2,C(CC(C(=O)O)N)CN=C(N)N.Cl,-5.4
Dipalmitoyl phosphatidylcholine,-,CCCCCCCCCCCCCCCC(=O)OCC(COP(=O)([O-])OCC[N+](C)(C)C)OC(=O)CCCCCCCCCCCCCCC,-5.4
Tamoxifen citrate,54965-24-1,CCC(=C(C1=CC=CC=C1)C2=CC=C(C=C2)OCCN(C)C)C3=CC=CC=C3.C(C(=O)O)C(CC(=O)O)(C(=O)O)O,-5.4
Pectin,18968-14-4,C1(C(C(OC(C1O)O)C(=O)O)O)O,-5.4
Allobarbital,52-43-7,C=CCC1(CC=C)C(=O)NC(=O)NC1=O,-5.4
D-Glucuronic Acid,528-16-5,C1(C(C(OC(C1O)O)C(=O)O)O)O,-5.4
Allantoin,97-59-6,NC(=O)NC1NC(=O)NC1=O,-5.4
Levomilnacipran,96847-55-1,CCN(CC)C(=O)C1(CC1CN)C2=CC=CC=C2,-5.4
Alprostadil,745-65-3,CCCCC[C@H](O)/C=C/[C@H]1[C@H](O)CC(=O)[C@@H]1CCCCCCC(O)=O,-5.4
Rimantadine hydrochloride,1501-84-4,CC(C12CC3CC(C1)CC(C3)C2)N.Cl,-5.4
Toremifene citrate,89778-27-8,CN(C)CCOC1=CC=C(C=C1)C(=C(CCCl)C2=CC=CC=C2)C3=CC=CC=C3.C(C(=O)O)C(CC(=O)O)(C(=O)O)O,-5.4
Mafenide hydrochloride,138-37-4,C1=CC(=CC=C1CN)S(=O)(=O)N.Cl,-5.4
Cyclosporin A,59865-13-3,CCC1C(=O)N(CC(=O)N(C(C(=O)NC(C(=O)N(C(C(=O)NC(C(=O)NC(C(=O)N(C(C(=O)N(C(C(=O)N(C(C(=O)N(C(C(=O)N1)C(C(C)CC=CC)O)C)C(C)C)C)CC(C)C)C)CC(C)C)C)C)C)CC(C)C)C)C(C)C)CC(C)C)C)C,-5.4
Noctone,66357-59-3,CNC(=C[N+](=O)[O-])NCCSCC1=CC=C(O1)CN(C)C.Cl,-5.4
Orlistat,96829-58-2,CCCCCCCCCCC[C@@H](C[C@@H]1OC(=O)[C@H]1CCCCCC)OC(=O)[C@H](CC(C)C)NC=O,-5.4
L-arginine monohydrochloride,1119-34-2,C(CC(C(=O)O)N)CN=C(N)N.Cl,-5.4
Levetiracetam,102767-28-2,CC[C@H](N1CCCC1=O)C(N)=O,-5.4
Dronedarone,141626-36-0,CCCCN(CCCC)CCCOc1ccc(cc1)C(=O)c2c(CCCC)oc3ccc(N[S](C)(=O)=O)cc23,-5.3
"1-N,3-N-Bis[(2R)-2,3-dihydroxypropyl]-5-[(2-hydroxyacetyl)-(2-hydroxyethyl)amino]-2,4,6-triiodobenzene-1,3-dicarboxamide",-,OCCN(C(=O)CO)c1c(I)c(C(=O)NC[C@@H](O)CO)c(I)c(C(=O)NC[C@@H](O)CO)c1I,-5.3
"1-N,3-N-Bis[(2S)-2,3-dihydroxypropyl]-5-[(2-hydroxyacetyl)-(2-hydroxyethyl)amino]-2,4,6-triiodobenzene-1,3-dicarboxamide",-,OCCN(C(=O)CO)c1c(I)c(C(=O)NC[C@H](O)CO)c(I)c(C(=O)NC[C@H](O)CO)c1I,-5.3
Meperidine,57-42-1,CCOC(=O)C1(CCN(C)CC1)c2ccccc2,-5.3
Versetamide,129009-83-2,COCCNC(=O)CN(CCN(CCN(CC(O)=O)CC(=O)NCCOC)CC(O)=O)CC(O)=O,-5.3
Pentetic acid,67-43-6,C(CN(CC(=O)O)CC(=O)O)N(CCN(CC(=O)O)CC(=O)O)CC(=O)O,-5.3
Probenecid,57-66-9,CCCN(CCC)[S](=O)(=O)c1ccc(cc1)C(O)=O,-5.3
Miglustat,72599-27-0,CCCCN1C[C@H](O)[C@@H](O)[C@H](O)[C@H]1CO,-5.3
Crotamiton,483-63-6,CCN(C(=O)\C=C\C)c1ccccc1C,-5.3
Melphalan,148-82-3,NC(Cc1ccc(cc1)N(CCCl)CCCl)C(O)=O,-5.3
Diatrizoic acid,117-96-4,CC(=O)NC1=C(C(=C(C(=C1I)C(=O)O)I)NC(=O)C)I,-5.3
Ibandronic Acid,114084-78-5,CCCCCN(C)CCC(O)(P(=O)(O)O)P(=O)(O)O,-5.3
Edetic acid,60-00-4,C(CN(CC(=O)O)CC(=O)O)N(CC(=O)O)CC(=O)O,-5.3
Gabapentin,60142-96-3,NCC1(CCCCC1)CC(O)=O,-5.3
Pilocarpine,92-13-7,CC[C@H]1[C@H](COC1=O)Cc2cncn2C,-5.3
Salicylic acid,69-72-7,C1=CC=C(C(=C1)C(=O)O)O,-5.3
Dopamine,51-61-6,NCCc1ccc(O)c(O)c1,-5.3
(2R)-2-(2-Oxopyrrolidin-1-yl)butanamide,103765-01-1,CC[C@@H](N1CCCC1=O)C(N)=O,-5.3
Evoxac,107233-08-9,O.[Cl-].[Cl-].C[C@@H]1O[C@@]2(CS1)CN3CCC2CC3.C[C@@H]4O[C@@]5(CS4)CN6CCC5CC6.[H+].[H+],-5.3
Theophylline,58-55-9,CN1C(=O)N(C)c2nc[nH]c2C1=O,-5.3
"(2S)-3-(2-Methoxyphenoxy)propane-1,2-diol",-,COc1ccccc1OC[C@@H](O)CO,-5.3
"(R)-3-(2-Methoxyphenoxy)propane-1,2-diol",61248-75-7,COc1ccccc1OC[C@H](O)CO,-5.3
Metformin,657-24-9,[H+].[Cl-].CN(C)C(=N)N=C(N)N,-5.3
Gluconic acid,133-42-6,C(C(C(C(C(C(=O)O)O)O)O)O)O,-5.3
Carbetapentane citrate,23142-01-0,CCN(CC)CCOCCOC(=O)C1(CCCC1)C2=CC=CC=C2.C(C(=O)O)C(CC(=O)O)(C(=O)O)O,-5.3
Alverine citrate,5560-59-8,CCN(CCCC1=CC=CC=C1)CCCC2=CC=CC=C2.C(C(=O)O)C(CC(=O)O)(C(=O)O)O,-5.3
Ornidazole,16773-42-5,Cc1ncc(n1CC(O)CCl)[N+]([O-])=O,-5.3
Clonidine hydrochloride,4205-91-8,C1CN=C(N1)NC2=C(C=CC=C2Cl)Cl.Cl,-5.3
Salicylate,63-36-5,Oc1ccccc1C([O-])=O,-5.3
Ropinirole hydrochloride,91374-20-8,CCCN(CCC)CCC1=C2CC(=O)NC2=CC=C1.Cl,-5.3
Chlorphenesin,104-29-0,OCC(O)COc1ccc(Cl)cc1,-5.3
Menthol,1490-04-6,CC(C)C1CCC(C)CC1O,-5.3
Chlorhexidine digluconate,18472-51-0,C1=CC(=CC=C1NC(=NC(=NCCCCCCN=C(N)N=C(N)NC2=CC=C(C=C2)Cl)N)N)Cl.C(C(C(C(C(C(=O)O)O)O)O)O)O.C(C(C(C(C(C(=O)O)O)O)O)O)O,-5.3
Linolenic acid,463-40-1,CCC=CCC=CCC=CCCCCCCCC(=O)O,-5.3
Meperidine hydrochloride,50-13-5,CCOC(=O)C1(CCN(CC1)C)C2=CC=CC=C2.Cl,-5.3
Procaine hydrochloride,51-05-8,CCN(CC)CCOC(=O)C1=CC=C(C=C1)N.Cl,-5.3
Bromopride,4093-35-0,CCN(CC)CCNC(=O)c1cc(Br)c(N)cc1OC,-5.3
Ethoheptazine citrate,6700-56-7,CCOC(=O)C1(CCCN(CC1)C)C2=CC=CC=C2.C(C(=O)O)C(CC(=O)O)(C(=O)O)O,-5.3
Dopamine hydrochloride,62-31-7,C1=CC(=C(C=C1CCN)O)O.Cl,-5.3
Mephenesin,59-47-2,Cc1ccccc1OCC(O)CO,-5.3
Acipimox,51037-30-0,Cc1cnc(c[n+]1[O-])C(O)=O,-5.3
Orphenadrine citrate,4682-36-4,CC1=CC=CC=C1C(C2=CC=CC=C2)OCCN(C)C.C(C(=O)O)C(CC(=O)O)(C(=O)O)O,-5.3
Flopropione,2295-58-1,CCC(=O)c1c(O)cc(O)cc1O,-5.3
Nicametate citrate,1641-74-3,CCN(CC)CCOC(=O)C1=CN=CC=C1.C(C(=O)O)C(CC(=O)O)(C(=O)O)O,-5.3
Butetamate citrate,635493,CCC(C1=CC=CC=C1)C(=O)OCCN(CC)CC.C(C(=O)O)C(CC(=O)O)(C(=O)O)O,-5.3
Misoprostol,59122-46-2,CCCCC(C)(O)C/C=C/[C@H]1[C@H](O)CC(=O)[C@@H]1CCCCCCC(=O)OC,-5.3
Diphenhydramine citrate,88637-37-0,CN(C)CCOC(C1=CC=CC=C1)C2=CC=CC=C2.C(C(=O)O)C(CC(=O)O)(C(=O)O)O,-5.3
Amiodarone hydrochloride,19774-82-4,CCCCC1=C(C2=CC=CC=C2O1)C(=O)C3=CC(=C(C(=C3)I)OCCN(CC)CC)I.Cl,-5.3
Proxazole citrate,132-35-4,CCC(C1=CC=CC=C1)C2=NOC(=N2)CCN(CC)CC.C(C(=O)O)C(CC(=O)O)(C(=O)O)O,-5.3
Clomiphene citrate,7619-53-6,CCN(CC)CCOC1=CC=C(C=C1)C(=C(C2=CC=CC=C2)Cl)C3=CC=CC=C3.C(C(=O)O)C(CC(=O)O)(C(=O)O)O,-5.3
Gallimycin,643-22-1,CCCCCCCCCCCCCCCCCC(O)=O.CC[C@H]1OC(=O)[C@H](C)[C@@H](O[C@H]2C[C@@](C)(OC)[C@@H](O)[C@H](C)O2)[C@H](C)[C@@H](O[C@@H]3O[C@H](C)C[C@@H]([C@H]3O)N(C)C)[C@](C)(O)C[C@@H](C)C(=O)[C@H](C)[C@@H](O)[C@]1(C)O,-5.3
Guaifenesin,93-14-1,COc1ccccc1OCC(O)CO,-5.3
Iohexol,66108-95-0,CC(=O)N(CC(O)CO)c1c(I)c(C(=O)NCC(O)CO)c(I)c(C(=O)NCC(O)CO)c1I,-5.3
Diethylcarbamazine citrate,1642-54-2,CCN(CC)C(=O)N1CCN(CC1)C.C(C(=O)O)C(CC(=O)O)(C(=O)O)O,-5.3
Tranylcypromine (2-PCPA) hydrochloride,1986-47-6,C1C(C1N)C2=CC=CC=C2.Cl,-5.3
Methoxamine hydrochloride,61-16-5,CC(C(C1=C(C=CC(=C1)OC)OC)O)N.Cl,-5.3
Iopanoic acid,96-83-3,CCC(CC1=C(C(=C(C=C1I)I)N)I)C(=O)O,-5.3
Delta-Gluconolactone,90-80-2,OCC1OC(=O)C(O)C(O)C1O,-5.3
Gallamine triethiodide,65-29-2,CC[N+](CC)(CC)CCOC1=C(C(=CC=C1)OCC[N+](CC)(CC)CC)OCC[N+](CC)(CC)CC.[I-].[I-].[I-],-5.3
Pargyline,555-57-7,CN(CC#C)Cc1ccccc1,-5.3
"1-N,3-N-Bis[(2R)-2,3-dihydroxypropyl]-2,4,6-triiodo-5-[(2-methoxyacetyl)amino]-3-N-methylbenzene-1,3-dicarboxamide",-,COCC(=O)Nc1c(I)c(C(=O)NC[C@@H](O)CO)c(I)c(c1I)C(=O)N(C)C[C@@H](O)CO,-5.2
"5-[Acetyl-[(2R)-2,3-dihydroxypropyl]amino]-3-N-[(2R)-2,3-dihydroxypropyl]-1-N-(2-hydroxyethyl)-2,4,6-triiodobenzene-1,3-dicarboxamide",-,CC(=O)N(C[C@@H](O)CO)c1c(I)c(C(=O)NCCO)c(I)c(C(=O)NC[C@@H](O)CO)c1I,-5.2
Edtmp,1429-50-1,C(CN(CP(=O)(O)O)CP(=O)(O)O)N(CP(=O)(O)O)CP(=O)(O)O,-5.2
Brivaracetam,357336-20-0,CCC[C@H]1CN([C@@H](CC)C(N)=O)C(=O)C1,-5.2
Phenylacetic acid,103-82-2,C1=CC=C(C=C1)CC(=O)O,-5.2
Eicosapentaenoic acid,10417-94-4,CCC=CCC=CCC=CCC=CCC=CCCCC(=O)O,-5.2
"1-Methyl-2-[(Z)-2-thiophen-2-ylethenyl]-5,6-dihydro-4H-pyrimidine",-,CN1CCCN=C1\C=C/c2sccc2,-5.2
Gluconolactone,90-80-2,OC[C@H]1OC(=O)[C@H](O)[C@@H](O)[C@@H]1O,-5.2
Isosorbide mononitrate,16051-77-7,C1C(C2C(O1)C(CO2)O[N+](=O)[O-])O,-5.2
Axid,-,CNC(/NCCSCc1csc(CN(C)C)n1)=C\[N+]([O-])=O,-5.2
Nonoxynol-9,26571-11-9,CCCCCCCCCc1ccc(OCCOCCOCCOCCOCCOCCOCCOCCOCCO)cc1,-5.2
"(1S,2R,4S)-N,2,3,3-Tetramethylbicyclo[2.2.1]heptan-2-amine",-,CN[C@]1(C)[C@H]2CC[C@@H](C2)C1(C)C,-5.2
Pyridoxine,65-23-6,Cc1ncc(CO)c(CO)c1O,-5.2
"(2S,5R)-2-Methylspiro[1,3-oxathiolane-5,3'-1-azabicyclo[2.2.2]octane]",-,CC1OC2(CN3CCC2CC3)CS1(=O)=O,-5.2
Arginine,74-79-3,N[C@@H](CCCNC(N)=N)C(O)=O,-5.2
Eucalyptol,470-82-6,CC12CCC(CC1)C(C)(C)O2,-5.2
Altretamine,645-05-6,CN(C)c1nc(nc(n1)N(C)C)N(C)C,-5.2
"Secnidazole, (R)-",618911-61-8,CC1=NC=C(N1CC(C)O)[N+](=O)[O-],-5.2
(R)-Ethosuximide,39122-20-8,CCC1(CC(=O)NC1=O)C,-5.2
Citric acid,77-92-9,C(C(=O)O)C(CC(=O)O)(C(=O)O)O,-5.2
(S)-Ethosuximide,39122-19-5,CCC1(CC(=O)NC1=O)C,-5.2
Selegiline,14611-51-9,C[C@H](Cc1ccccc1)N(C)CC#C,-5.2
Trimethadione,127-48-0,CN1C(=O)OC(C)(C)C1=O,-5.2
Propylthiouracil,51-52-5,CCCN1C(=O)C=CNC1=S,-5.2
Glutamine,56-85-9,N[C@@H](CCC(N)=O)C(O)=O,-5.2
Phenyltoloxamine citrate,1176-08-5,CN(C)CCOC1=CC=CC=C1CC2=CC=CC=C2.C(C(=O)O)C(CC(=O)O)(C(=O)O)O,-5.2
Oxeladin citrate,52432-72-1,CCC(CC)(C1=CC=CC=C1)C(=O)OCCOCCN(CC)CC.C(C(=O)O)C(CC(=O)O)(C(=O)O)O,-5.2
Oxolamine citrate,1949-20-8,CCN(CC)CCC1=NC(=NO1)C2=CC=CC=C2.C(C(=O)O)C(CC(=O)O)(C(=O)O)O,-5.2
"D-Gluconic acid, compd. with (9S)-6'-methoxycinchonan-9-ol (1:1)",6587-33-3,COC1=CC2=C(C=CN=C2C=C1)C(C3CC4CCN3CC4C=C)O.C(C(C(C(C(C(=O)O)O)O)O)O)O,-5.2
Fentanyl citrate,990-73-8,CCC(=O)N(C1CCN(CC1)CCC2=CC=CC=C2)C3=CC=CC=C3.C(C(=O)O)C(CC(=O)O)(C(=O)O)O,-5.2
Buformin,692-13-7,CCCCN=C(N)N=C(N)N,-5.2
Butamirate citrate,18109-81-4,CCC(C1=CC=CC=C1)C(=O)OCCOCCN(CC)CC.C(C(=O)O)C(CC(=O)O)(C(=O)O)O,-5.2
Erythromycin estolate,3521-62-8,CCCCCCCCCCCCOS(=O)(=O)O.CCC1C(C(C(C(=O)C(CC(C(C(C(C(C(=O)O1)C)OC2CC(C(C(O2)C)O)(C)OC)C)OC3C(C(CC(O3)C)N(C)C)OC(=O)CC)(C)O)C)C)O)(C)O,-5.2
Sildenafil citrate,171599-83-0,CCCC1=NN(C2=C1N=C(NC2=O)C3=C(C=CC(=C3)S(=O)(=O)N4CCN(CC4)C)OCC)C.C(C(=O)O)C(CC(=O)O)(C(=O)O)O,-5.2
Cyclobutyrol,512-16-3,CCC(C(O)=O)C1(O)CCCCC1,-5.2
Pyridoxine hydrochloride,58-56-0,CC1=NC=C(C(=C1O)CO)CO.Cl,-5.2
Toremifene citrate,89778-27-8,CN(C)CCOC1=CC=C(C=C1)C(=C(CCCl)C2=CC=CC=C2)C3=CC=CC=C3.C(C(=O)O)C(CC(=O)O)(C(=O)O)O,-5.2
Nicotine,54-11-5,CN1CCCC1c2cccnc2,-5.2
Pargyline hydrochloride,306-07-0,CN(CC#C)CC1=CC=CC=C1.Cl,-5.2
Nizatidine,76963-41-2,CNC(/NCCSCc1csc(CN(C)C)n1)=C\[N+]([O-])=O,-5.2
Triacetin,102-76-1,CC(=O)OCC(COC(C)=O)OC(C)=O,-5.2
Ethosuximide,77-67-8,CCC1(C)CC(=O)NC1=O,-5.2
Procaine,59-46-1,CCN(CC)CCOC(=O)c1ccc(N)cc1,-5.2
"5-[Acetyl-[(2R)-2,3-dihydroxypropyl]amino]-1-N,3-N-bis[(2R)-2,3-dihydroxypropyl]-2,4,6-triiodobenzene-1,3-dicarboxamide",-,CC(=O)N(C[C@@H](O)CO)c1c(I)c(C(=O)NC[C@@H](O)CO)c(I)c(C(=O)NC[C@@H](O)CO)c1I,-5.1
Orlistat,96829-58-2,CCCCCCCCCCC[C@@H](C[C@@H]1OC(=O)[C@H]1CCCCCC)OC(=O)[C@H](CC(C)C)NC=O,-5.1
Miglitol,72432-03-2,OCCN1C[C@H](O)[C@@H](O)[C@H](O)[C@H]1CO,-5.1
Iotalamic acid,2276-90-6,CC(=O)NC1=C(C(=C(C(=C1I)C(=O)O)I)C(=O)NC)I,-5.1
Sulfanilamide,63-74-1,Nc1ccc(cc1)[S](N)(=O)=O,-5.1
Glutathione,70-18-8,N[C@@H](CCC(=O)N[C@@H](CS)C(=O)NCC(O)=O)C(O)=O,-5.1
Amantadine,768-94-5,[Cl-].NC12CC3CC(CC(C3)C1)C2.[H+],-5.1
(-)-Camphor,464-48-2,CC1(C)C2CCC1(C)C(=O)C2,-5.1
Isoniazid,54-85-3,NNC(=O)c1ccncc1,-5.1
"(1S,2S,4S)-N,2,3,3-Tetramethylbicyclo[2.2.1]heptan-2-amine",-,CN[C@@]1(C)[C@H]2CC[C@@H](C2)C1(C)C,-5.1
Nitroglycerin,55-63-0,[O-][N+](=O)OCC(CO[N+]([O-])=O)O[N+]([O-])=O,-5.1
"Secnidazole, (S)-",618911-59-4,CC1=NC=C(N1CC(C)O)[N+](=O)[O-],-5.1
Allopurinol,315-30-0,O=C1N=CN=C2NNC=C12,-5.1
Pralidoxime,45765-69-3,[Cl-].CN1C=CC=C\C1=C/[NH+]=O,-5.1
(2Z)-1-Methyl-2-(nitrosomethylidene)pyridine,-,CN\1C=CC=CC1=C/N=O,-5.1
Histidine,71-00-1,N[C@@H](Cc1c[nH]cn1)C(O)=O,-5.1
Tranexamic acid,701-54-2,C1CC(CCC1CN)C(=O)O,-5.1
Ethionamide,536-33-4,CCc1cc(ccn1)C(N)=S,-5.1
Azelaic acid,123-99-9,C(CCCC(=O)O)CCCC(=O)O,-5.1
Undecylenic acid,112-38-9,C=CCCCCCCCCC(=O)O,-5.1
Isoborneol,10385-78-1,CC1(C)C2CCC1(C)C(O)C2,-5.1
Ergotamine tartrate,379-79-3,CC1(C(=O)N2C(C(=O)N3CCCC3C2(O1)O)CC4=CC=CC=C4)NC(=O)C5CN(C6CC7=CNC8=CC=CC(=C78)C6=C5)C.CC1(C(=O)N2C(C(=O)N3CCCC3C2(O1)O)CC4=CC=CC=C4)NC(=O)C5CN(C6CC7=CNC8=CC=CC(=C78)C6=C5)C.C(C(C(=O)O)O)(C(=O)O)O,-5.1
Fosaprepitant meglumine,265121-04-8,CC(C1=CC(=CC(=C1)C(F)(F)F)C(F)(F)F)OC2C(N(CCO2)CC3=NN(C(=O)N3)P(=O)(O)O)C4=CC=C(C=C4)F.CNCC(C(C(C(CO)O)O)O)O.CNCC(C(C(C(CO)O)O)O)O,-5.1
Amantadine hydrochloride,665-66-7,C1C2CC3CC1CC(C2)(C3)N.Cl,-5.1
Uracil,66-22-8,O=C1NC=CC(=O)N1,-5.1
D-Glucose,2280-44-6,OC[C@@H](O)[C@@H](O)[C@H](O)[C@@H](O)C=O,-5.1
Isosorbide,652-67-5,O[C@@H]1CO[C@@H]2[C@@H](O)CO[C@H]12,-5.1
Verapamil hydrochloride,152-11-4,CC(C)C(CCCN(C)CCC1=CC(=C(C=C1)OC)OC)(C#N)C2=CC(=C(C=C2)OC)OC.Cl,-5.1
Lipoamide,940-69-2,NC(=O)CCCCC1CCSS1,-5.1
Thioctate,-,C1CSSC1CCCCC(=O)[O-],-5.1
Bromisoval,496-67-3,CC(C)C(Br)C(=O)NC(N)=O,-5.1
Zolpidem tartrate,99294-93-6,CC1=CC=C(C=C1)C2=C(N3C=C(C=CC3=N2)C)CC(=O)N(C)C.C(C(C(=O)O)O)(C(=O)O)O,-5.1
Fosaprepitant dimeglumine,265121-04-8,CC(C1=CC(=CC(=C1)C(F)(F)F)C(F)(F)F)OC2C(N(CCO2)CC3=NN(C(=O)N3)P(=O)(O)O)C4=CC=C(C=C4)F.CNCC(C(C(C(CO)O)O)O)O.CNCC(C(C(C(CO)O)O)O)O,-5.1
Varenicline Tartrate,375815-87-5,C1C2CNCC1C3=CC4=NC=CN=C4C=C23.C(C(C(=O)O)O)(C(=O)O)O,-5.1
Rivastigmine tartrate,129101-54-8,CCN(C)C(=O)OC1=CC=CC(=C1)C(C)N(C)C.C(C(C(=O)O)O)(C(=O)O)O,-5.1
Miglitol,72432-03-2,OCCN1C[C@H](O)[C@@H](O)[C@H](O)[C@H]1CO,-5.1
Rizatriptan benzoate,145202-66-0,CN(C)CCC1=CNC2=C1C=C(C=C2)CN3C=NC=N3.C1=CC=C(C=C1)C(=O)O,-5.1
Captopril,62571-86-2,C[C@H](CS)C(=O)N1CCC[C@H]1C(O)=O,-5.1
Disopyramide,671200,CC(C)N(CCC(C(N)=O)(c1ccccc1)c2ccccn2)C(C)C,-5.1
Nonoxynol,26027-38-3,CCCCCCCCCc1ccc(OCCO)cc1,-5.1
L-Glutamine,56-85-9,N[C@@H](CCC(N)=O)C(O)=O,-5.1
"1-N-[(2S)-2,3-Dihydroxypropyl]-3-N-[(2R)-2,3-dihydroxypropyl]-5-[(2-hydroxyacetyl)-(2-hydroxyethyl)amino]-2,4,6-triiodobenzene-1,3-dicarboxamide",-,OCCN(C(=O)CO)c1c(I)c(C(=O)NC[C@@H](O)CO)c(I)c(C(=O)NC[C@H](O)CO)c1I,-5
Zoledronic acid,118072-93-8,C1=CN(C=N1)CC(O)(P(=O)(O)O)P(=O)(O)O,-5
Thioguanine,154-42-7,NC1=Nc2nc[nH]c2C(=S)N1,-5
Chloroxylenol,88-04-0,Cc1ccc(Cl)c(O)c1C,-5
Benzoic acid,65-85-0,C1=CC=C(C=C1)C(=O)O,-5
Nicotinamide,98-92-0,NC(=O)c1cccnc1,-5
Captopril,62571-86-2,C[C@H](CS)C(=O)N1CCC[C@H]1C(O)=O,-5
(2E)-1-Methyl-2-(nitrosomethylidene)pyridine,-,CN\1C=CC=CC1=C\N=O,-5
Sorbitol,50-70-4,OC[C@H](O)[C@@H](O)[C@H](O)[C@H](O)CO,-5
Alendronic acid,66376-36-1,C(CC(O)(P(=O)(O)O)P(=O)(O)O)CN,-5
"Propylhexedrine, (+)-",6556-29-2,CC(CC1CCCCC1)NC,-5
Levopropylhexedrine,6192-97-8,CN[C@@H](C)CC1CCCCC1,-5
(+)-Ifosfamide,66849-34-1,ClCCN[P]1(=O)OCCCN1CCCl,-5
Nicotinic acid,59-67-6,C1=CC(=CN=C1)C(=O)O,-5
Resorcinol,108-46-3,Oc1cccc(O)c1,-5
Hexaminolevulinate,140898-97-1,NC(N)C(=O)C(N)(N)C(N)(N)C([O-])=O,-5
(R)-Desflurane,143252-06-6,FC(F)O[C@H](F)C(F)(F)F,-5
Glutamic acid,56-86-0,C(CC(=O)O)C(C(=O)O)N,-5
Vinorelbine Bitartrate,-,CCC1=CC2CC(C3=C(CN(C2)C1)C4=CC=CC=C4N3)(C5=C(C=C6C(=C5)C78CCN9C7C(C=CC9)(C(C(C8N6C)(C(=O)OC)O)OC(=O)C)CC)OC)C(=O)OC.C(C(C(=O)O)O)(C(=O)O)O.C(C(C(=O)O)O)(C(=O)O)O,-5
Neo-gilurytmal,2589-47-1,CCC[N+]12C3CC(C(C1O)CC)C4C2CC5(C3N(C6=CC=CC=C65)C)C4O.C(C(C(=O)[O-])O)(C(=O)O)O,-5
Niacinamide ascorbate,1987-71-9,C1=CC(=CN=C1)C(=O)N.C(C(C1C(=C(C(=O)O1)O)O)O)O,-5
"D-Glucose, 2-amino-2-deoxy-, hydrochloride",66-84-2,C(C(C(C(C(C=O)N)O)O)O)O.Cl,-5
Amlodipine besylate,111470-99-6,CCOC(=O)C1=C(NC(=C(C1C2=CC=CC=C2Cl)C(=O)OC)C)COCCN.C1=CC=C(C=C1)S(=O)(=O)O,-5
Ifosfamide,3778-73-2,ClCCN[P]1(=O)OCCCN1CCCl,-5
Mesoridazine Besylate,32672-69-8,CN1CCCCC1CCN2C3=CC=CC=C3SC4=C2C=C(C=C4)S(=O)C.C1=CC=C(C=C1)S(=O)(=O)O,-5
Crotamiton,483-63-6,CCN(C(=O)\C=C\C)c1ccccc1C,-5
Tyloxapol,25301-02-4,CC(C)(C)CC(C)(C)c1ccc(O)cc1.C=O.C2CO2,-5
Tolterodine tartrate,124937-52-6,CC1=CC(=C(C=C1)O)C(CCN(C(C)C)C(C)C)C2=CC=CC=C2.C(C(C(=O)O)O)(C(=O)O)O,-5
Icosapent ethyl,73310-10-8,CCC=CCC=CCC=CCC=CCC=CCCCC(=O)OCC,-4.9
Pamidronic acid,40391-99-9,C(CN)C(O)(P(=O)(O)O)P(=O)(O)O,-4.9
Dacarbazine,891986,CN(C)N\N=C/1N=CN=C1C(N)=O,-4.9
2-[Hexadecoxy(hydroxy)phosphoryl]oxyethyl-trimethylazanium,-,CCCCCCCCCCCCCCCCO[P](O)(=O)OCC[N+](C)(C)C,-4.9
5-Fluorouracil,51-21-8,FC1=CNC(=O)NC1=O,-4.9
Adenine,73-24-5,Nc1ncnc2nc[nH]c12,-4.9
Pyrophosphoric acid,206975,OP(=O)(O)OP(=O)(O)O,-4.9
Metronidazole,443-48-1,Cc1ncc(n1CCO)[N+]([O-])=O,-4.9
Sevoflurane,28523-86-6,FCOC(C(F)(F)F)C(F)(F)F,-4.9
"(2R,3S,4R,5R)-2-Fluoro-3,4,5,6-tetrahydroxyhexanal",29702-43-0,OC[C@@H](O)[C@@H](O)[C@H](O)[C@@H](F)C=O,-4.9
L-Eflornithine,66640-93-5,C(CC(C(F)F)(C(=O)O)N)CN,-4.9
Pregabalin,148553-50-8,CC(C)C[C@H](CN)CC(O)=O,-4.9
"(2S)-2-(Difluoromethoxy)-1,1,1,2-tetrafluoroethane",142916-68-5,FC(F)O[C@@H](F)C(F)(F)F,-4.9
Methyl nicotinate,93-60-7,COC(=O)C1=CN=CC=C1,-4.9
(S)-(+)-Isoflurane,-,C(C(F)(F)F)(OC(F)F)Cl,-4.9
"(2r)-2-Chloro-2-(Difluoromethoxy)-1,1,1-Trifluoroethane",-,FC(F)O[C@H](Cl)C(F)(F)F,-4.9
Phenol,108-95-2,Oc1ccccc1,-4.9
Tartaric acid,526-83-0,C(C(C(=O)O)O)(C(=O)O)O,-4.9
Xantinol nicotinate,437-74-1,CN1C2=C(C(=O)N(C1=O)C)N(C=N2)CC(CN(C)CCO)O.C1=CC(=CN=C1)C(=O)O,-4.9
Octamylamine mucate,93918-97-9,CC(C)CCCC(C)NCCC(C)C.CC(C)CCCC(C)NCCC(C)C.C(C(C(C(=O)O)O)O)(C(C(=O)O)O)O,-4.9
Cisatracurium besylate,96946-42-8,C[N+]1(CCC2=CC(=C(C=C2C1CC3=CC(=C(C=C3)OC)OC)OC)OC)CCC(=O)OCCCCCOC(=O)CC[N+]4(CCC5=CC(=C(C=C5C4CC6=CC(=C(C=C6)OC)OC)OC)OC)C.C1=CC=C(C=C1)S(=O)(=O)[O-].C1=CC=C(C=C1)S(=O)(=O)[O-],-4.9
Clemizole undecylate,61853-30-3,CCCCCCCCCCC(=O)O.C1CCN(C1)CC2=NC3=CC=CC=C3N2CC4=CC=C(C=C4)Cl,-4.9
Atracurium besylate,64228-81-5,C[N+]1(CCC2=CC(=C(C=C2C1CC3=CC(=C(C=C3)OC)OC)OC)OC)CCC(=O)OCCCCCOC(=O)CC[N+]4(CCC5=CC(=C(C=C5C4CC6=CC(=C(C=C6)OC)OC)OC)OC)C.C1=CC=C(C=C1)S(=O)(=O)[O-].C1=CC=C(C=C1)S(=O)(=O)[O-],-4.9
Carbocysteine,638-23-3,NC(CSCC(O)=O)C(O)=O,-4.9
Zolpidem hemitartrate,99294-93-6,CC1=CC=C(C=C1)C2=C(N3C=C(C=CC3=N2)C)CC(=O)N(C)C.CC1=CC=C(C=C1)C2=C(N3C=C(C=CC3=N2)C)CC(=O)N(C)C.C(C(C(=O)O)O)(C(=O)O)O,-4.9
Alimemazine hemitartrate,4330-99-8,CC(CN1C2=CC=CC=C2SC3=CC=CC=C31)CN(C)C.CC(CN1C2=CC=CC=C2SC3=CC=CC=C31)CN(C)C.C(C(C(=O)O)O)(C(=O)O)O,-4.9
Benzododecinium,10328-35-5,CCCCCCCCCCCC[N+](C)(C)Cc1ccccc1,-4.9
L-Histidine hydrochloride,645-35-2,C1=C(NC=N1)CC(C(=O)O)N.Cl,-4.9
Penicillin V benzathine,5928-84-7,CC1(C(N2C(S1)C(C2=O)NC(=O)COC3=CC=CC=C3)C(=O)O)C.CC1(C(N2C(S1)C(C2=O)NC(=O)COC3=CC=CC=C3)C(=O)O)C.C1=CC=C(C=C1)CNCCNCC2=CC=CC=C2,-4.9
Peppermint oil,8006-90-4,CC1CCC2(CC1)C(CO2)C.CC1CCC(C(C1)O)C(C)C.CC1CCC(C(C1)OC(=O)C)C(C)C.CC1CCC(C(=O)C1)C(C)C.CC1CCC2=C(C1)OC=C2C.CC1CCC(=C(C)C)C(=O)C1,-4.9
Alphagan,70359-46-5,O[C@H]([C@@H](O)C(O)=O)C(O)=O.Brc1c(NC2=NCCN2)ccc3nccnc13,-4.9
DTIC-Dome,891986,CN(C)N\N=C\1N=CN=C1C(N)=O,-4.9
Linoleic acid,60-33-3,CCCCCC=CCC=CCCCCCCCC(=O)O,-4.9
Tolterodine tartrate,-,CC1=CC(=C(C=C1)O)C(CCN(C(C)C)C(C)C)C2=CC=CC=C2.C(C(C(=O)O)O)(C(=O)O)O,-4.9
Brimonidine Tartrate,70359-46-5,C1CN=C(N1)NC2=C(C3=NC=CN=C3C=C2)Br.C(C(C(=O)O)O)(C(=O)O)O,-4.9
Trimeprazine tartrate,4330-99-8,CC(CN1C2=CC=CC=C2SC3=CC=CC=C31)CN(C)C.CC(CN1C2=CC=CC=C2SC3=CC=CC=C31)CN(C)C.C(C(C(=O)O)O)(C(=O)O)O,-4.9
Mecamylamine hydrochloride,826-39-1,CC1(C2CCC(C2)C1(C)NC)C.Cl,-4.9
Epinephrine bitartrate,51-42-3,CNCC(C1=CC(=C(C=C1)O)O)O.C(C(C(=O)O)O)(C(=O)O)O,-4.9
Malathion,121-75-5,CCOC(=O)CC(S[P](=S)(OC)OC)C(=O)OCC,-4.9
Metoprolol tartrate,56392-17-7,CC(C)NCC(COC1=CC=C(C=C1)CCOC)O.CC(C)NCC(COC1=CC=C(C=C1)CCOC)O.C(C(C(=O)O)O)(C(=O)O)O,-4.9
Metaraminol bitartrate,33402-03-8,CC(C(C1=CC(=CC=C1)O)O)N.C(C(C(=O)O)O)(C(=O)O)O,-4.9
N-(4-((1R)-4-(Ethylheptylamino)-1-hydroxybutyl)phenyl)methanesulfonamide,136591-56-5,CCCCCCCN(CC)CCC[C@@H](O)c1ccc(N[S](C)(=O)=O)cc1,-4.8
"(1R,2R,4S)-N,2,3,3-Tetramethylbicyclo[2.2.1]heptan-2-amine",-,CN[C@]1(C)[C@@H]2CC[C@@H](C2)C1(C)C,-4.8
Dexmecamylamine,107538-05-6,CC1(C2CCC(C2)C1(C)NC)C,-4.8
Succinylcholine,306-40-1,C[N+](C)(C)CCOC(=O)CCC(=O)OCC[N+](C)(C)C,-4.8
(+)-Selegiline,4528-51-2,CC(CC1=CC=CC=C1)N(C)CC#C,-4.8
Mannitol,69-65-8,OC[C@@H](O)[C@@H](O)[C@H](O)[C@H](O)CO,-4.8
D(+)-Glucose,50-99-7,OC[C@H]1OC(O)[C@H](O)[C@@H](O)[C@@H]1O,-4.8
Ethambutol Hydrochloride,74-55-5,CCC(CO)NCCNC(CC)CO.Cl.Cl,-4.8
Hydroquinone,123-31-9,Oc1ccc(O)cc1,-4.8
Acamprosate,77337-76-9,CC(=O)NCCC[S](O)(=O)=O,-4.8
(-)-2-Difluoromethylornithine,66640-93-5,NCCC[C@@](N)(C(F)F)C(O)=O,-4.8
Busulfan,55-98-1,C[S](=O)(=O)OCCCCO[S](C)(=O)=O,-4.8
Valproic acid,99-66-1,CCCC(CCC)C(=O)O,-4.8
Mercaptopurine,50-44-2,S=C1N=CNc2nc[nH]c12,-4.8
Carmustine,154-93-8,ClCCNC(=O)N(CCCl)N=O,-4.8
Lysine,56-87-1,NCCCC[C@H](N)C(O)=O,-4.8
Hydroxyproline,51-35-4,O[C@H]1CN[C@@H](C1)C(O)=O,-4.8
Sunitinib malate,341031-54-7,CCN(CC)CCNC(=O)C1=C(NC(=C1C)C=C2C3=C(C=CC(=C3)F)NC2=O)C.C(C(C(=O)O)O)C(=O)O,-4.8
Ethambutol dihydrochloride,1070-11-7,CCC(CO)NCCNC(CC)CO.Cl.Cl,-4.8
Eliglustat tartrate,928659-70-5,CCCCCCCC(=O)NC(CN1CCCC1)C(C2=CC3=C(C=C2)OCCO3)O.CCCCCCCC(=O)NC(CN1CCCC1)C(C2=CC3=C(C=C2)OCCO3)O.C(C(C(=O)O)O)(C(=O)O)O,-4.8
Betahistine dihydrochloride,5579-84-0,CNCCC1=CC=CC=N1.Cl.Cl,-4.8
Carbimazole,22232-54-8,CCOC(=O)N1C=CN(C)C1=S,-4.8
Malic acid,6915-15-7,C(C(C(=O)O)O)C(=O)O,-4.8
Metoprolol tartrate,56392-17-7,CC(C)NCC(COC1=CC=C(C=C1)CCOC)O.CC(C)NCC(COC1=CC=C(C=C1)CCOC)O.C(C(C(=O)O)O)(C(=O)O)O,-4.8
Citrulline malate,70796-17-7,C(CC(C(=O)O)N)CNC(=O)N.C(C(C(=O)O)O)C(=O)O,-4.8
Cyclophosphamide,50-18-0,ClCCN(CCCl)[P]1(=O)NCCCO1,-4.8
Piracetam,7491-74-9,NC(=O)CN1CCCC1=O,-4.8
Povidone-iodine (PVP-I),25655-41-8,CCC(C)N1CCCC1=O,-4.8
Almotriptan Malate,181183-52-8,CN(C)CCC1=CNC2=C1C=C(C=C2)CS(=O)(=O)N3CCCC3.C(C(C(=O)O)O)C(=O)O,-4.8
Ketotifen fumarate,34580-14-8,CN1CCC(=C2C3=C(C(=O)CC4=CC=CC=C42)SC=C3)CC1.C(=CC(=O)O)C(=O)O,-4.8
D(+)-Glucose,50-99-7,OC[C@H]1OC(O)[C@H](O)[C@@H](O)[C@@H]1O,-4.8
Ethambutol dihydrochloride,1070-11-7,CCC(CO)NCCNC(CC)CO.Cl.Cl,-4.8
D-Mannitol,69-65-8,OC[C@@H](O)[C@@H](O)[C@H](O)[C@H](O)CO,-4.8
Pregabalin,148553-50-8,CC(C)C[C@H](CN)CC(O)=O,-4.8
Nizatidine,76963-41-2,CNC(/NCCSCc1csc(CN(C)C)n1)=C\[N+]([O-])=O,-4.7
Cetylpyridinium,7773-52-6,CCCCCCCCCCCCCCCC[n+]1ccccc1,-4.7
Deferiprone,30652-11-0,CN1C=CC(=O)C(=C1C)O,-4.7
Pyrazinamide,98-96-4,NC(=O)c1cnccn1,-4.7
Oleic acid,112-80-1,CCCCCCCCC=CCCCCCCCC(=O)O,-4.7
l-Isoleucine,73-32-5,CC[C@H](C)[C@H](N)C(O)=O,-4.7
Medronic acid,1984-15-2,C(P(=O)(O)O)P(=O)(O)O,-4.7
trans-4-Hydroxy-D-proline,-,O[C@@H]1CN[C@H](C1)C(O)=O,-4.7
cis-4-Hydroxy-L-proline,618-27-9,O[C@@H]1CN[C@@H](C1)C(O)=O,-4.7
Leucine,61-90-5,CC(C)C[C@H](N)C(O)=O,-4.7
(S)-4-Aminohex-5-enoic acid,74046-07-4,C=CC(CCC(=O)O)N,-4.7
(R)-Vigabatrin,77162-51-7,C=CC(CCC(=O)O)N,-4.7
Pasireotide diaspartate,820232-50-6,C1C(CN2C1C(=O)NC(C(=O)NC(C(=O)NC(C(=O)NC(C(=O)NC(C2=O)CC3=CC=CC=C3)CC4=CC=C(C=C4)OCC5=CC=CC=C5)CCCCN)CC6=CNC7=CC=CC=C76)C8=CC=CC=C8)OC(=O)NCCN.C(C(C(=O)O)N)C(=O)O.C(C(C(=O)O)N)C(=O)O,-4.7
4-Chloro-3-methylphenol,59-50-7,Cc1cc(O)ccc1Cl,-4.7
Metformin hydrochloride,1115-70-4,CN(C)C(=N)N=C(N)N.Cl,-4.7
Gimeracil,103766-25-2,OC1=CC(=O)C(=CN1)Cl,-4.7
Xylitol,87-99-0,OC[C@@H](O)[C@H](O)[C@@H](O)CO,-4.7
Ibuprofen lysine,57469-77-9,CC(C)CC1=CC=C(C=C1)C(C)C(=O)O.C(CCN)CC(C(=O)O)N,-4.7
Citiolone,1195-16-0,CC(=O)NC1CCSC1=O,-4.7
Valpromide,2430-27-5,CCCC(CCC)C(N)=O,-4.7
L-Lysine hydrochloride,657-27-2,C(CCN)CC(C(=O)O)N.Cl,-4.7
Thioctic acid,1077-28-7,C1CSSC1CCCCC(=O)O,-4.7
Polymyxin B sulfate,1405-20-5,CCC(C)CCCCC(=O)NC(CCN)C(=O)NC(C(C)O)C(=O)NC(CCN)C(=O)NC1CCNC(=O)C(NC(=O)C(NC(=O)C(NC(=O)C(NC(=O)C(NC(=O)C(NC1=O)CCN)CC2=CC=CC=C2)CC(C)C)CCN)CCN)C(C)O.OS(=O)(=O)O,-4.7
Azatadine Maleate,3978-86-7,CN1CCC(=C2C3=CC=CC=C3CCC4=C2N=CC=C4)CC1.C(=CC(=O)O)C(=O)O.C(=CC(=O)O)C(=O)O,-4.7
Benzyl alcohol,100-51-6,C1=CC=C(C=C1)CO,-4.6
L-Proline,147-85-3,OC(=O)[C@@H]1CCCN1,-4.6
"2-Amino-2-hydroxymethyl-propane-1,3-diol",77-86-1,NC(CO)(CO)CO,-4.6
Dimethyl maleate,624-48-6,COC(=O)C=CC(=O)OC,-4.6
Dimethyl fumarate,624-49-7,COC(=O)C=CC(=O)OC,-4.6
L-Threonine,72-19-5,C[C@@H](O)[C@H](N)C(O)=O,-4.6
Dinoprost tromethamine,38562-01-5,CCCCCC(C=CC1C(CC(C1CC=CCCCC(=O)O)O)O)O.C(C(CO)(CO)N)O,-4.6
Metoprolol succinate,98418-47-4,CC(C)NCC(COC1=CC=C(C=C1)CCOC)O.CC(C)NCC(COC1=CC=C(C=C1)CCOC)O.C(CC(=O)O)C(=O)O,-4.6
Tiopronin,19392,CC(S)C(=O)NCC(O)=O,-4.6
Ketorolac tromethamine,74103-07-4,C1CN2C(=CC=C2C(=O)C3=CC=CC=C3)C1C(=O)O.C(C(CO)(CO)N)O,-4.6
Vigabatrin,68506-86-5,NC(CCC(O)=O)C=C,-4.6
Doxylamine succinate,562-10-7,CC(C1=CC=CC=C1)(C2=CC=CC=N2)OCCN(C)C.C(CC(=O)O)C(=O)O,-4.6
Ethambutol 2HCl,1070-11-7,CCC(CO)NCCNC(CC)CO.Cl.Cl,-4.6
Tropine,135-97-7,CN1C2CCC1CC(O)C2,-4.6
Octanal,124-13-0,CCCCCCCC=O,-4.6
Loxapine succinate salt,27833-64-3,CN1CCN(CC1)C2=NC3=CC=CC=C3OC4=C2C=C(C=C4)Cl.C(CC(=O)O)C(=O)O,-4.6
Dimethyl fumarate,624-49-7,COC(=O)C=CC(=O)OC,-4.6
Sumatriptan succinate,103628-48-4,CNS(=O)(=O)CC1=CC2=C(C=C1)NC=C2CCN(C)C.C(CC(=O)O)C(=O)O,-4.6
Solifenacin succinate,242478-38-2,C1CN2CCC1C(C2)OC(=O)N3CCC4=CC=CC=C4C3C5=CC=CC=C5.C(CC(=O)O)C(=O)O,-4.6
Lindane,58-89-9,ClC1C(Cl)C(Cl)C(Cl)C(Cl)C1Cl,-4.5
(-)-Cyclophosphamide,60007-96-7,ClCCN(CCCl)[P]1(=O)NCCCO1,-4.5
Lauryl sulfate,151-41-7,CCCCCCCCCCCCOS(=O)(=O)O,-4.5
Stearic acid,57-11-4,CCCCCCCCCCCCCCCCCC(=O)O,-4.5
4-Aminopyridine,504-24-5,Nc1ccncc1,-4.5
Foscarnet,4428-95-9,O.[Na+].[Na+].[Na+].[O-]C(=O)[P]([O-])([O-])=O,-4.5
Valine,72-18-4,CC(C)[C@H](N)C(O)=O,-4.5
Serine,56-45-1,N[C@@H](CO)C(O)=O,-4.5
L-Ornithine hydrochloride,3184-13-2,C(CC(C(=O)O)N)CN.Cl,-4.5
Iodinated glycerol,5634-39-9,CC(C1OCC(O1)CO)I,-4.5
Selenomethionine,1464-42-2,C[Se]CC[C@H](N)C(O)=O,-4.5
L(-)-Carnitine,541-15-1,C[N+](C)(C)CC(CC(=O)[O-])O,-4.5
DL-Xylose,25990-60-7,OCC(O)C(O)C(O)C=O,-4.5
Didecyldimethylammonium,20256-56-8,CCCCCCCCCC[N+](C)(C)CCCCCCCCCC,-4.4
Cycloserine,68-41-7,NC1CONC1=O,-4.4
2-(Dodecyloxy)ethanol,4536-30-5,CCCCCCCCCCCCOCCO,-4.4
Dextiopronin,29335-92-0,C[C@@H](S)C(=O)NCC(O)=O,-4.4
Fosfomycin,23155-02-4,C[C@@H]1O[C@@H]1[P](O)(O)=O,-4.4
Aspartic acid,56-84-8,C(C(C(=O)O)N)C(=O)O,-4.4
Aminolevulinic acid,106-60-5,C(CC(=O)O)C(=O)CN,-4.4
L-Penicillamine,1113-41-3,CC(C)(S)[C@H](N)C(O)=O,-4.4
Colfosceril palmitate,63-89-8,CCCCCCCCCCCCCCCC(=O)OCC(COP(=O)([O-])OCC[N+](C)(C)C)OC(=O)CCCCCCCCCCCCCCC,-4.4
DL-Methionine,59-51-8,CSCCC(N)C(O)=O,-4.4
Fumaric acid,110-17-8,C(=CC(=O)O)C(=O)O,-4.4
Solifenacin succinate,242478-38-2,C1CN2CCC1C(C2)OC(=O)N3CCC4=CC=CC=C4C3C5=CC=CC=C5.C(CC(=O)O)C(=O)O,-4.4
Chlorpheniramine maleate,113-92-8,CN(C)CCC(C1=CC=C(C=C1)Cl)C2=CC=CC=N2.C(=CC(=O)O)C(=O)O,-4.4
Aliskiren hemifumarate,173334-58-2,CC(C)C(CC1=CC(=C(C=C1)OC)OCCCOC)CC(C(CC(C(C)C)C(=O)NCC(C)(C)C(=O)N)O)N.CC(C)C(CC1=CC(=C(C=C1)OC)OCCCOC)CC(C(CC(C(C)C)C(=O)NCC(C)(C)C(=O)N)O)N.C(=CC(=O)O)C(=O)O,-4.4
Tremorine,51-73-0,C1CCN(C1)CC#CCN2CCCC2,-4.4
Bisoprolol fumarate,105878-43-1,CC(C)NCC(COC1=CC=C(C=C1)COCCOC(C)C)O.C(=CC(=O)O)C(=O)O,-4.4
Azatadine maleate,3978-86-7,CN1CCC(=C2C3=CC=CC=C3CCC4=C2N=CC=C4)CC1.C(=CC(=O)O)C(=O)O.C(=CC(=O)O)C(=O)O,-4.4
Ketotifen fumarate,34580-14-8,CN1CCC(=C2C3=C(C(=O)CC4=CC=CC=C42)SC=C3)CC1.C(=CC(=O)O)C(=O)O,-4.4
L-Ornithine-L-aspartate,3230-94-2,NCCC[C@H](N)C(O)=O.N[C@@H](CC(O)=O)C(O)=O,-4.4
Timolol maleate,26921-17-5,CC(C)(C)NCC(COC1=NSN=C1N2CCOCC2)O.C(=CC(=O)O)C(=O)O,-4.4
Formoterol hemifumarate,43229-80-7,CC(CC1=CC=C(C=C1)OC)NCC(C2=CC(=C(C=C2)O)NC=O)O.CC(CC1=CC=C(C=C1)OC)NCC(C2=CC(=C(C=C2)O)NC=O)O.C(=CC(=O)O)C(=O)O,-4.4
Enalapril maleate,76095-16-4,CCOC(=O)C(CCC1=CC=CC=C1)NC(C)C(=O)N2CCCC2C(=O)O.C(=CC(=O)O)C(=O)O,-4.4
Zebeta,104344-23-2,CC(C)NCC(O)COc1ccc(COCCOC(C)C)cc1.CC(C)NCC(O)COc2ccc(COCCOC(C)C)cc2.OC(=O)\C=C\C(O)=O,-4.4
Quetiapine fumarate,111974-72-2,C1CN(CCN1CCOCCO)C2=NC3=CC=CC=C3SC4=CC=CC=C42.C1CN(CCN1CCOCCO)C2=NC3=CC=CC=C3SC4=CC=CC=C42.C(=CC(=O)O)C(=O)O,-4.4
Colestid,37296-80-3,NCCNCCNCCNCCN.ClCC1CO1,-4.4
Levomepromazine maleate,7104-38-3,CC(CN1C2=CC=CC=C2SC3=C1C=C(C=C3)OC)CN(C)C.C(=CC(=O)O)C(=O)O,-4.4
Pyrilamine maleate,59-33-6,CN(C)CCN(CC1=CC=C(C=C1)OC)C2=CC=CC=N2.C(=CC(=O)O)C(=O)O,-4.4
Quetiapine Fumarate,111974-72-2,C1CN(CCN1CCOCCO)C2=NC3=CC=CC=C3SC4=CC=CC=C42.C1CN(CCN1CCOCCO)C2=NC3=CC=CC=C3SC4=CC=CC=C42.C(=CC(=O)O)C(=O)O,-4.4
Amifostine,20537-88-6,NCCCNCCS[P](O)(O)=O,-4.4
Carbinoxamine Maleate Salt,3505-38-2,CN(C)CCOC(C1=CC=C(C=C1)Cl)C2=CC=CC=N2.C(=CC(=O)O)C(=O)O,-4.4
Asenapine Maleate,85650-56-2,CN1CC2C(C1)C3=C(C=CC(=C3)Cl)OC4=CC=CC=C24.C(=CC(=O)O)C(=O)O,-4.4
ALA hydrochloride,1297222,C(CC(C(=O)NCCC(=O)O)N)CN=C(N)N.Cl,-4.4
Pentamidine isethionate,140-64-7,C1=CC(=CC=C1C(=N)N)OCCCCCOC2=CC=C(C=C2)C(=N)N.C(CS(=O)(=O)O)O.C(CS(=O)(=O)O)O,-4.4
D-Cycloserine,68-41-7,NC1CONC1=O,-4.4
Tegaserod maleate,189188-57-6,CCCCCN=C(N)NN=CC1=CNC2=C1C=C(C=C2)OC.C(=CC(=O)O)C(=O)O,-4.4
Pyrilamine maleate,59-33-6,CN(C)CCN(CC1=CC=C(C=C1)OC)C2=CC=CC=N2.C(=CC(=O)O)C(=O)O,-4.4
Fluvoxamine maleate,61718-82-9,COCCCCC(=NOCCN)C1=CC=C(C=C1)C(F)(F)F.C(=CC(=O)O)C(=O)O,-4.4
Timolol Maleate,26921-17-5,CC(C)(C)NCC(COC1=NSN=C1N2CCOCC2)O.C(=CC(=O)O)C(=O)O,-4.4
Prochlorperazine Maleate,84-02-6,CN1CCN(CC1)CCCN2C3=CC=CC=C3SC4=C2C=C(C=C4)Cl.C(=CC(=O)O)C(=O)O.C(=CC(=O)O)C(=O)O,-4.4
Pheniramine maleate,132-20-7,CN(C)CCC(C1=CC=CC=C1)C2=CC=CC=N2.C(=CC(=O)O)C(=O)O,-4.4
Brompheniramine hydrogen maleate,980-71-2,CN(C)CCC(C1=CC=C(C=C1)Br)C2=CC=CC=N2.C(=CC(=O)O)C(=O)O,-4.4
Chloroquine diphosphate,50-63-5,CCN(CC)CCCC(C)NC1=C2C=CC(=CC2=NC=C1)Cl.OP(=O)(O)O.OP(=O)(O)O,-4.4
Hydroxyurea,127-07-1,NC(=O)NO,-4.3
(R)-Bethanechol,-,CC(C[N+](C)(C)C)OC(=O)N,-4.3
(S)-Bethanechol,-,CC(C[N+](C)(C)C)OC(=O)N,-4.3
L-Threonic acid,7306-96-9,C(C(C(C(=O)O)O)O)O,-4.3
(3-Carboxy-2-(R)-hydroxy-propyl)-trimethyl-ammonium,461-06-3,C[N+](C)(C)C[C@H](O)CC(O)=O,-4.3
Acetylcysteine,616-91-1,CC(=O)N[C@@H](CS)C(O)=O,-4.3
Aminocaproic acid,60-32-2,C(CCC(=O)O)CCN,-4.3
Methionine,63-68-3,CSCC[C@H](N)C(O)=O,-4.3
Penicillamine,52-67-5,CC(C)(S)[C@H](N)C(O)=O,-4.3
Methylergonovine maleate,57432-61-8,CCC(CO)NC(=O)C1CN(C2CC3=CNC4=CC=CC(=C34)C2=C1)C.C(=CC(=O)O)C(=O)O,-4.3
Fluvoxamine maleate,54739-20-7,COCCCCC(=NOCCN)C1=CC=C(C=C1)C(F)(F)F.C(=CC(=O)O)C(=O)O,-4.3
1-Hexadecanol,36311-34-9,CCCCCCCCCCCCCCCCO,-4.3
Indacaterol maleate,753498-25-8,CCC1=C(C=C2CC(CC2=C1)NCC(C3=C4C=CC(=O)NC4=C(C=C3)O)O)CC.C(=CC(=O)O)C(=O)O,-4.3
Dexchlorpheniramine maleate,2438-32-6,CN(C)CCC(C1=CC=C(C=C1)Cl)C2=CC=CC=N2.C(=CC(=O)O)C(=O)O,-4.3
Pirisudanol dimaleate,53659-00-0,CC1=NC=C(C(=C1O)CO)COC(=O)CCC(=O)OCCN(C)C.C(=CC(=O)O)C(=O)O.C(=CC(=O)O)C(=O)O,-4.3
Trimebutine maleate,34140-59-5,CCC(COC(=O)C1=CC(=C(C(=C1)OC)OC)OC)(C2=CC=CC=C2)N(C)C.C(=CC(=O)O)C(=O)O,-4.3
Ergonovine maleate,129-51-1,CC(CO)NC(=O)C1CN(C2CC3=CNC4=CC=CC(=C34)C2=C1)C.C(=CC(=O)O)C(=O)O,-4.3
Thiotepa,52-24-4,S=[P](N1CC1)(N2CC2)N3CC3,-4.3
Brompheniramine maleate,980-71-2,CN(C)CCC(C1=CC=C(C=C1)Br)C2=CC=CC=N2.C(=CC(=O)O)C(=O)O,-4.3
Ribociclib succinate,1374639-75-4,CN(C)C(=O)C1=CC2=CN=C(N=C2N1C3CCCC3)NC4=NC=C(C=C4)N5CCNCC5.C(CC(=O)O)C(=O)O,-4.3
Afatinib dimaleate,850140-73-7,CN(C)CC=CC(=O)NC1=C(C=C2C(=C1)C(=NC=N2)NC3=CC(=C(C=C3)F)Cl)OC4CCOC4.C(=CC(=O)O)C(=O)O.C(=CC(=O)O)C(=O)O,-4.3
Dimethindene maleate,3614-69-5,CC(C1=CC=CC=N1)C2=C(CC3=CC=CC=C32)CCN(C)C.C(=CC(=O)O)C(=O)O,-4.3
Carbinoxamine maleate,3505-38-2,CN(C)CCOC(C1=CC=C(C=C1)Cl)C2=CC=CC=N2.C(=CC(=O)O)C(=O)O,-4.3
Clemastine fumarate,14976-57-9,CC(C1=CC=CC=C1)(C2=CC=C(C=C2)Cl)OCCC3CCCN3C.C(=CC(=O)O)C(=O)O,-4.3
Naloxegol oxalate,1354744-91-4,COCCOCCOCCOCCOCCOCCOCCOC1CCC2(C3CC4=C5C2(C1OC5=C(C=C4)O)CCN3CC=C)O.C(=O)(C(=O)O)O,-4.3
Afatinib (BIBW2992) Dimaleate,850140-73-7,CN(C)CC=CC(=O)NC1=C(C=C2C(=C1)C(=NC=N2)NC3=CC(=C(C=C3)F)Cl)OC4CCOC4.C(=CC(=O)O)C(=O)O.C(=CC(=O)O)C(=O)O,-4.3
Chlorpheniramine maleate,113-92-8,CN(C)CCC(C1=CC=C(C=C1)Cl)C2=CC=CC=N2.C(=CC(=O)O)C(=O)O,-4.3
Fesoterodine fumarate,286930-03-8,CC(C)C(=O)OC1=C(C=C(C=C1)CO)C(CCN(C(C)C)C(C)C)C2=CC=CC=C2.C(=CC(=O)O)C(=O)O,-4.3
Indacaterol maleate,753498-25-8,CCC1=C(C=C2CC(CC2=C1)NCC(C3=C4C=CC(=O)NC4=C(C=C3)O)O)CC.C(=CC(=O)O)C(=O)O,-4.3
Trimipramine maleate,521-78-8,CC(CN1C2=CC=CC=C2CCC3=CC=CC=C31)CN(C)C.C(=CC(=O)O)C(=O)O,-4.3
Artamine,52-67-5,CC(C)(S)[C@@H](N)C(O)=O,-4.3
Acetylcysteine,616-91-1,CC(=O)N[C@@H](CS)C(O)=O,-4.3
Clemastine fumarate,14976-57-9,CC(C1=CC=CC=C1)(C2=CC=C(C=C2)Cl)OCCC3CCCN3C.C(=CC(=O)O)C(=O)O,-4.3
Polidocanol,3055-99-0,CCCCCCCCCCCCOCCOCCOCCOCCOCCOCCOCCOCCOCCO,-4.2
Sulfur hexafluoride,2551-62-4,FS(F)(F)(F)(F)F,-4.2
L-Alanine,56-41-7,C[C@H](N)C(O)=O,-4.2
Tetraethylenepentamine,112-57-2,NCCNCCNCCNCCN,-4.1
"(2R)-2-(Acetyloxy)-N,N,N-trimethyl-1-propanaminium",18314-34-6,C[C@H](C[N+](C)(C)C)OC(C)=O,-4.1
"(2S)-2-(Acetyloxy)-N,N,N-trimethyl-1-propanaminium",-,C[C@@H](C[N+](C)(C)C)OC(C)=O,-4.1
Acetylcholine,51-84-3,CC(=O)OCC[N+](C)(C)C,-4.1
"(2R,3R)-2,3-Dimercaptosuccinic acid",10008-75-0,C1=CC(=C(C=C1C(C(C(=O)O)N)O)O)O,-4.1
Succimer,304-55-2,OC(=O)C(S)C(S)C(O)=O,-4.1
"(2S,3S)-2,3-Dimercaptobutanedioic acid",27887-84-9,C(C(C(=O)O)S)(C(=O)O)S,-4.1
Glycerol,56-81-5,OCC(O)CO,-4.1
Cysteine,52-90-4,N[C@@H](CS)C(O)=O,-4.1
Biperiden lactate,7085-45-2,CC(C(=O)O)O.C1CCN(CC1)CCC(C2CC3CC2C=C3)(C4=CC=CC=C4)O,-4.1
L-Cysteine hydrochloride,52-89-1,C(C(C(=O)O)N)S.Cl,-4.1
Lactic acid,50-21-5,CC(C(=O)O)O,-4.1
Ciprofloxacin lactate,96186-80-0,CC(C(=O)O)O.C1CC1N2C=C(C(=O)C3=CC(=C(C=C32)N4CCNCC4)F)C(=O)O,-4.1
Histamine dihydrochloride,56-92-8,C1=C(NC=N1)CCN.Cl.Cl,-4.1
Potassium permanganate,7722-64-7,[O-][Mn](=O)(=O)=O.[K+],-4.1
Anestan,151-67-7,FC(F)(F)C(Cl)Br,-4.1
Disulfiram,97-77-8,CCN(CC)C(=S)SSC(=S)N(CC)CC,-4
Carbastat,462-58-8,C[N+](C)(C)CCOC(=O)N,-4
Triethanolamine,102-71-6,OCCN(CCO)CCO,-4
Histamine,51-45-6,NCCc1c[nH]cn1,-4
Fomepizole,7554-65-6,Cc1c[nH]nc1,-4
D-Lactic acid,10326-41-7,CC(C(=O)O)O,-4
L-Lactic acid,79-33-4,CC(C(=O)O)O,-4
Sitagliptin phosphate,654671-78-0,C1CN2C(=NN=C2C(F)(F)F)CN1C(=O)CC(CC3=CC(=C(C=C3F)F)F)N.OP(=O)(O)O,-4
Clopidogrel bisulfate,120202-66-6,COC(=O)C(C1=CC=CC=C1Cl)N2CCC3=C(C2)C=CS3.OS(=O)(=O)O,-4
Antazoline phosphate,154-68-7,C1CN=C(N1)CN(CC2=CC=CC=C2)C3=CC=CC=C3.OP(=O)(O)O,-4
Neomycin sulfate,28002-70-2,C1C(C(C(C(C1N)OC2C(C(C(C(O2)CN)O)O)N)OC3C(C(C(O3)CO)OC4C(C(C(C(O4)CN)O)O)N)O)O)N.OS(=O)(=O)O,-4
Sulfiram,95-05-6,CCN(CC)C(=S)SC(=S)N(CC)CC,-4
Polymyxin B sulfate,1405-20-5,CCC(C)CCCCC(=O)NC(CCN)C(=O)NC(C(C)O)C(=O)NC(CCN)C(=O)NC1CCNC(=O)C(NC(=O)C(NC(=O)C(NC(=O)C(NC(=O)C(NC(=O)C(NC1=O)CCN)CC2=CC=CC=C2)CC(C)C)CCN)CCN)C(C)O.OS(=O)(=O)O,-4
Quinidine sulphate,50-54-4,COC1=CC2=C(C=CN=C2C=C1)C(C3CC4CCN3CC4C=C)O.COC1=CC2=C(C=CN=C2C=C1)C(C3CC4CCN3CC4C=C)O.OS(=O)(=O)O,-4
Vincristine sulfate,2068-78-2,CCC1(CC2CC(C3=C(CCN(C2)C1)C4=CC=CC=C4N3)(C5=C(C=C6C(=C5)C78CCN9C7C(C=CC9)(C(C(C8N6C=O)(C(=O)OC)O)OC(=O)C)CC)OC)C(=O)OC)O.OS(=O)(=O)O,-4
Nulev,620-61-1,CN1C2CCC1C[C@H](C2)OC(=O)[C@H](CO)c3ccccc3.CN4C5CCC4C[C@H](C5)OC(=O)[C@H](CO)c6ccccc6.O[S](O)(=O)=O,-4
Albuterol sulfate,51022-70-9,CC(C)(C)NCC(C1=CC(=C(C=C1)O)CO)O.CC(C)(C)NCC(C1=CC(=C(C=C1)O)CO)O.OS(=O)(=O)O,-4
Atropine sulphate,55-48-1,CN1C2CCC1CC(C2)OC(=O)C(CO)C3=CC=CC=C3.CN1C2CCC1CC(C2)OC(=O)C(CO)C3=CC=CC=C3.OS(=O)(=O)O,-4
Benproperine phosphate,3563-76-,CC(COC1=CC=CC=C1CC2=CC=CC=C2)N3CCCCC3.OP(=O)(O)O,-4
Amikacin sulfate,39831-55-5,C1C(C(C(C(C1NC(=O)C(CCN)O)OC2C(C(C(C(O2)CO)O)N)O)O)OC3C(C(C(C(O3)CN)O)O)O)N.OS(=O)(=O)O.OS(=O)(=O)O,-4
Pseudoephedrine sulfate,7460-12-0,CC(C(C1=CC=CC=C1)O)NC.CC(C(C1=CC=CC=C1)O)NC.OS(=O)(=O)O,-4
Sparteine sulfate pentahydrate,299-39-8,C1CCN2CC3CC(C2C1)CN4C3CCCC4.O.O.O.O.O.OS(=O)(=O)O,-4
Bamethan sulfate,5716-20-1,CCCCNCC(C1=CC=C(C=C1)O)O.CCCCNCC(C1=CC=C(C=C1)O)O.OS(=O)(=O)O,-4
Ephedrine sulfate,134-72-5,CC(C(C1=CC=CC=C1)O)NC.CC(C(C1=CC=CC=C1)O)NC.OS(=O)(=O)O,-4
Nintedanib esylate,656247-18-6,CCS(=O)(=O)O.CN1CCN(CC1)CC(=O)N(C)C2=CC=C(C=C2)N=C(C3=CC=CC=C3)C4=C(NC5=C4C=CC(=C5)C(=O)OC)O,-4
Amantadine Sulfate,31377-23-8,C1C2CC3CC1CC(C2)(C3)N.C1C2CC3CC1CC(C2)(C3)N.OS(=O)(=O)O,-4
Chlorobutanol,57-15-8,CCCC(O)Cl,-4
Isepacin,393574-17-9,CN[C@@H]1[C@@H](O)[C@H](OC[C@]1(C)O)O[C@@H]2[C@@H](O)[C@H](O[C@H]3O[C@H](CN)[C@@H](O)[C@H](O)[C@H]3O)[C@@H](N)C[C@H]2NC(=O)[C@@H](O)CN.O[S](O)(=O)=O,-4
Vincaleukoblastine sulfate,143-67-9,CCC1(CC2CC(C3=C(CCN(C2)C1)C4=CC=CC=C4N3)(C5=C(C=C6C(=C5)C78CCN9C7C(C=CC9)(C(C(C8N6C)(C(=O)OC)O)OC(=O)C)CC)OC)C(=O)OC)O.OS(=O)(=O)O,-4
Extramycin,53179-09-2,CN[C@@H]1[C@@H](O)[C@H](OC[C@]1(C)O)O[C@H]2[C@H](N)C[C@H](N)[C@@H](O[C@H]3OC(=CC[C@H]3N)CN)[C@@H]2O.O[S](O)(=O)=O,-4
Metaproterenol sulfate,5874-97-5,CC(C)NCC(C1=CC(=CC(=C1)O)O)O.CC(C)NCC(C1=CC(=CC(=C1)O)O)O.OS(=O)(=O)O,-4
Terbutaline sulfate,23031-32-5,CC(C)(C)NCC(C1=CC(=CC(=C1)O)O)O.CC(C)(C)NCC(C1=CC(=CC(=C1)O)O)O.OS(=O)(=O)O,-4
Hydroxychloroquine sulfate,747-36-4,CCN(CCCC(C)NC1=C2C=CC(=CC2=NC=C1)Cl)CCO.OS(=O)(=O)O,-4
Amikacin Sulfate Salt,149022-22-0,C1C(C(C(C(C1NC(=O)C(CCN)O)OC2C(C(C(C(O2)CO)O)N)O)O)OC3C(C(C(C(O3)CN)O)O)O)N.OS(=O)(=O)O,-4
Succimer,304-55-2,OC(=O)C(S)C(S)C(O)=O,-4
Vinblastine sulfate,143-67-9,CCC1(CC2CC(C3=C(CCN(C2)C1)C4=CC=CC=C4N3)(C5=C(C=C6C(=C5)C78CCN9C7C(C=CC9)(C(C(C8N6C)(C(=O)OC)O)OC(=O)C)CC)OC)C(=O)OC)O.OS(=O)(=O)O,-4
Oseltamivir phosphate,204255-11-8,CCC(CC)OC1C=C(CC(C1NC(=O)C)N)C(=O)OCC.OP(=O)(O)O,-4
Capastat sulfate,1405-37-4,C1CN=C(NC1C2C(=O)NCC(C(=O)NC(C(=O)NC(C(=O)NC(=CNC(=O)N)C(=O)N2)CNC(=O)C(CCCN)N)CO)N)N.OS(=O)(=O)O,-4
Netilmicin sulfate,56391-57-2,CCNC1CC(C(C(C1OC2C(C(C(CO2)(C)O)NC)O)O)OC3C(CC=C(O3)CN)N)N.CCNC1CC(C(C(C1OC2C(C(C(CO2)(C)O)NC)O)O)OC3C(CC=C(O3)CN)N)N.OS(=O)(=O)O.OS(=O)(=O)O.OS(=O)(=O)O.OS(=O)(=O)O.OS(=O)(=O)O,-4
Neomycin sulfate,1405-10-3,C1C(C(C(C(C1N)OC2C(C(C(C(O2)CN)O)O)N)OC3C(C(C(O3)CO)OC4C(C(C(C(O4)CN)O)O)N)O)O)N.OS(=O)(=O)O,-4
Kanamycin sulfate,25389-94-0,C1C(C(C(C(C1N)OC2C(C(C(C(O2)CN)O)O)O)O)OC3C(C(C(C(O3)CO)O)N)O)N.OS(=O)(=O)O,-4
Atropine sulfate,55-48-1,CN1C2CCC1CC(C2)OC(=O)C(CO)C3=CC=CC=C3.CN1C2CCC1CC(C2)OC(=O)C(CO)C3=CC=CC=C3.OS(=O)(=O)O,-4
Clopidogrel,113665-84-2,COC(=O)[C@@H](N1CCc2sccc2C1)c3ccccc3Cl,-4
Streptomycin sulfate,3810-74-0,CC1C(C(C(O1)OC2C(C(C(C(C2O)O)N=C(N)N)O)N=C(N)N)OC3C(C(C(C(O3)CO)O)O)NC)(C=O)O.CC1C(C(C(O1)OC2C(C(C(C(C2O)O)N=C(N)N)O)N=C(N)N)OC3C(C(C(C(O3)CO)O)O)NC)(C=O)O.OS(=O)(=O)O.OS(=O)(=O)O.OS(=O)(=O)O,-4
Docosanol,661-19-8,CCCCCCCCCCCCCCCCCCCCCCO,-3.9
Acetohydroxamic acid,546-88-3,CC(=O)NO,-3.9
Taurine,107-35-7,NCC[S](O)(=O)=O,-3.9
Codeine phosphate,52-28-8,CN1CCC23C4C1CC5=C2C(=C(C=C5)OC)OC3C(C=C4)O.OP(=O)(O)O,-3.9
Dimemorfan phosphate,36304-84-4,CC1=CC2=C(CC3C4C2(CCCC4)CCN3C)C=C1.OP(=O)(O)O,-3.9
Guanethidine monosulfate,645-43-2,C1CCCN(CCC1)CCN=C(N)N.OS(=O)(=O)O,-3.9
Trientine hydrochloride,38260-01-4,C(CNCCNCCN)N.Cl.Cl,-3.9
Hexoprenaline sulfate,30117-45-4,C1=CC(=C(C=C1C(CNCCCCCCNCC(C2=CC(=C(C=C2)O)O)O)O)O)O.OS(=O)(=O)O,-3.9
Sulfuric acid,7664-93-9,OS(=O)(=O)O,-3.9
Vincristine sulfate,2068-78-2,CCC1(CC2CC(C3=C(CCN(C2)C1)C4=CC=CC=C4N3)(C5=C(C=C6C(=C5)C78CCN9C7C(C=CC9)(C(C(C8N6C=O)(C(=O)OC)O)OC(=O)C)CC)OC)C(=O)OC)O.OS(=O)(=O)O,-3.9
Paromomycin Sulfate,1263-89-4,C1C(C(C(C(C1N)OC2C(C(C(C(O2)CO)O)O)N)OC3C(C(C(O3)CO)OC4C(C(C(C(O4)CN)O)O)N)O)O)N.OS(=O)(=O)O,-3.9
Primaquine diphosphate,63-45-6,CC(CCCN)NC1=C2C(=CC(=C1)OC)C=CC=N2.OP(=O)(O)O.OP(=O)(O)O,-3.9
Diphemanil mesylate,62-97-5,C[N+]1(CCC(=C(C2=CC=CC=C2)C3=CC=CC=C3)CC1)C.COS(=O)(=O)[O-],-3.9
Atazanavir sulfate,229975-97-7,CC(C)(C)C(C(=O)NC(CC1=CC=CC=C1)C(CN(CC2=CC=C(C=C2)C3=CC=CC=N3)NC(=O)C(C(C)(C)C)NC(=O)OC)O)NC(=O)OC.OS(=O)(=O)O,-3.9
Methenamine,100-97-0,C1N2CN3CN1CN(C2)C3,-3.8
Pyruvic acid,127-17-3,CC(=O)C(=O)O,-3.8
2-Methoxyisobutylisonitrile,109434-22-2,COC(C)(C)C[N+]#[C-],-3.8
Propylene glycol,57-55-6,CC(CO)O,-3.8
Acrylic acid,79-10-7,C=CC(=O)O,-3.8
Ethyl nitrite,109-95-5,CCON=O,-3.8
Betaine hydrochloride,590-46-5,C[N+](C)(C)CC(=O)O.[Cl-],-3.8
Triethylenetetramine,112-24-3,NCCNCCNCCN,-3.7
Thiosulfuric acid,13686-28-7,OS(=O)(=S)O,-3.7
"(R)-Propane-1,2-diol",4254-14-2,C[C@@H](O)CO,-3.7
Glycolic acid,79-14-1,C(C(=O)O)O,-3.7
"S-1,2-Propanediol",4254-15-3,C[C@H](O)CO,-3.7
Trimethyl glycine,6640-00-2,C[N+](C)(C)CC(=O)O,-3.7
Glycine,56-40-6,NCC(O)=O,-3.6
Phentolamine mesylate,65-28-1,CC1=CC=C(C=C1)N(CC2=NCCN2)C3=CC(=CC=C3)O.CS(=O)(=O)O,-3.6
Sodium monofluorophosphate,7631-97-2,[O-]P(=O)([O-])F.[Na+].[Na+],-3.6
Saquinavir mesylate,149845-06-7,CC(C)(C)NC(=O)C1CC2CCCCC2CN1CC(C(CC3=CC=CC=C3)NC(=O)C(CC(=O)N)NC(=O)C4=NC5=CC=CC=C5C=C4)O.CS(=O)(=O)O,-3.6
Benztropine mesylate,132-17-2,CN1C2CCC1CC(C2)OC(C3=CC=CC=C3)C4=CC=CC=C4.CS(=O)(=O)O,-3.6
n-Methylscopolamine methylsulfate,18067-13-5,C[N+]1(C2CC(CC1C3C2O3)OC(=O)C(CO)C4=CC=CC=C4)C.COS(=O)(=O)[O-],-3.6
Dabigatran etexilate mesilate,872728-81-9,CCCCCCOC(=O)NC(=N)C1=CC=C(C=C1)NCC2=NC3=C(N2C)C=CC(=C3)C(=O)N(CCC(=O)OCC)C4=CC=CC=N4.CS(=O)(=O)O,-3.6
Eribulin mesylate,441045-17-6,CC1CC2CCC3C(=C)CC(O3)CCC45CC6C(O4)C7C(O6)C(O5)C8C(O7)CCC(O8)CC(=O)CC9C(CC(C1=C)O2)OC(C9OC)CC(CN)O.CS(=O)(=O)O,-3.6
Pergolide mesylate,66104-23-2,CCCN1CC(CC2C1CC3=CNC4=CC=CC2=C34)CSC.CS(=O)(=O)O,-3.6
Lenvatinib mesylate,857890-39-2,COC1=CC2=NC=CC(=C2C=C1C(=O)N)OC3=CC(=C(C=C3)NC(=O)NC4CC4)Cl.CS(=O)(=O)O,-3.6
Betahistine mesilate,54856-23-4,CNCCC1=CC=CC=N1.CS(=O)(=O)O.CS(=O)(=O)O,-3.6
Inosine pranobex,36703-88-5,CC(CN(C)C)O.CC(CN(C)C)O.CC(CN(C)C)O.CC(=O)NC1=CC=C(C=C1)C(=O)O.CC(=O)NC1=CC=C(C=C1)C(=O)O.CC(=O)NC1=CC=C(C=C1)C(=O)O.C1=NC2=C(C(=O)N1)N=CN2C3C(C(C(O3)CO)O)O,-3.6
Gabexate mesylate,56974-61-9,CCOC(=O)C1=CC=C(C=C1)OC(=O)CCCCCN=C(N)N.CS(=O)(=O)O,-3.6
Prochlorperazine mesilate,51888-09-6,CN1CCN(CC1)CCCN2C3=CC=CC=C3SC4=C2C=C(C=C4)Cl.CS(=O)(=O)O.CS(=O)(=O)O,-3.6
Hydrogenated Ergot Alkaloids,-,CCC(C)C1C(=O)N2CCCC2C3(N1C(=O)C(O3)(C(C)C)NC(=O)C4CC5C(CC6=CNC7=CC=CC5=C67)N(C4)C)O.CC(C)CC1C(=O)N2CCCC2C3(N1C(=O)C(O3)(C(C)C)NC(=O)C4CC5C(CC6=CNC7=CC=CC5=C67)N(C4)C)O.CC(C)C1C(=O)N2CCCC2C3(N1C(=O)C(O3)(C(C)C)NC(=O)C4CC5C(CC6=CNC7=CC=CC5=C67)N(C4)C)O.CC(C)C1(C(=O)N2C(C(=O)N3CCCC3C2(O1)O)CC4=CC=CC=C4)NC(=O)C5CC6C(CC7=CNC8=CC=CC6=C78)N(C5)C.CS(=O)(=O)O.CS(=O)(=O)O.CS(=O)(=O)O.CS(=O)(=O)O,-3.6
Eprosartan mesylate,144143-96-4,CCCCC1=NC=C(N1CC2=CC=C(C=C2)C(=O)O)C=C(CC3=CC=CS3)C(=O)O.CS(=O)(=O)O,-3.6
Neostigmine methylsulfate,51-60-5,CN(C)C(=O)OC1=CC=CC(=C1)[N+](C)(C)C.COS(=O)(=O)[O-],-3.6
Imatinib mesylate,220127-57-1,CC1=C(C=C(C=C1)NC(=O)C2=CC=C(C=C2)CN3CCN(CC3)C)NC4=NC=CC(=N4)C5=CN=CC=C5.CS(=O)(=O)O,-3.6
Pridinol methanesulfonate,6856-31-1,CS(=O)(=O)O.C1CCN(CC1)CCC(C2=CC=CC=C2)(C3=CC=CC=C3)O,-3.6
Deferoxamine mesylate,138-14-7,CC(=O)N(CCCCCNC(=O)CCC(=O)N(CCCCCNC(=O)CCC(=O)N(CCCCCN)O)O)O.CS(=O)(=O)O,-3.6
Nelfinavir Mesylate,159989-65-8,CC1=C(C=CC=C1O)C(=O)NC(CSC2=CC=CC=C2)C(CN3CC4CCCCC4CC3C(=O)NC(C)(C)C)O.CS(=O)(=O)O,-3.6
Lomitapide Mesylate,202914-84-9,CS(=O)(=O)O.C1CN(CCC1NC(=O)C2=CC=CC=C2C3=CC=C(C=C3)C(F)(F)F)CCCCC4(C5=CC=CC=C5C6=CC=CC=C64)C(=O)NCC(F)(F)F,-3.6
Eprosartan Mesylate,144143-96-4,CCCCC1=NC=C(N1CC2=CC=C(C=C2)C(=O)O)C=C(CC3=CC=CS3)C(=O)O.CS(=O)(=O)O,-3.6
Mechlorethamine hydrochloride,55-86-7,CN(CCCl)CCCl.Cl,-3.6
Dihydroergotamine Mesylate,6190-39-2,CC1(C(=O)N2C(C(=O)N3CCCC3C2(O1)O)CC4=CC=CC=C4)NC(=O)C5CC6C(CC7=CNC8=CC=CC6=C78)N(C5)C.CS(=O)(=O)O,-3.6
Aminoguanidine hydrochloride,1937-19-5,C(=NN)(N)N.Cl,-3.6
Estropipate,7280-37-7,C[C@]12CC[C@H]3[C@@H](CCc4cc(O[S](O)(=O)=O)ccc34)[C@@H]1CCC2=O.C5CNCCN5,-3.6
Doxazosin mesylate,77883-43-3,COC1=C(C=C2C(=C1)C(=NC(=N2)N3CCN(CC3)C(=O)C4COC5=CC=CC=C5O4)N)OC.CS(=O)(=O)O,-3.6
Mechlorethamine,51-75-2,CN(CCCl)CCCl,-3.5
Magnesium sulfate,7487-88-9,[O-]S(=O)(=O)[O-].[Mg+2],-3.5
Manganese dioxide,1313-13-9,O=[Mn]=O,-3.5
Diethanolamine,111-42-2,OCCNCCO,-3.5
Perindopril erbumine,107133-36-8,CCCC(C(=O)OCC)NC(C)C(=O)N1C2CCCCC2CC1C(=O)O.CC(C)(C)N,-3.4
Lithium sulfate,10377-48-7,[Li+].[Li+].[O-]S(=O)(=O)[O-],-3.4
Aluminum phosphate,7784-30-7,[O-]P(=O)([O-])[O-].[Al+3],-3.4
Berberine sulphate,316-41-6,COC1=C(C2=C[N+]3=C(C=C2C=C1)C4=CC5=C(C=C4CC3)OCO5)OC.COC1=C(C2=C[N+]3=C(C=C2C=C1)C4=CC5=C(C=C4CC3)OCO5)OC.[O-]S(=O)(=O)[O-],-3.4
Perindopril erbumine,107133-36-8,CCCC(C(=O)OCC)NC(C)C(=O)N1C2CCCCC2CC1C(=O)O.CC(C)(C)N,-3.4
Carbonic acid,463-79-6,C(=O)(O)O,-3.3
Choline,62-49-7,C[N+](C)(C)CCO,-3.3
Methimazole,60-56-0,CN1C=CNC1=S,-3.3
Sulconazole nitrate,61318-91-0,C1=CC(=CC=C1CSC(CN2C=CN=C2)C3=C(C=C(C=C3)Cl)Cl)Cl.[N+](=O)(O)[O-],-3.3
Choline salicylate,2016-36-6,C[N+](C)(C)CCO.C1=CC=C(C(=C1)C(=O)O)[O-],-3.3
Econazole nitrate,24169-02-6,C1=CC(=CC=C1COC(CN2C=CN=C2)C3=C(C=C(C=C3)Cl)Cl)Cl.[N+](=O)(O)[O-],-3.3
Fenticonazole nitrate,73151-29-8,C1=CC=C(C=C1)SC2=CC=C(C=C2)COC(CN3C=CN=C3)C4=C(C=C(C=C4)Cl)Cl.[N+](=O)(O)[O-],-3.3
Sodium sulfate,7757-82-6,[O-]S(=O)(=O)[O-].[Na+].[Na+],-3.3
Sertaconazole nitrate,99592-39-9,C1=CC2=C(C(=C1)Cl)SC=C2COC(CN3C=CN=C3)C4=C(C=C(C=C4)Cl)Cl.[N+](=O)(O)[O-],-3.3
Naphazoline nitrate,5144-52-5,C1CN=C(N1)CC2=CC=CC3=CC=CC=C32.[N+](=O)(O)[O-],-3.3
Isoconazole nitrate,24168-96-5,C1=CC(=C(C(=C1)Cl)COC(CN2C=CN=C2)C3=C(C=C(C=C3)Cl)Cl)Cl.[N+](=O)(O)[O-],-3.3
Butoconazole nitrate,64872-77-1,C1=CC(=C(C(=C1)Cl)SC(CCC2=CC=C(C=C2)Cl)CN3C=CN=C3)Cl.[N+](=O)(O)[O-],-3.3
Miconazole nitrate,22832-87-7,C1=CC(=C(C=C1Cl)Cl)COC(CN2C=CN=C2)C3=C(C=C(C=C3)Cl)Cl.[N+](=O)(O)[O-],-3.3
Oxtriphylline,4499-40-5,CN1C(=O)N(C)c2[n-]cnc2C1=O.C[N+](C)(C)CCO,-3.3
Phosphate,14265-44-2,[O-][P]([O-])([O-])=O,-3.3
Choline orotate,24381-49-5,C[N+](C)(C)CCO.C1=C(NC(=O)NC1=O)C(=O)[O-],-3.3
Guanidine hydrochloride,50-01-1,C(=N)(N)N.Cl,-3.3
Guanidine,113-00-8,NC(N)=N,-3.2
Gonadorelin acetate,34973-08-5,CC(C)CC(C(=O)NC(CCCN=C(N)N)C(=O)N1CCCC1C(=O)NCC(=O)N)NC(=O)CNC(=O)C(CC2=CC=C(C=C2)O)NC(=O)C(CO)NC(=O)C(CC3=CNC4=CC=CC=C43)NC(=O)C(CC5=CN=CN5)NC(=O)C6CCC(=O)N6.CC(=O)O,-3.2
"1,2-Ethanediol",107-21-1,OCCO,-3.2
Glatiramer acetate,147245-92-9,CC(C(=O)O)N.CC(=O)O.C1=CC(=CC=C1CC(C(=O)O)N)O.C(CCN)CC(C(=O)O)N.C(CC(=O)O)C(C(=O)O)N,-3.2
L-Lysine acetate,52315-76-1,CC(=O)O.C(CCN)CC(C(=O)O)N,-3.2
Triptorelin acetate,140194-24-7,CC(C)CC(C(=O)NC(CCCN=C(N)N)C(=O)N1CCCC1C(=O)NCC(=O)N)NC(=O)C(CC2=CNC3=CC=CC=C32)NC(=O)C(CC4=CC=C(C=C4)O)NC(=O)C(CO)NC(=O)C(CC5=CNC6=CC=CC=C65)NC(=O)C(CC7=CN=CN7)NC(=O)C8CCC(=O)N8.CC(=O)O,-3.2
Flecainide acetate,54143-56-5,CC(=O)O.C1CCNC(C1)CNC(=O)C2=C(C=CC(=C2)OCC(F)(F)F)OCC(F)(F)F,-3.2
Sodium thiosulfate,7772-98-7,[O-]S(=O)(=S)[O-].[Na+].[Na+],-3.2
Acetic acid,64-19-7,CC(=O)O,-3.2
Chlorhexidine diacetate,56-95-1,CC(=O)O.CC(=O)O.C1=CC(=CC=C1NC(=NC(=NCCCCCCN=C(N)N=C(N)NC2=CC=C(C=C2)Cl)N)N)Cl,-3.2
Leuprolide acetate,74381-53-6,CCNC(=O)C1CCCN1C(=O)C(CCCN=C(N)N)NC(=O)C(CC(C)C)NC(=O)C(CC(C)C)NC(=O)C(CC2=CC=C(C=C2)O)NC(=O)C(CO)NC(=O)C(CC3=CNC4=CC=CC=C43)NC(=O)C(CC5=CN=CN5)NC(=O)C6CCC(=O)N6.CC(=O)O,-3.2
Mafenide acetate,13009-99-9,CC(=O)O.C1=CC(=CC=C1CN)S(=O)(=O)N,-3.2
Tryptase,2594141,CC(O)=O.Cc1cc(NC(=O)[C@H](CCCN=C(N)N)NC(=O)[C@H](CO)NC(=O)[C@H](Cc2ccccc2)NC(=O)OC(C)(C)C)cc3OC(=O)C=Cc13,-3.2
Stimate,62288-83-9,O.O.O.CC(O)=O.NC(=O)CCC1NC(=O)C(Cc2ccccc2)NC(=O)C(Cc3ccc(O)cc3)NC(=O)CCSSCC(NC(=O)C(CC(N)=O)NC1=O)C(=O)N4CCCC4C(=O)NC(CCCN=C(N)N)C(=O)NCC(N)=O,-3.2
2-Methoxyethanol,109-86-4,COCCO,-3.2
Urea,57-13-6,NC(N)=O,-3.1
"(2R)-2,3-Bis(sulfanyl)propan-1-ol",16495-08-2,OC[C@@H](S)CS,-3
"(2S)-2,3-Disulfanylpropan-1-ol",16495-16-2,OC[C@H](S)CS,-3
(R)-(-)-Epichlorohydrin,51594-55-9,ClCC1CO1,-3
(S)-Epichlorohydrin,67843-74-7,ClC[C@@H]1CO1,-3
Isopropyl alcohol,67-63-0,CC(C)O,-3
Ciclopirox olamine,41621-49-2,CC1=CC(=O)N(C(=C1)C2CCCCC2)O.C(CO)N,-3
Diethylamine salicylate,4419-92-5,CCNCC.C1=CC=C(C(=C1)C(=O)O)O,-3
Etamsylate,2624-44-4,CCNCC.Oc1ccc(O)c(c1)[S](O)(=O)=O,-2.9
Aminophylline,317-34-0,CN1C(=O)N(C)c2nc[nH]c2C1=O.CN3C(=O)N(C)c4nc[nH]c4C3=O.NCCN,-2.6
Cysteamine,60-23-1,NCCS,-2.3
Cysteamine bitartrate,27761-19-9,C(CS)N.C(C(C(=O)O)O)(C(=O)O)O,-2.3
Trisilicate,-,O[Si](=O)O[Si](O)(O)O[Si](=O)O,0
Pyrosilicic acid,-,O[Si](O)(O)O[Si](O)(O)O,0
Orthosilicic acid,10193-36-9,O[Si](O)(O)O,0
Boric acid,10043-35-3,B(O)(O)O,0
Bortezomib,179324-69-7,CC(C)C[C@@H](NC(=O)[C@@H](Cc1ccccc1)NC(=O)c2cnccn2)B(O)O,0
Crisaborole,906673-24-3,B1(C2=C(CO1)C=C(C=C2)OC3=CC=C(C=C3)C#N)O,0
Ixazomib,1072833-77-2,B(C(CC(C)C)NC(=O)CNC(=O)C1=C(C=CC(=C1)Cl)Cl)(O)O,0
Tavaborole,174671-46-6,B1(C2=C(CO1)C=C(C=C2)F)O,0
Vaborbactam,1360457-46-0,B1(C(CCC(O1)CC(=O)O)NC(=O)CC2=CC=CS2)O,0
Exenatide,141758-74-9,CCC(C)C(C(=O)NC(CCC(=O)O)C(=O)NC(CC1=CNC2=CC=CC=C21)C(=O)NC(CC(C)C)C(=O)NC(CCCCN)C(=O)NC(CC(=O)N)C(=O)NCC(=O)NCC(=O)N3CCCC3C(=O)NC(CO)C(=O)NC(CO)C(=O)NCC(=O)NC(C)C(=O)N4CCCC4C(=O)N5CCCC5C(=O)N6CCCC6C(=O)NC(CO)C(=O)N)NC(=O)C(CC7=CC=CC=C7)NC(=O)C(CC(C)C)NC(=O)C(CCCNC(=N)N)NC(=O)C(C(C)C)NC(=O)C(C)NC(=O)C(CCC(=O)O)NC(=O)C(CCC(=O)O)NC(=O)C(CCC(=O)O)NC(=O)C(CCSC)NC(=O)C(CCC(=O)N)NC(=O)C(CCCCN)NC(=O)C(CO)NC(=O)C(CC(C)C)NC(=O)C(CC(=O)O)NC(=O)C(CO)NC(=O)C(C(C)O)NC(=O)C(CC8=CC=CC=C8)NC(=O)C(C(C)O)NC(=O)CNC(=O)C(CCC(=O)O)NC(=O)CNC(=O)C(CC9=CNC=N9)N,0
Insulin detemir,169148-63-4,CCCCCCCCCCCCCC(=O)NCCCCC(C(=O)O)NC(=O)C1CCCN1C(=O)C(C(C)O)NC(=O)C(CC2=CC=C(C=C2)O)NC(=O)C(CC3=CC=CC=C3)NC(=O)C(CC4=CC=CC=C4)NC(=O)CNC(=O)C(CCCNC(=N)N)NC(=O)C(CCC(=O)O)NC(=O)CNC(=O)C5CSSCC(NC(=O)C(NC(=O)C(NC(=O)C(NC(=O)C(NC(=O)C(NC(=O)C(NC(=O)C(NC(=O)C(NC(=O)C6CSSCC(C(=O)NC(CSSCC(C(=O)NCC(=O)NC(C(=O)NC(C(=O)NC(C(=O)NC(C(=O)NC(C(=O)NC(C(=O)NC(C(=O)NC(C(=O)NC(C(=O)NC(C(=O)N5)C(C)C)CC(C)C)CC7=CC=C(C=C7)O)CC(C)C)C)CCC(=O)O)C(C)C)CC(C)C)CC8=CNC=N8)CO)NC(=O)C(CC(C)C)NC(=O)C(CC9=CNC=N9)NC(=O)C(CCC(=O)N)NC(=O)C(CC(=O)N)NC(=O)C(C(C)C)NC(=O)C(CC1=CC=CC=C1)N)C(=O)NC(C(=O)NC(C(=O)NC(C(=O)N6)C(C)CC)CO)C(C)O)NC(=O)C(CCC(=O)N)NC(=O)C(CCC(=O)O)NC(=O)C(C(C)C)NC(=O)C(C(C)CC)NC(=O)CN)CO)CC(C)C)CC1=CC=C(C=C1)O)CCC(=O)N)CC(C)C)CCC(=O)O)CC(=O)N)CC1=CC=C(C=C1)O)C(=O)NC(CC(=O)N)C(=O)O,0
Insulin degludec,844439-96-9,CCC(C)C1C(=O)NC2CSSCC(C(=O)NC(CSSCC(C(=O)NCC(=O)NC(C(=O)NC(C(=O)NC(C(=O)NC(C(=O)NC(C(=O)NC(C(=O)NC(C(=O)NC(C(=O)NC(C(=O)NC(C(=O)NC(CSSCC(NC(=O)C(NC(=O)C(NC(=O)C(NC(=O)C(NC(=O)C(NC(=O)C(NC(=O)C(NC(=O)C(NC2=O)CO)CC(C)C)CC3=CC=C(C=C3)O)CCC(=O)N)CC(C)C)CCC(=O)O)CC(=O)N)CC4=CC=C(C=C4)O)C(=O)NC(CC(=O)N)C(=O)O)C(=O)NCC(=O)NC(CCC(=O)O)C(=O)NC(CCCNC(=N)N)C(=O)NCC(=O)NC(CC5=CC=CC=C5)C(=O)NC(CC6=CC=CC=C6)C(=O)NC(CC7=CC=C(C=C7)O)C(=O)NC(C(C)O)C(=O)N8CCCC8C(=O)NC(CCCCNC(=O)CCC(C(=O)O)NC(=O)CCCCCCCCCCCCCCC(=O)O)C(=O)O)C(C)C)CC(C)C)CC9=CC=C(C=C9)O)CC(C)C)C)CCC(=O)O)C(C)C)CC(C)C)CC2=CNC=N2)CO)NC(=O)C(CC(C)C)NC(=O)C(CC2=CNC=N2)NC(=O)C(CCC(=O)N)NC(=O)C(CC(=O)N)NC(=O)C(C(C)C)NC(=O)C(CC2=CC=CC=C2)N)C(=O)NC(C(=O)NC(C(=O)N1)CO)C(C)O)NC(=O)C(CCC(=O)N)NC(=O)C(CCC(=O)O)NC(=O)C(C(C)C)NC(=O)C(C(C)CC)NC(=O)CN,0
Lixisenatide,320367-13-,CCC(C)C(C(=O)NC(CCC(=O)O)C(=O)NC(CC1=CNC2=CC=CC=C21)C(=O)NC(CC(C)C)C(=O)NC(CCCCN)C(=O)NC(CC(=O)N)C(=O)NCC(=O)NCC(=O)N3CCCC3C(=O)NC(CO)C(=O)NC(CO)C(=O)NCC(=O)NC(C)C(=O)N4CCCC4C(=O)N5CCCC5C(=O)NC(CO)C(=O)NC(CCCCN)C(=O)NC(CCCCN)C(=O)NC(CCCCN)C(=O)NC(CCCCN)C(=O)NC(CCCCN)C(=O)NC(CCCCN)C(=O)N)NC(=O)C(CC6=CC=CC=C6)NC(=O)C(CC(C)C)NC(=O)C(CCCNC(=N)N)NC(=O)C(C(C)C)NC(=O)C(C)NC(=O)C(CCC(=O)O)NC(=O)C(CCC(=O)O)NC(=O)C(CCC(=O)O)NC(=O)C(CCSC)NC(=O)C(CCC(=O)N)NC(=O)C(CCCCN)NC(=O)C(CO)NC(=O)C(CC(C)C)NC(=O)C(CC(=O)O)NC(=O)C(CO)NC(=O)C(C(C)O)NC(=O)C(CC7=CC=CC=C7)NC(=O)C(C(C)O)NC(=O)CNC(=O)C(CCC(=O)O)NC(=O)CNC(=O)C(CC8=CNC=N8)N,0
Insulin glargine,160337-95-1,CCC(C)C1C(=O)NC2CSSCC(C(=O)NC(CSSCC(C(=O)NCC(=O)NC(C(=O)NC(C(=O)NC(C(=O)NC(C(=O)NC(C(=O)NC(C(=O)NC(C(=O)NC(C(=O)NC(C(=O)NC(C(=O)NC(CSSCC(NC(=O)C(NC(=O)C(NC(=O)C(NC(=O)C(NC(=O)C(NC(=O)C(NC(=O)C(NC(=O)C(NC2=O)CO)CC(C)C)CC3=CC=C(C=C3)O)CCC(=O)N)CC(C)C)CCC(=O)O)CC(=O)N)CC4=CC=C(C=C4)O)C(=O)NCC(=O)O)C(=O)NCC(=O)NC(CCC(=O)O)C(=O)NC(CCCNC(=N)N)C(=O)NCC(=O)NC(CC5=CC=CC=C5)C(=O)NC(CC6=CC=CC=C6)C(=O)NC(CC7=CC=C(C=C7)O)C(=O)NC(C(C)O)C(=O)N8CCCC8C(=O)NC(CCCCN)C(=O)NC(C(C)O)C(=O)NC(CCCNC(=N)N)C(=O)NC(CCCNC(=N)N)C(=O)O)C(C)C)CC(C)C)CC9=CC=C(C=C9)O)CC(C)C)C)CCC(=O)O)C(C)C)CC(C)C)CC2=CNC=N2)CO)NC(=O)C(CC(C)C)NC(=O)C(CC2=CNC=N2)NC(=O)C(CCC(=O)N)NC(=O)C(CC(=O)N)NC(=O)C(C(C)C)NC(=O)C(CC2=CC=CC=C2)N)C(=O)NC(C(=O)NC(C(=O)N1)CO)C(C)O)NC(=O)C(CCC(=O)N)NC(=O)C(CCC(=O)O)NC(=O)C(C(C)C)NC(=O)C(C(C)CC)NC(=O)CN,0
Liraglutide,204656-20-2,CCCCCCCCCCCCCCCC(=O)NC(CCC(=O)NCCCCC(C(=O)NC(CCC(=O)O)C(=O)NC(CC1=CC=CC=C1)C(=O)NC(C(C)CC)C(=O)NC(C)C(=O)NC(CC2=CNC3=CC=CC=C32)C(=O)NC(CC(C)C)C(=O)NC(C(C)C)C(=O)NC(CCCNC(=N)N)C(=O)NCC(=O)NC(CCCNC(=N)N)C(=O)NCC(=O)O)NC(=O)C(C)NC(=O)C(C)NC(=O)C(CCC(=O)N)NC(=O)CNC(=O)C(CCC(=O)O)NC(=O)C(CC(C)C)NC(=O)C(CC4=CC=C(C=C4)O)NC(=O)C(CO)NC(=O)C(CO)NC(=O)C(C(C)C)NC(=O)C(CC(=O)O)NC(=O)C(CO)NC(=O)C(C(C)O)NC(=O)C(CC5=CC=CC=C5)NC(=O)C(C(C)O)NC(=O)CNC(=O)C(CCC(=O)O)NC(=O)C(C)NC(=O)C(CC6=CN=CN6)N)C(=O)O,0
Silicon,7440-21-3,[SiH4],0
Ixazomib citrate,1239908-20-3,B1(OC(=O)C(O1)(CC(=O)O)CC(=O)O)C(CC(C)C)NC(=O)CNC(=O)C2=C(C=CC(=C2)Cl)Cl,0
Molybdate,14259-85-9,[O-][Mo]([O-])(=O)=O,0
Aprotinin,9087-70-1,CCC(C)C1C(=O)NC(C(=O)NC(C(=O)NC(C(=O)NC(C(=O)NC(C(=O)NC(C(=O)NC(C(=O)NC(C(=O)NC(C(=O)NCC(=O)NC(C(=O)NC2CSSCC3C(=O)NC(C(=O)NC(C(=O)NC(C(=O)NC(CSSCC(C(=O)NC(C(=O)NC(C(=O)N4CCCC4C(=O)N5CCCC5C(=O)NC(C(=O)NC(C(=O)NCC(=O)N6CCCC6C(=O)NC(CSSCC(C(=O)NC(C(=O)NC(C(=O)NC(C(=O)NC(C(=O)NC(C(=O)NC(C(=O)NC(C(=O)NC(C(=O)NC(C(=O)NC(C(=O)NC(C(=O)NC(C(=O)N3)CC(=O)O)CCC(=O)O)C)CO)CCCCN)CC7=CC=CC=C7)CC(=O)N)CC(=O)N)CCCNC(=N)N)CCCCN)C)CCCNC(=N)N)NC(=O)CNC(=O)CNC(=O)C(NC(=O)C(NC(=O)C(NC(=O)C(NC(=O)C(NC2=O)CCC(=O)N)C(C)O)CC8=CC=CC=C8)C(C)C)CC9=CC=C(C=C9)O)C(=O)NC(C(=O)NC(C(=O)NC(C(=O)N1)CCCNC(=N)N)C)CCCCN)C(C)O)CC1=CC=C(C=C1)O)CCC(=O)O)CC(C)C)NC(=O)C(CC1=CC=CC=C1)NC(=O)C(CC(=O)O)NC(=O)C1CCCN1C(=O)C(CCCNC(=N)N)N)C(=O)NCC(=O)NCC(=O)NC(C)C(=O)O)C(C)O)CCCNC(=N)N)CCSC)CC(C)C)C)CCCCN)C)CC(=O)N)CC1=CC=C(C=C1)O)CC1=CC=CC=C1)CC1=CC=C(C=C1)O)CCCNC(=N)N)C(C)CC,0
Carbarsone,121-59-5,NC(=O)Nc1ccc(cc1)[As](O)(O)=O,0
Calcitonin salmon,-,CC(C)CC1C(=O)NC(C(=O)NC(C(=O)NC(CSSCC(C(=O)NC(C(=O)NC(C(=O)N1)CC(=O)N)CO)N)C(=O)NC(C(C)C)C(=O)NC(CC(C)C)C(=O)NCC(=O)NC(CCCCN)C(=O)NC(CC(C)C)C(=O)NC(CO)C(=O)NC(CCC(=O)N)C(=O)NC(CCC(=O)O)C(=O)NC(CC(C)C)C(=O)NC(CC2=CNC=N2)C(=O)NC(CCCCN)C(=O)NC(CC(C)C)C(=O)NC(CCC(=O)N)C(=O)NC(C(C)O)C(=O)NC(CC3=CC=C(C=C3)O)C(=O)N4CCCC4C(=O)NC(CCCNC(=N)N)C(=O)NC(C(C)O)C(=O)NC(CC(=O)N)C(=O)NC(C(C)O)C(=O)NCC(=O)NC(CO)C(=O)NCC(=O)NC(C(C)O)C(=O)N5CCCC5C(=O)N)C(C)O)CO,0
Silicon dioxide,7631-86-9,O=[Si]=O,0
Epidermal growth factor,62229-50-9,CCC(C)C(C(=O)NC(CCC(=O)O)C(=O)NC(CO)C(=O)NC(CC(C)C)C(=O)NC(CC(=O)O)C(=O)NC(CO)C(=O)NC(CC1=CC=C(C=C1)O)C(=O)NC(C(C)O)C(=O)NC(CS)C(=O)NC(CC(=O)N)C(=O)NC(CS)C(=O)NC(C(C)C)C(=O)NC(C(C)CC)C(=O)NCC(=O)NC(CC2=CC=C(C=C2)O)C(=O)NC(CO)C(=O)NCC(=O)NC(CC(=O)O)C(=O)NC(CCCNC(=N)N)C(=O)NC(CS)C(=O)NC(CCC(=O)N)C(=O)NC(C(C)O)C(=O)NC(CCCNC(=N)N)C(=O)NC(CC(=O)O)C(=O)NC(CC(C)C)C(=O)NC(CCCNC(=N)N)C(=O)NC(CC3=CNC4=CC=CC=C43)C(=O)NC(CC5=CNC6=CC=CC=C65)C(=O)NC(CCC(=O)O)C(=O)NC(CC(C)C)C(=O)NC(CCCNC(=N)N)C(=O)O)NC(=O)C(CC7=CN=CN7)NC(=O)C(CCSC)NC(=O)C(CS)NC(=O)C(C(C)C)NC(=O)CNC(=O)CNC(=O)C(CC(=O)N)NC(=O)C(CC(C)C)NC(=O)C(CS)NC(=O)C(CC8=CC=C(C=C8)O)NC(=O)CNC(=O)C(CC(=O)O)NC(=O)C(CC9=CC=C(C=C9)O)NC(=O)C(CO)NC(=O)C(CO)NC(=O)C1CCCN1C(=O)C(CS)NC(=O)CNC(=O)C1CCCN1C(=O)C(CC1=CC=C(C=C1)O)NC(=O)C(CO)NC(=O)C(CC(=O)N)N,0
Forteo,52232-67-4,CCC(C)C(NC(=O)C(CCC(O)=O)NC(=O)C(CO)NC(=O)C(NC(=O)C(N)CO)C(C)C)C(=O)NC(CCC(N)=O)C(=O)NC(CC(C)C)C(=O)NC(CCSC)C(=O)NC(Cc1c[nH]cn1)C(=O)NC(CC(N)=O)C(=O)NC(CC(C)C)C(=O)NCC(=O)NC(CCCCN)C(=O)NC(Cc2c[nH]cn2)C(=O)NC(CC(C)C)C(=O)NC(CC(N)=O)C(=O)NC(CO)C(=O)NC(CCSC)C(=O)NC(CCC(O)=O)C(=O)NC(CCCNC(N)=N)C(=O)NC(C(C)C)C(=O)NC(CCC(O)=O)C(=O)NC(Cc3c[nH]c4ccccc34)C(=O)NC(CC(C)C)C(=O)NC(CCCNC(N)=N)C(=O)NC(CCCCN)C(=O)NC(CCCCN)C(=O)NC(CC(C)C)C(=O)NC(CCC(N)=O)C(=O)NC(CC(O)=O)C(=O)NC(C(C)C)C(=O)NC(Cc5c[nH]cn5)C(=O)NC(CC(N)=O)C(=O)NC(Cc6ccccc6)C(O)=O,0
Bismuth subcarbonate,1458327,C(=O)(O[Bi]=O)O[Bi]=O,0
Octamethyltrisiloxane,107-51-7,C[Si](C)(C)O[Si](C)(C)O[Si](C)(C)C,0
Fortical,2596122,CC(C)CC(NC(=O)C(NC(=O)C1CSSCC(N)C(=O)NC(CO)C(=O)NC(CC(N)=O)C(=O)NC(CC(C)C)C(=O)NC(CO)C(=O)NC(C(C)O)C(=O)N1)C(C)C)C(=O)NCC(=O)NC(CCCCN)C(=O)NC(CC(C)C)C(=O)NC(CO)C(=O)NC(CCC(N)=O)C(=O)NC(CCC(O)=O)C(=O)NC(CC(C)C)C(=O)NC(Cc2[nH]cnc2)C(=O)NC(CCCCN)C(=O)NC(CC(C)C)C(=O)NC(CCC(N)=O)C(=O)NC(C(C)O)C(=O)NC(Cc3ccc(O)cc3)C(=O)N4CCCC4C(=O)NC(CCCNC(N)=N)C(=O)NC(C(C)O)C(=O)NC(CC(N)=O)C(=O)NC(C(C)O)C(=O)NCC(=O)NC(CO)C(=O)NCC(=O)NC(C(C)O)C(=O)N5CCCC5C(N)=O,0
Bortezomib (PS-341),179324-69-7,B(C(CC(C)C)NC(=O)C(CC1=CC=CC=C1)NC(=O)C2=NC=CN=C2)(O)O,0
MLN2238(Ixazomib),1072833-77-2,B(C(CC(C)C)NC(=O)CNC(=O)C1=C(C=CC(=C1)Cl)Cl)(O)O,0
Cisplatin,15663-27-1,N.N.[Cl-].[Cl-].[Pt++],0
Potassium iodide,7681-11-0,[K+].[I-],0
Arsenic oxide (3),1327-53-3,O[As](O)O,0
